 GROUP;NAME;L(AVERAGE);U(AVERAGE);V(AVERAGE);L(MEDIAN);U(MEDIAN);V(MEDIAN);L(DEVIATION);U(DEVIATION);V(DEVIATION);L(VARIANCE);U(VARIANCE);V(VARIANCE); 
 H&E;H&E-MEMBRANOUS    GLOMERULUS  (100).jpg;61.79905;-1.84629;34.01605;59.14961;9.67929;34.92420;13.42714;70.86980;41.41582;180.28821;5022.52850;1715.27049 
 H&E;H&E-MEMBRANOUS    GLOMERULUS  (101).jpg;68.94693;5.88212;76.19582;66.33306;18.94099;76.37955;11.82669;82.38788;38.54387;139.87052;6787.76222;1485.63008 
 H&E;H&E-MEMBRANOUS    GLOMERULUS  (102).jpg;62.19458;-5.88651;66.14799;59.12745;9.29368;66.88515;16.60842;84.61166;39.73338;275.83953;7159.13275;1578.74168 
 H&E;H&E-MEMBRANOUS    GLOMERULUS  (103).jpg;64.39016;15.20692;72.26215;60.46546;30.62759;73.85974;15.73261;79.03765;38.78959;247.51492;6246.95064;1504.63220 
 H&E;H&E-MEMBRANOUS    GLOMERULUS  (104).jpg;67.47275;19.05657;38.52275;65.42823;35.19131;39.88802;11.61791;79.87834;41.52723;134.97586;6380.54954;1724.51114 
 H&E;H&E-MEMBRANOUS    GLOMERULUS  (105).jpg;71.01120;68.49460;56.82951;68.43865;84.46173;57.09507;11.79980;65.60711;41.58889;139.23534;4304.29325;1729.63552 
 H&E;H&E-MEMBRANOUS    GLOMERULUS  (106).jpg;74.65891;0.43466;53.95070;72.70253;17.39418;56.25711;9.76772;79.00238;43.64541;95.40838;6241.37560;1904.92143 
 H&E;H&E-MEMBRANOUS    GLOMERULUS  (107).jpg;73.38409;23.35600;47.03889;71.10495;40.14854;49.03254;10.66696;81.67591;45.17363;113.78414;6670.95398;2040.65680 
 H&E;H&E-MEMBRANOUS    GLOMERULUS  (108).jpg;74.41784;3.29063;37.84169;72.72123;19.61955;38.62226;10.72736;86.64165;40.03057;115.07615;7506.77504;1602.44632 
 H&E;H&E-MEMBRANOUS    GLOMERULUS  (109).jpg;67.55342;13.04611;46.83492;65.59103;33.07424;47.83703;13.39625;83.16729;37.95593;179.45959;6916.79751;1440.65243 
 H&E;H&E-MEMBRANOUS    GLOMERULUS  (110).jpg;75.67392;-18.39921;57.11517;74.55178;-1.57282;59.95794;11.69148;91.60619;44.14314;136.69060;8391.69356;1948.61721 
 H&E;H&E-MEMBRANOUS    GLOMERULUS  (111).jpg;75.41903;16.51359;70.15442;73.17328;28.12586;70.98898;11.49573;79.69358;42.95175;132.15191;6351.06736;1844.85270 
 H&E;H&E-MEMBRANOUS    GLOMERULUS  (112).jpg;73.28657;40.25156;58.67721;70.45329;52.46644;58.89076;12.25972;77.54472;43.61706;150.30076;6013.18334;1902.44784 
 H&E;H&E-MEMBRANOUS    GLOMERULUS  (113).jpg;69.81135;7.93859;42.99265;67.35950;24.77369;44.26273;12.42979;86.96320;43.22072;154.49963;7562.59818;1868.03048 
 H&E;H&E-MEMBRANOUS    GLOMERULUS  (114).jpg;72.40682;-9.62003;80.06351;70.36202;13.96710;81.11811;12.94907;98.24767;36.23649;167.67852;9652.60463;1313.08287 
 H&E;H&E-MEMBRANOUS    GLOMERULUS  (115).jpg;74.59891;15.12274;49.35231;73.02007;28.62009;49.61540;9.09345;76.92811;37.00918;82.69087;5917.93431;1369.67933 
 H&E;H&E-MEMBRANOUS    GLOMERULUS  (116).jpg;72.08991;17.14430;29.22355;69.27280;38.57509;30.26870;11.79128;81.95488;36.48935;139.03426;6716.60200;1331.47233 
 H&E;H&E-MEMBRANOUS    GLOMERULUS  (117).jpg;56.11125;41.98404;31.64484;51.41374;67.03498;31.10693;17.32176;98.39542;47.08671;300.04347;9681.65781;2217.15834 
 H&E;H&E-MEMBRANOUS    GLOMERULUS  (118).jpg;59.48221;9.43184;64.17438;56.05077;30.93449;67.82669;17.12654;96.37360;45.66530;293.31846;9287.87153;2085.31991 
 H&E;H&E-MEMBRANOUS    GLOMERULUS  (119).jpg;61.83650;9.88582;49.83513;58.46719;35.90236;52.43974;16.79267;98.96596;45.57452;281.99360;9794.26039;2077.03713 
 H&E;H&E-MEMBRANOUS    GLOMERULUS  (120).jpg;70.49609;-26.22278;63.34536;69.03288;-11.45365;68.97738;16.76645;104.84410;49.06100;281.11378;10992.28593;2406.98147 
 H&E;H&E-MEMBRANOUS    GLOMERULUS  (121).jpg;59.87819;22.22357;60.94853;57.47232;37.53303;67.09902;14.23756;81.67289;43.21084;202.70822;6670.46078;1867.17646 
 H&E;H&E-MEMBRANOUS    GLOMERULUS  (122).jpg;60.23487;25.14410;87.81469;56.74251;46.82113;93.08100;15.63700;90.73409;40.65267;244.51572;8232.67438;1652.63926 
 H&E;H&E-MEMBRANOUS    GLOMERULUS  (123).jpg;61.06621;15.40382;51.36818;57.93334;33.97601;54.87862;16.10086;93.11217;43.58871;259.23785;8669.87695;1899.97573 
 H&E;H&E-MEMBRANOUS    GLOMERULUS  (124).jpg;67.64816;26.92556;53.96862;66.11363;42.72919;59.47993;11.80121;75.96571;42.73673;139.26862;5770.78927;1826.42788 
 H&E;H&E-MEMBRANOUS    GLOMERULUS  (125).jpg;71.16862;71.53744;83.14075;69.06525;87.26507;87.73851;10.68595;73.30645;32.48891;114.18944;5373.83542;1055.52912 
 H&E;H&E-MEMBRANOUS    GLOMERULUS  (126).jpg;61.50158;12.52351;31.11903;58.16709;33.69827;35.86912;15.80339;87.85721;44.21306;249.74721;7718.88993;1954.79450 
 H&E;H&E-MEMBRANOUS    GLOMERULUS  (127).jpg;70.28197;7.28691;48.77577;68.35233;20.12426;53.64334;12.35629;84.55252;41.97512;152.67789;7149.12809;1761.91049 
 H&E;H&E-MEMBRANOUS    GLOMERULUS  (128).jpg;70.44041;14.57253;43.17368;67.97575;32.39996;46.16953;12.26021;82.53399;42.53616;150.31287;6811.85995;1809.32499 
 H&E;H&E-MEMBRANOUS    GLOMERULUS  (129).jpg;59.86029;2.07958;64.72121;57.52726;11.07438;71.34060;13.65233;73.90962;40.92086;186.38602;5462.63137;1674.51672 
 H&E;H&E-MEMBRANOUS    GLOMERULUS  (130).jpg;59.53761;8.20634;33.03429;56.86607;22.08744;38.57827;16.04622;82.33249;45.21424;257.48111;6778.63951;2044.32793 
 H&E;H&E-MEMBRANOUS    GLOMERULUS  (131).jpg;59.35651;-9.63282;62.06731;54.68091;0.67339;61.12707;17.01760;86.91974;48.85329;289.59874;7555.04058;2386.64400 
 H&E;H&E-MEMBRANOUS    GLOMERULUS  (132).jpg;62.68088;-38.16407;51.59776;57.76330;-20.77757;49.35904;20.33003;94.44430;60.17743;413.30995;8919.72617;3621.32271 
 H&E;H&E-MEMBRANOUS    GLOMERULUS  (133).jpg;61.32212;17.85858;9.15332;58.05946;33.71061;5.19553;16.72323;91.16904;56.55672;279.66636;8311.79410;3198.66285 
 H&E;H&E-MEMBRANOUS    GLOMERULUS  (134).jpg;61.29476;-3.53176;29.39138;56.65085;15.88686;25.98198;16.00103;90.14073;53.72285;256.03312;8125.35062;2886.14448 
 H&E;H&E-MEMBRANOUS    GLOMERULUS  (135).jpg;61.93961;0.83341;29.18210;58.48645;15.91964;27.65501;14.35909;83.64075;48.41431;206.18360;6995.77589;2343.94560 
 H&E;H&E-MEMBRANOUS    GLOMERULUS  (136).jpg;55.08290;-3.16486;45.01462;50.69219;10.17181;44.55459;15.86468;74.91852;47.58564;251.68795;5612.78427;2264.39279 
 H&E;H&E-MEMBRANOUS    GLOMERULUS  (137).jpg;61.50079;-9.08570;76.01902;58.63111;6.07881;74.78326;21.19454;108.92700;57.91416;449.20853;11865.09089;3354.04950 
 H&E;H&E-MEMBRANOUS    GLOMERULUS  (138).jpg;60.67397;9.68482;32.48046;56.59671;28.30723;33.05364;19.12117;102.22605;53.33928;365.61896;10450.16598;2845.07880 
 H&E;H&E-MEMBRANOUS    GLOMERULUS  (139).jpg;65.25389;-39.74283;35.18184;68.19920;-41.20767;40.53531;21.86680;111.72217;64.47577;478.15682;12481.84357;4157.12480 
 H&E;H&E-MEMBRANOUS    GLOMERULUS  (140).jpg;60.37820;-33.13954;46.59835;56.54594;-20.91028;48.05604;20.90632;95.45184;57.32564;437.07440;9111.05413;3286.22851 
 H&E;H&E-MEMBRANOUS    GLOMERULUS  (141).jpg;57.26499;13.46906;43.16974;52.05472;30.49297;42.10023;17.66207;89.21185;50.58010;311.94887;7958.75408;2558.34654 
 H&E;H&E-MEMBRANOUS    GLOMERULUS  (142).jpg;57.28315;10.86828;27.15398;53.11257;30.32287;23.00735;17.84474;89.89994;53.58534;318.43483;8081.99928;2871.38822 
 H&E;H&E-MEMBRANOUS    GLOMERULUS  (143).jpg;65.45468;-25.03024;36.85060;60.78979;-10.38633;34.04297;17.85778;95.87361;58.45601;318.90031;9191.74823;3417.10565 
 H&E;H&E-MEMBRANOUS    GLOMERULUS  (144).jpg;64.51627;31.72053;40.40370;60.50037;52.96753;36.25678;13.70058;95.31136;46.52611;187.70576;9084.25538;2164.67856 
 H&E;H&E-MEMBRANOUS    GLOMERULUS  (145).jpg;62.71118;-19.85742;65.54179;57.27132;-1.30913;68.87439;20.88973;102.33707;50.99033;436.38102;10472.87665;2600.01378 
 H&E;H&E-MEMBRANOUS    GLOMERULUS  (146).jpg;60.34829;-3.17017;50.38089;55.67377;13.20593;51.83093;16.87429;90.25285;50.14428;284.74151;8145.57668;2514.44883 
 H&E;H&E-MEMBRANOUS    GLOMERULUS  (147).jpg;54.29140;17.88917;37.25051;47.72584;39.84065;38.34315;18.73985;95.85285;57.84174;351.18188;9187.76831;3345.66633 
 H&E;H&E-MEMBRANOUS    GLOMERULUS  (148).jpg;60.97208;-1.27554;57.91834;54.14860;20.41198;63.55278;22.10394;106.83253;54.28510;488.58438;11413.18875;2946.87247 
 H&E;H&E-MEMBRANOUS    GLOMERULUS  (149).jpg;67.10193;29.02531;54.57456;64.34031;41.50697;59.19091;13.59697;87.14673;45.09973;184.87767;7594.55302;2033.98609 
 H&E;H&E-MEMBRANOUS    GLOMERULUS  (150).jpg;60.90889;-14.03443;56.59090;54.09002;9.74147;62.40598;21.88227;101.39647;54.66888;478.83382;10281.24484;2988.68692 
 H&E;H&E-MEMBRANOUS    GLOMERULUS  (151).jpg;61.62966;19.69598;51.29832;58.19964;38.29735;58.41602;15.31750;89.15529;51.71469;234.62569;7948.66566;2674.40867 
 H&E;H&E-MEMBRANOUS    GLOMERULUS  (152).jpg;62.39779;23.88586;63.91468;58.37766;43.16785;69.98414;15.89865;89.20182;47.22159;252.76712;7956.96532;2229.87813 
 H&E;H&E-MEMBRANOUS    GLOMERULUS  (153).jpg;60.35147;33.01496;72.69423;57.62126;47.24815;77.99836;13.95540;77.54783;42.50436;194.75319;6013.66660;1806.62041 
 H&E;H&E-MEMBRANOUS    GLOMERULUS  (154).jpg;58.92408;41.16523;71.94219;56.09282;62.42322;78.48037;15.10514;83.10961;44.11804;228.16528;6907.20742;1946.40178 
 H&E;H&E-MEMBRANOUS    GLOMERULUS  (155).jpg;60.42191;30.20816;68.41864;56.10182;49.11791;76.64560;16.60603;94.37914;48.73051;275.76028;8907.42263;2374.66260 
 H&E;H&E-MEMBRANOUS    GLOMERULUS  (156).jpg;56.10554;43.73215;63.97879;53.03369;67.03402;69.20080;14.50913;78.32934;41.59499;210.51471;6135.48551;1730.14314 
 H&E;H&E-MEMBRANOUS    GLOMERULUS  (157).jpg;61.22029;5.14857;81.89028;57.28184;23.73898;86.71408;16.43102;95.93629;47.17223;269.97848;9203.77113;2225.21931 
 H&E;H&E-MEMBRANOUS    GLOMERULUS  (158).jpg;63.71465;-8.94699;67.94955;61.17346;7.76069;71.13814;17.57344;101.04261;54.21067;308.82565;10209.60927;2938.79720 
 H&E;H&E-MEMBRANOUS    GLOMERULUS  (159).jpg;65.11352;-13.55154;63.04417;62.98461;0.80755;73.68129;18.34191;108.67336;47.64692;336.42555;11809.89983;2270.22874 
 H&E;H&E-MEMBRANOUS    GLOMERULUS  (160).jpg;62.17645;3.71893;65.25920;58.71367;24.18393;72.82418;18.20163;101.54898;55.40877;331.29928;10312.19526;3070.13231 
 H&E;H&E-MEMBRANOUS    GLOMERULUS  (161).jpg;58.97215;5.63386;25.55041;55.25836;26.17189;28.63164;18.16655;102.19738;52.99696;330.02355;10444.30547;2808.67825 
 H&E;H&E-MEMBRANOUS    GLOMERULUS  (162).jpg;64.50711;-7.73544;62.88692;61.35666;8.67182;67.54622;18.37378;102.17220;62.39767;337.59561;10439.15840;3893.46977 
 H&E;H&E-MEMBRANOUS    GLOMERULUS  (163).jpg;64.69629;-17.13879;43.76601;62.30048;-3.47236;47.29248;19.34653;108.32391;59.10344;374.28827;11734.06952;3493.21604 
 H&E;H&E-MEMBRANOUS    GLOMERULUS  (164).jpg;60.15367;20.46999;65.56651;55.95096;40.77490;74.41612;16.88192;88.84201;48.75406;284.99934;7892.90242;2376.95788 
 H&E;H&E-MEMBRANOUS    GLOMERULUS  (165).jpg;56.89712;26.57595;65.92584;53.97587;43.44841;71.85285;15.13940;85.05305;42.23960;229.20143;7234.02139;1784.18360 
 H&E;H&E-MEMBRANOUS    GLOMERULUS  (166).jpg;60.12142;-9.40946;60.19439;55.43400;11.54231;65.37839;19.31161;95.21830;54.75329;372.93827;9066.52547;2997.92230 
 H&E;H&E-MEMBRANOUS    GLOMERULUS  (167).jpg;59.00328;35.65037;43.70488;54.68727;57.53577;53.41824;17.08621;87.77723;46.73448;291.93841;7704.84235;2184.11167 
 H&E;H&E-MEMBRANOUS    GLOMERULUS  (168).jpg;61.49351;28.36209;53.67280;58.10963;40.87231;64.49794;16.68296;82.30091;48.78608;278.32106;6773.44056;2380.08131 
 H&E;H&E-MEMBRANOUS    GLOMERULUS  (21).jpg;55.04321;21.31533;45.33590;52.95905;33.99785;54.98375;16.96903;87.59933;56.55987;287.94793;7673.64233;3199.01837 
 H&E;H&E-MEMBRANOUS    GLOMERULUS  (22).jpg;61.49445;-3.84690;14.83424;60.65603;8.41176;19.32017;19.31274;97.70864;52.30558;372.98184;9546.97760;2735.87381 
 H&E;H&E-MEMBRANOUS    GLOMERULUS  (23).jpg;65.22481;-28.40679;57.57695;64.09404;-15.69302;62.46620;19.03919;102.11907;53.68559;362.49065;10428.30469;2882.14207 
 H&E;H&E-MEMBRANOUS    GLOMERULUS  (24).jpg;55.84082;24.64744;81.42243;52.95694;38.20432;84.29847;19.43722;98.23920;51.03760;377.80538;9650.94033;2604.83681 
 H&E;H&E-MEMBRANOUS    GLOMERULUS  (25).jpg;57.25901;15.76317;99.33122;51.21133;54.21188;106.13775;22.06310;128.63801;56.12735;486.78054;16547.73705;3150.27975 
 H&E;H&E-MEMBRANOUS    GLOMERULUS  (26).jpg;58.29974;15.16613;49.22527;56.60311;30.58839;51.82265;16.42049;72.87869;52.13160;269.63251;5311.30277;2717.70343 
 H&E;H&E-MEMBRANOUS    GLOMERULUS  (27).jpg;57.79218;2.99394;41.74995;55.26560;11.26588;38.35624;18.51865;74.05680;58.01202;342.94022;5484.41018;3365.39441 
 H&E;H&E-MEMBRANOUS    GLOMERULUS  (28).jpg;59.23191;8.41625;42.92947;57.20220;17.98894;46.22702;17.39307;74.53811;57.60348;302.51903;5555.93057;3318.16066 
 H&E;H&E-MEMBRANOUS    GLOMERULUS  (29).jpg;56.69508;33.82088;27.37600;55.67453;41.45905;31.28992;15.92651;72.74301;52.43179;253.65376;5291.54514;2749.09215 
 H&E;H&E-MEMBRANOUS    GLOMERULUS  (30).jpg;63.69062;-11.91961;42.53421;62.68578;-4.05503;44.82558;19.15400;73.97127;69.30721;366.87553;5471.74831;4803.49002 
 H&E;H&E-MEMBRANOUS    GLOMERULUS  (31).jpg;64.19390;-29.68926;36.85058;60.65142;-13.84230;28.76315;18.82627;97.75838;59.57674;354.42854;9556.70075;3549.38766 
 H&E;H&E-MEMBRANOUS    GLOMERULUS  (32).jpg;63.40595;-18.95780;72.23124;58.46742;11.38077;77.89118;18.67650;112.89808;50.78303;348.81152;12745.97719;2578.91650 
 H&E;H&E-MEMBRANOUS    GLOMERULUS  (33).jpg;57.54187;18.56788;67.73319;53.65081;40.36984;67.11448;17.06599;100.99460;45.06105;291.24807;10199.90841;2030.49857 
 H&E;H&E-MEMBRANOUS    GLOMERULUS  (34).jpg;55.63158;67.41820;73.68518;55.84110;96.81650;88.80242;14.76910;85.19157;60.08531;218.12619;7257.60392;3610.24455 
 H&E;H&E-MEMBRANOUS    GLOMERULUS  (35).jpg;59.61251;32.16999;46.52611;60.26738;51.07834;61.15870;16.19934;80.92605;63.91438;262.41867;6549.02601;4085.04750 
 H&E;H&E-MEMBRANOUS    GLOMERULUS  (36).jpg;53.56395;88.68654;43.06456;52.75823;101.90124;52.15568;14.59214;72.60784;47.84887;212.93067;5271.89820;2289.51393 
 H&E;H&E-MEMBRANOUS    GLOMERULUS  (37).jpg;46.78390;19.15475;48.19355;41.18691;38.54030;42.64543;22.48784;87.96759;58.56013;505.70305;7738.29700;3429.28840 
 H&E;H&E-MEMBRANOUS    GLOMERULUS  (38).jpg;49.06052;28.67406;26.64407;42.71574;48.69952;15.35257;23.72186;89.09358;60.38835;562.72650;7937.66623;3646.75298 
 H&E;H&E-MEMBRANOUS    GLOMERULUS  (39).jpg;46.50281;6.46905;37.31305;42.45359;20.19620;36.63955;21.48795;78.75077;53.33025;461.73215;6201.68337;2844.11506 
 H&E;H&E-MEMBRANOUS    GLOMERULUS  (40).jpg;45.31640;42.79025;10.80735;38.58657;58.04912;7.53645;22.67293;79.11291;59.32460;514.06159;6258.85219;3519.40815 
 H&E;H&E-MEMBRANOUS    GLOMERULUS  (41).jpg;48.61550;64.06518;29.89174;46.85118;78.89354;35.60579;14.44244;74.90240;47.56105;208.58393;5610.36938;2262.05305 
 H&E;H&E-MEMBRANOUS    GLOMERULUS  (42).jpg;51.54412;46.59029;68.48865;47.12154;57.59273;67.33306;17.65705;79.27967;47.54845;311.77151;6285.26621;2260.85537 
 H&E;H&E-MEMBRANOUS    GLOMERULUS  (43).jpg;55.35205;16.14081;29.48218;51.09143;31.79192;26.50241;19.08569;88.39389;73.43928;364.26358;7813.47976;5393.32789 
 H&E;H&E-MEMBRANOUS    GLOMERULUS  (44).jpg;58.75536;17.42849;32.44400;52.69659;28.39901;26.30138;21.51230;91.23431;79.52698;462.77905;8323.70019;6324.54033 
 H&E;H&E-MEMBRANOUS    GLOMERULUS  (45).jpg;46.76709;59.77685;22.36228;44.61351;87.24897;30.71419;16.61806;88.20316;63.67184;276.15990;7779.79831;4054.10265 
 H&E;H&E-MEMBRANOUS    GLOMERULUS  (46).jpg;52.51234;13.96348;17.83576;48.23931;22.51121;12.79417;18.04318;74.51360;59.61015;325.55629;5552.27640;3553.36992 
 H&E;H&E-MEMBRANOUS    GLOMERULUS  (47).jpg;54.99644;12.36891;37.22994;52.02045;19.23811;32.36907;18.36675;66.27470;57.08178;337.33747;4392.33614;3258.32931 
 H&E;H&E-MEMBRANOUS    GLOMERULUS  (48).jpg;54.47578;-11.11805;28.83024;48.80231;-3.94630;19.00854;22.90785;78.15860;69.35580;524.76940;6108.76614;4810.22745 
 H&E;H&E-MEMBRANOUS    GLOMERULUS  (49).jpg;56.90411;-2.95113;22.40286;53.70047;6.03203;13.34171;24.82844;94.91919;77.45040;616.45148;9009.65188;5998.56409 
 H&E;H&E-MEMBRANOUS    GLOMERULUS  (50).jpg;58.54899;-10.36831;51.79797;56.22452;-3.68031;40.21329;25.34785;103.96261;75.70484;642.51329;10808.22475;5731.22263 
 H&E;H&E-MEMBRANOUS    GLOMERULUS  (51).jpg;49.56668;31.74354;19.18024;47.38785;36.89686;23.36547;17.13082;80.89182;58.64594;293.46485;6543.48577;3439.34639 
 H&E;H&E-MEMBRANOUS    GLOMERULUS  (52).jpg;55.95204;1.01677;20.63840;53.57508;-1.74385;18.43792;16.62773;83.27117;59.17749;276.48134;6934.08693;3501.97487 
 H&E;H&E-MEMBRANOUS    GLOMERULUS  (53).jpg;53.82153;24.66020;33.64493;49.25383;42.68977;31.68873;19.79562;93.19130;60.68054;391.86649;8684.61806;3682.12759 
 H&E;H&E-MEMBRANOUS    GLOMERULUS  (54).jpg;54.07299;22.95504;41.34276;50.47830;37.09960;36.04421;18.40686;87.26981;56.71831;338.81244;7616.02059;3216.96708 
 H&E;H&E-MEMBRANOUS    GLOMERULUS  (55).jpg;58.80223;6.76630;33.77049;55.16730;24.71208;20.46261;18.84095;83.78622;67.39047;354.98129;7020.13130;4541.47562 
 H&E;H&E-MEMBRANOUS    GLOMERULUS  (56).jpg;56.66779;42.16659;31.30197;53.21352;63.45415;21.10277;19.17248;88.28594;64.17145;367.58392;7794.40659;4117.97517 
 H&E;H&E-MEMBRANOUS    GLOMERULUS  (57).jpg;50.89826;27.43701;28.97579;48.69753;33.68794;25.92823;17.10980;76.64838;49.91583;292.74534;5874.97453;2491.58970 
 H&E;H&E-MEMBRANOUS    GLOMERULUS  (58).jpg;62.28771;30.98007;50.29661;60.23734;37.95006;48.20738;15.52777;71.20716;53.84883;241.11174;5070.45957;2899.69652 
 H&E;H&E-MEMBRANOUS    GLOMERULUS  (59).jpg;53.36801;13.61303;36.11645;50.47453;14.71682;28.11176;18.48186;68.02183;57.56322;341.57917;4626.96928;3313.52379 
 H&E;H&E-MEMBRANOUS    GLOMERULUS  (60).jpg;44.93941;50.13354;-9.65228;43.02507;59.62247;-15.11030;17.72921;68.51958;56.35674;314.32498;4694.93275;3176.08240 
 H&E;H&E-MEMBRANOUS    GLOMERULUS  (61).jpg;57.60926;19.16598;53.56814;52.91246;12.93647;42.86302;21.79482;69.47038;60.58825;475.01414;4826.13402;3670.93614 
 H&E;H&E-MEMBRANOUS    GLOMERULUS  (62).jpg;68.15046;-1.88686;57.23107;67.11520;-3.90892;57.18406;11.97619;66.08735;52.56230;143.42923;4367.53783;2762.79521 
 H&E;H&E-MEMBRANOUS    GLOMERULUS  (63).jpg;62.85197;-12.24627;40.34461;61.43917;-13.95166;39.94430;13.26110;59.60817;51.87175;175.85678;3553.13392;2690.67875 
 H&E;H&E-MEMBRANOUS    GLOMERULUS  (64).jpg;66.12829;18.45240;59.54532;65.92540;20.89926;60.29406;12.94932;56.85829;48.62218;167.68491;3232.86534;2364.11664 
 H&E;H&E-MEMBRANOUS    GLOMERULUS  (65).jpg;70.34389;-2.77946;67.62099;69.63658;-3.88067;70.28640;11.78603;47.80447;52.50801;138.91040;2285.26711;2757.09162 
 H&E;H&E-MEMBRANOUS    GLOMERULUS  (66).jpg;67.99872;-30.96646;60.34594;66.56808;-37.26575;59.48919;15.84336;57.65712;59.10412;251.01202;3324.34324;3493.29717 
 H&E;H&E-MEMBRANOUS    GLOMERULUS  (67).jpg;69.19314;0.15337;71.23862;68.27703;9.42773;73.14862;16.15195;68.50150;61.67973;260.88553;4692.45494;3804.38881 
 H&E;H&E-MEMBRANOUS    GLOMERULUS  (68).jpg;62.27335;5.85634;95.69465;59.15497;13.39428;97.01113;19.06298;93.01362;51.32492;363.39738;8651.53403;2634.24782 
 H&E;H&E-MEMBRANOUS    GLOMERULUS  (69).jpg;64.80995;-28.87872;76.87141;61.63730;-29.28245;85.83663;20.86074;112.85333;60.85726;435.17038;12735.87324;3703.60571 
 H&E;H&E-MEMBRANOUS    GLOMERULUS  (70).jpg;62.87808;-8.81979;57.25659;59.81319;-11.07906;61.83505;19.33040;87.95737;58.00457;373.66439;7736.49971;3364.53041 
 H&E;H&E-MEMBRANOUS    GLOMERULUS  (71).jpg;64.08278;-18.41408;77.32661;62.10458;-21.03093;79.93874;20.01756;88.58357;60.79525;400.70275;7847.04858;3696.06303 
 H&E;H&E-MEMBRANOUS    GLOMERULUS  (72).jpg;59.10161;-12.09132;65.25120;54.83475;-2.81607;68.80936;18.10630;86.27095;54.56872;327.83819;7442.67632;2977.74497 
 H&E;H&E-MEMBRANOUS    GLOMERULUS  (73).jpg;67.17294;-17.42103;83.54077;64.91857;-25.00182;88.83372;18.13492;83.17988;49.50190;328.87538;6918.89226;2450.43795 
 H&E;H&E-MEMBRANOUS    GLOMERULUS  (74).jpg;64.12970;-20.20793;79.74245;60.76220;-26.39956;84.83338;18.76893;90.57814;56.17115;352.27271;8204.39868;3155.19766 
 H&E;H&E-MEMBRANOUS    GLOMERULUS  (75).jpg;68.71084;-44.64031;75.95561;68.10531;-56.66620;80.00605;18.16500;83.86152;57.99271;329.96712;7032.75479;3363.15459 
 H&E;H&E-MEMBRANOUS    GLOMERULUS  (76).jpg;66.73494;-25.96464;57.96973;64.87256;-27.68606;62.09023;16.45498;78.85963;49.55277;270.76649;6218.84114;2455.47728 
 H&E;H&E-MEMBRANOUS    GLOMERULUS  (77).jpg;55.69097;6.66315;33.69435;55.32929;11.75731;38.79401;15.74471;71.72491;60.85554;247.89581;5144.46207;3703.39710 
 H&E;H&E-MEMBRANOUS    GLOMERULUS  (78).jpg;56.49308;5.53621;51.74657;52.92541;34.03047;54.56075;18.36913;95.91210;62.83011;337.42499;9199.13110;3947.62290 
 H&E;H&E-MEMBRANOUS    GLOMERULUS  (79).jpg;59.84220;-2.06648;65.35393;54.31624;-0.39897;60.44799;20.85884;78.94633;59.66933;435.09102;6232.52246;3560.42894 
 H&E;H&E-MEMBRANOUS    GLOMERULUS  (8).TIF;51.12559;49.10553;22.14979;48.83104;63.25256;30.45162;14.34344;76.09434;41.37859;205.73435;5790.34852;1712.18802 
 H&E;H&E-MEMBRANOUS    GLOMERULUS  (80).jpg;59.55687;-10.00105;58.65989;53.61641;-0.48512;59.82545;20.03083;95.92131;61.25129;401.23413;9200.89742;3751.72079 
 H&E;H&E-MEMBRANOUS    GLOMERULUS  (81).jpg;61.32662;-3.81277;70.29696;57.64983;-4.18894;64.71463;19.36708;78.99155;56.43915;375.08396;6239.66443;3185.37719 
 H&E;H&E-MEMBRANOUS    GLOMERULUS  (82).jpg;60.80212;-17.80962;74.91870;57.18623;-16.23734;66.14721;19.10261;81.48198;65.13599;364.90984;6639.31353;4242.69744 
 H&E;H&E-MEMBRANOUS    GLOMERULUS  (83).jpg;57.32515;-27.48330;55.65578;51.36425;-14.26025;49.51982;21.06057;92.96034;70.66668;443.54744;8641.62444;4993.77905 
 H&E;H&E-MEMBRANOUS    GLOMERULUS  (84).jpg;57.73885;-14.99664;44.17716;52.24706;-5.07907;37.20921;21.12450;100.75768;68.27806;446.24449;10152.11022;4661.89294 
 H&E;H&E-MEMBRANOUS    GLOMERULUS  (85).jpg;62.28578;2.36094;77.96873;56.10525;5.40258;77.71785;21.20156;92.72730;60.28462;449.50622;8598.35194;3634.23481 
 H&E;H&E-MEMBRANOUS    GLOMERULUS  (86).jpg;56.21430;18.75555;59.56583;54.14536;16.60965;63.40484;16.07929;68.90096;51.21986;258.54371;4747.34165;2623.47413 
 H&E;H&E-MEMBRANOUS    GLOMERULUS  (87).jpg;56.07616;9.45025;46.94994;52.97381;14.24726;45.89369;15.89872;81.28009;51.96419;252.76942;6606.45353;2700.27703 
 H&E;H&E-MEMBRANOUS    GLOMERULUS  (88).jpg;59.31341;1.86596;67.44891;54.72133;0.81918;66.03893;20.78777;92.53820;59.39758;432.13133;8563.31908;3528.07280 
 H&E;H&E-MEMBRANOUS    GLOMERULUS  (89).jpg;58.91970;-0.21000;47.88195;54.93076;1.53110;43.69541;17.94336;84.71481;58.21004;321.96434;7176.59976;3388.40852 
 H&E;H&E-MEMBRANOUS    GLOMERULUS  (9).jpg;61.72121;-12.05830;43.72667;57.32154;2.65242;32.16298;19.91800;83.85999;63.89276;396.72660;7032.49777;4082.28538 
 H&E;H&E-MEMBRANOUS    GLOMERULUS  (9).TIF;51.12988;41.05977;79.99352;47.34181;57.43552;87.38522;16.08599;91.68424;52.02501;258.75920;8406.00007;2706.60118 
 H&E;H&E-MEMBRANOUS    GLOMERULUS  (90).jpg;60.62503;-4.83515;62.14127;56.78529;-3.29445;61.29977;19.28231;86.65996;54.46978;371.80759;7509.94803;2966.95733 
 H&E;H&E-MEMBRANOUS    GLOMERULUS  (91).jpg;62.78267;21.66647;62.05310;59.50197;45.18175;64.16531;15.36442;85.07703;46.14486;236.06548;7238.10122;2129.34790 
 H&E;H&E-MEMBRANOUS    GLOMERULUS  (92).jpg;61.86429;19.01779;25.71896;58.67346;41.94695;27.86962;15.22693;83.00509;44.86961;231.85943;6889.84463;2013.28160 
 H&E;H&E-MEMBRANOUS    GLOMERULUS  (93).jpg;61.05206;27.30317;64.51455;57.70788;45.70683;66.79695;16.19623;86.51778;41.41469;262.31794;7485.32616;1715.17687 
 H&E;H&E-MEMBRANOUS    GLOMERULUS  (94).jpg;64.28386;8.48803;81.89796;61.61293;22.87535;84.93090;15.05193;80.50173;42.71643;226.56072;6480.52812;1824.69340 
 H&E;H&E-MEMBRANOUS    GLOMERULUS  (95).jpg;72.55162;-25.13270;74.67895;72.18398;-16.78628;81.51510;16.52150;91.84497;41.73879;272.96005;8435.49923;1742.12639 
 H&E;H&E-MEMBRANOUS    GLOMERULUS  (96).jpg;66.11120;-3.10724;69.71694;62.75926;18.14906;72.30371;15.86706;94.67458;41.34644;251.76373;8963.27578;1709.52837 
 H&E;H&E-MEMBRANOUS    GLOMERULUS  (97).jpg;68.33817;9.56113;68.42758;64.99236;28.06102;71.24580;14.53099;88.68934;41.79641;211.14976;7865.79938;1746.93963 
 H&E;H&E-MEMBRANOUS    GLOMERULUS  (98).jpg;67.05225;20.91243;84.38179;63.79325;33.67563;86.32641;13.93328;78.90857;38.21262;194.13622;6226.56232;1460.20451 
 H&E;H&E-MEMBRANOUS    GLOMERULUS  (99).jpg;68.92067;-2.76849;83.35898;66.16583;23.34742;87.85279;15.64433;101.78241;41.11337;244.74510;10359.65989;1690.30946 
 H&E;H&E-NORMAL  GLOMERULUS    (1).jpg;69.87927;-27.65038;65.58687;68.93161;-26.20240;62.86846;15.76723;76.83494;61.07963;248.60542;5903.60756;3730.72128 
 H&E;H&E-NORMAL  GLOMERULUS    (1).TIF;56.46765;18.51371;58.80405;53.30920;23.48595;57.76648;17.88373;81.44047;50.22595;319.82792;6632.54937;2522.64647 
 H&E;H&E-NORMAL  GLOMERULUS    (10).jpg;62.14710;18.17069;41.12178;59.13853;31.55695;39.07974;16.35777;86.83858;60.45273;267.57673;7540.93936;3654.53249 
 H&E;H&E-NORMAL  GLOMERULUS    (10).TIF;59.04729;5.79500;29.11205;56.38524;5.70011;25.24979;17.84457;73.26571;55.42280;318.42860;5367.86421;3071.68634 
 H&E;H&E-NORMAL  GLOMERULUS    (100).jpg;58.13975;-23.42825;36.17189;55.50900;-15.23443;33.76743;17.99323;72.91225;58.03232;323.75636;5316.19677;3367.75053 
 H&E;H&E-NORMAL  GLOMERULUS    (101).jpg;60.94934;-5.71180;55.09690;57.93322;-2.65816;51.96822;20.73569;84.40841;65.21285;429.96895;7124.77997;4252.71611 
 H&E;H&E-NORMAL  GLOMERULUS    (102).jpg;63.68948;-12.69863;41.72126;61.39523;-7.66233;37.08909;20.33448;86.23675;60.15084;413.49125;7436.77641;3618.12359 
 H&E;H&E-NORMAL  GLOMERULUS    (103).jpg;61.02060;-8.68830;68.09534;59.05098;-5.14604;64.93461;17.31855;70.47129;53.18854;299.93212;4966.20333;2829.02047 
 H&E;H&E-NORMAL  GLOMERULUS    (11).jpg;59.14714;21.32087;55.62048;56.57687;32.97512;53.29432;18.08315;89.01822;62.31382;327.00014;7924.24300;3883.01263 
 H&E;H&E-NORMAL  GLOMERULUS    (11).TIF;61.82883;-10.37088;53.55429;60.47418;-16.30352;52.40727;18.93386;77.15150;49.14995;358.49117;5952.35371;2415.71718 
 H&E;H&E-NORMAL  GLOMERULUS    (119).jpg;60.03984;-41.71005;54.51417;58.90112;-43.90129;56.53243;16.37971;57.58096;53.50459;268.29488;3315.56734;2862.74092 
 H&E;H&E-NORMAL  GLOMERULUS    (12).jpg;55.29552;43.33561;78.26084;51.97773;55.42488;86.41430;18.69394;87.41386;52.40956;349.46321;7641.18228;2746.76248 
 H&E;H&E-NORMAL  GLOMERULUS    (12).TIF;59.72685;2.49807;75.17173;57.61387;0.13787;73.40551;18.98921;79.18705;53.86797;360.59006;6270.58823;2901.75805 
 H&E;H&E-NORMAL  GLOMERULUS    (120).jpg;60.97894;13.65159;16.13327;59.64619;14.23622;16.60786;16.56960;70.94646;58.29861;274.55149;5033.40041;3398.72753 
 H&E;H&E-NORMAL  GLOMERULUS    (121).jpg;51.78986;38.52405;40.70477;47.69755;40.50928;43.71976;18.12025;76.30357;54.26152;328.34361;5822.23453;2944.31244 
 H&E;H&E-NORMAL  GLOMERULUS    (122).jpg;56.68778;10.87755;56.54335;53.52189;13.95739;60.94453;17.96335;88.93096;60.24203;322.68184;7908.71504;3629.10228 
 H&E;H&E-NORMAL  GLOMERULUS    (123).jpg;52.97355;13.24396;44.98821;48.98115;19.81810;47.73081;19.17608;80.19142;60.12729;367.72208;6430.66316;3615.29093 
 H&E;H&E-NORMAL  GLOMERULUS    (124).jpg;57.52159;6.94509;30.81141;54.15894;6.16456;31.60092;18.69711;86.51358;60.02691;349.58185;7484.59889;3603.22976 
 H&E;H&E-NORMAL  GLOMERULUS    (125).jpg;54.65734;-1.85356;37.83434;50.92832;-1.86663;38.47226;20.81341;88.27416;65.39771;433.19809;7792.32722;4276.86028 
 H&E;H&E-NORMAL  GLOMERULUS    (126).jpg;54.76756;-0.50174;69.38497;50.35977;-1.72482;72.61680;20.52171;89.99249;60.50031;421.14068;8098.64755;3660.28749 
 H&E;H&E-NORMAL  GLOMERULUS    (127).jpg;58.67862;3.67492;17.48720;55.79644;8.10081;17.24350;17.30576;77.92121;56.07552;299.48924;6071.71567;3144.46429 
 H&E;H&E-NORMAL  GLOMERULUS    (128).jpg;53.46247;23.36708;30.41915;49.59062;29.62152;28.51434;19.13311;78.55082;59.47653;366.07602;6170.23202;3537.45760 
 H&E;H&E-NORMAL  GLOMERULUS    (129).jpg;54.88559;19.35328;33.90180;51.57717;19.81820;32.57206;19.59645;70.14250;63.49980;384.02090;4919.97038;4032.22512 
 H&E;H&E-NORMAL  GLOMERULUS    (13).jpg;54.57042;29.24949;52.98512;51.29973;44.27037;57.90928;17.38975;86.57535;59.83162;302.40351;7495.29082;3579.82233 
 H&E;H&E-NORMAL  GLOMERULUS    (13).TIF;57.23690;15.00485;51.88288;54.56439;15.50594;52.18620;16.81927;66.93800;52.97184;282.88774;4480.69533;2806.01588 
 H&E;H&E-NORMAL  GLOMERULUS    (130).jpg;57.89710;-2.88764;17.48089;53.94096;-0.93925;14.33787;19.01924;75.92398;59.54330;361.73165;5764.45022;3545.40452 
 H&E;H&E-NORMAL  GLOMERULUS    (131).jpg;56.37973;9.39382;36.43464;53.59631;8.42201;34.20722;18.81318;70.87761;59.97391;353.93590;5023.63506;3596.86945 
 H&E;H&E-NORMAL  GLOMERULUS    (132).jpg;59.79991;6.87210;36.47206;57.55028;5.87052;36.45459;17.47230;73.95293;62.12610;305.28137;5469.03573;3859.65239 
 H&E;H&E-NORMAL  GLOMERULUS    (133).jpg;55.18057;20.19861;40.64290;51.80207;21.49945;40.36819;18.69036;72.51982;60.21634;349.32947;5259.12384;3626.00809 
 H&E;H&E-NORMAL  GLOMERULUS    (134).jpg;56.43650;-6.52013;30.45353;52.48978;-4.08156;25.38424;20.60593;78.89690;68.69604;424.60417;6224.72111;4719.14644 
 H&E;H&E-NORMAL  GLOMERULUS    (135).jpg;55.57565;14.81477;43.78862;51.40874;14.07748;42.48442;20.00366;73.11623;60.88489;400.14659;5345.98294;3706.96995 
 H&E;H&E-NORMAL  GLOMERULUS    (136).jpg;57.15434;-16.37659;48.32134;52.48328;-12.70993;43.71129;21.41848;96.63281;71.49268;458.75133;9337.89993;5111.20333 
 H&E;H&E-NORMAL  GLOMERULUS    (137).jpg;64.05468;-40.87446;34.96839;62.36821;-49.21000;35.00645;18.59284;85.03962;64.43614;345.69358;7231.73710;4152.01636 
 H&E;H&E-NORMAL  GLOMERULUS    (138).jpg;56.90229;-4.36068;59.93150;54.59530;-0.20650;57.67480;21.70636;86.47405;61.50223;471.16597;7477.76205;3782.52394 
 H&E;H&E-NORMAL  GLOMERULUS    (139).jpg;55.57977;-4.88196;35.01397;53.21172;-5.77303;35.04094;20.18273;95.37006;59.88944;407.34268;9095.44913;3586.74461 
 H&E;H&E-NORMAL  GLOMERULUS    (14).jpg;56.27906;19.82683;70.46615;53.44210;27.48485;79.74800;18.19402;82.94416;53.21428;331.02227;6879.73423;2831.75989 
 H&E;H&E-NORMAL  GLOMERULUS    (14).TIF;61.00228;-31.09740;61.33142;60.28316;-42.98159;63.45102;19.94789;86.18297;58.71832;397.91836;7427.50432;3447.84095 
 H&E;H&E-NORMAL  GLOMERULUS    (140).jpg;56.34372;-12.22188;36.94232;53.05019;-5.02511;32.69954;21.79173;98.12818;67.70485;474.87940;9629.13900;4583.94632 
 H&E;H&E-NORMAL  GLOMERULUS    (141).jpg;62.10697;-19.35336;54.00531;61.05291;-19.53788;50.21106;20.02001;85.94636;67.79928;400.80070;7386.77615;4596.74219 
 H&E;H&E-NORMAL  GLOMERULUS    (142).jpg;59.81032;-16.94748;54.34241;57.35738;-9.58189;52.23130;20.27368;93.15466;61.03454;411.02230;8677.79090;3725.21524 
 H&E;H&E-NORMAL  GLOMERULUS    (143).jpg;60.10718;-16.46816;59.38653;58.18912;-10.24780;57.97885;19.36274;79.56887;58.53282;374.91564;6331.20534;3426.09133 
 H&E;H&E-NORMAL  GLOMERULUS    (144).jpg;55.03983;19.64529;42.55785;50.38399;27.71715;45.56683;19.24210;95.84687;58.72481;370.25827;9186.62316;3448.60377 
 H&E;H&E-NORMAL  GLOMERULUS    (145).jpg;53.64497;0.45737;57.68078;48.83067;-1.51328;62.16371;20.16042;101.18960;60.93525;406.44237;10239.33435;3713.10505 
 H&E;H&E-NORMAL  GLOMERULUS    (146).jpg;49.93241;11.42325;29.22616;44.79990;13.91415;35.97168;20.09040;96.52387;69.00567;403.62426;9316.85787;4761.78197 
 H&E;H&E-NORMAL  GLOMERULUS    (147).jpg;58.28858;-20.92715;43.82678;55.34933;-20.72802;45.49014;20.88050;92.79942;61.76292;435.99508;8611.73313;3814.65809 
 H&E;H&E-NORMAL  GLOMERULUS    (148).jpg;52.39473;13.74344;54.60731;49.07125;16.65914;61.29360;18.48716;87.72669;57.78922;341.77522;7695.97222;3339.59430 
 H&E;H&E-NORMAL  GLOMERULUS    (149).jpg;55.89738;12.18892;22.88149;52.29400;15.40789;27.23860;18.68332;88.47598;63.26363;349.06642;7827.99952;4002.28694 
 H&E;H&E-NORMAL  GLOMERULUS    (15).jpg;64.10005;-29.86640;56.95273;63.59004;-25.47797;57.45215;18.23766;78.83394;66.78992;332.61219;6214.79083;4460.89394 
 H&E;H&E-NORMAL  GLOMERULUS    (15).TIF;58.82442;2.77089;69.80557;55.63187;5.57854;65.13178;18.12020;83.38691;58.40089;328.34171;6953.37724;3410.66437 
 H&E;H&E-NORMAL  GLOMERULUS    (150).jpg;55.23815;-8.01658;39.70855;50.79716;-8.74618;42.47950;20.00753;87.68466;63.15532;400.30137;7688.59934;3988.59475 
 H&E;H&E-NORMAL  GLOMERULUS    (151).jpg;47.83117;13.21087;45.46019;43.94935;25.72087;49.90013;19.03244;85.40459;55.05794;362.23365;7293.94351;3031.37719 
 H&E;H&E-NORMAL  GLOMERULUS    (152).jpg;59.04584;-11.82318;25.06346;54.51242;-3.50967;13.52827;21.90082;83.42136;70.70244;479.64577;6959.12325;4998.83571 
 H&E;H&E-NORMAL  GLOMERULUS    (153).jpg;47.44705;26.22642;85.74796;41.49155;39.57733;97.01766;19.28096;103.57550;53.08669;371.75538;10727.88348;2818.19671 
 H&E;H&E-NORMAL  GLOMERULUS    (154).jpg;51.19276;-5.75473;48.94081;45.77306;1.20983;54.64155;20.43755;99.43792;60.42411;417.69336;9887.89906;3651.07259 
 H&E;H&E-NORMAL  GLOMERULUS    (155).jpg;51.57555;10.80854;46.63986;45.54590;19.77360;61.76228;19.73803;99.43632;62.12135;389.58981;9887.58168;3859.06242 
 H&E;H&E-NORMAL  GLOMERULUS    (156).jpg;56.43560;-5.24029;46.13820;55.36972;-6.64008;49.93503;17.40768;80.20825;58.27553;303.02730;6433.36326;3396.03791 
 H&E;H&E-NORMAL  GLOMERULUS    (157).jpg;62.54594;-3.21443;68.15234;58.91603;6.73731;67.43094;20.80295;92.32578;61.02998;432.76262;8524.04919;3724.65794 
 H&E;H&E-NORMAL  GLOMERULUS    (158).jpg;59.34438;16.51218;60.51611;56.92072;19.41704;62.16370;19.12805;81.74967;55.29116;365.88221;6683.00789;3057.11204 
 H&E;H&E-NORMAL  GLOMERULUS    (159).jpg;58.44853;1.00796;66.73070;55.36583;3.67793;69.19046;18.32650;87.45750;52.83145;335.86063;7648.81404;2791.16188 
 H&E;H&E-NORMAL  GLOMERULUS    (16).jpg;62.18582;17.88572;62.49972;60.81673;28.19421;63.22178;16.11676;75.46242;55.51702;259.75001;5694.57686;3082.13971 
 H&E;H&E-NORMAL  GLOMERULUS    (16).tif;51.67089;77.92601;142.77011;50.47680;100.23212;152.70587;14.27047;76.11887;41.78215;203.64636;5794.08253;1745.74812 
 H&E;H&E-NORMAL  GLOMERULUS    (160).jpg;59.47685;-16.03947;51.13071;56.80161;-14.17443;53.76920;17.75762;85.00515;53.34288;315.33295;7225.87594;2845.46241 
 H&E;H&E-NORMAL  GLOMERULUS    (161).jpg;60.67216;-16.19376;55.51451;60.29179;-25.39893;53.75838;17.93231;74.22596;59.49519;321.56766;5509.49359;3539.67819 
 H&E;H&E-NORMAL  GLOMERULUS    (162).jpg;62.68154;-31.68980;43.67399;60.52631;-33.53596;46.16852;18.03158;86.67167;59.59639;325.13780;7511.97795;3551.72922 
 H&E;H&E-NORMAL  GLOMERULUS    (163).jpg;65.36553;9.50404;57.44123;61.42887;14.55039;58.58846;16.43806;90.72755;49.62012;270.20997;8231.48764;2462.15625 
 H&E;H&E-NORMAL  GLOMERULUS    (164).jpg;61.94542;-54.61497;59.38255;60.54034;-54.28919;57.51737;21.14025;89.01933;66.25866;446.91037;7924.44125;4390.21007 
 H&E;H&E-NORMAL  GLOMERULUS    (165).jpg;59.57984;-16.85007;74.87064;55.07460;-14.32273;77.25100;21.82992;98.63299;52.64462;476.54542;9728.46626;2771.45650 
 H&E;H&E-NORMAL  GLOMERULUS    (166).jpg;56.95920;0.82940;45.80263;54.81186;8.16042;49.52213;14.84939;77.75069;48.94702;220.50449;6045.16932;2395.81054 
 H&E;H&E-NORMAL  GLOMERULUS    (167).jpg;59.13610;3.49761;57.40819;57.31236;-0.81226;62.24691;15.74361;82.28887;45.97715;247.86111;6771.45829;2113.89795 
 H&E;H&E-NORMAL  GLOMERULUS    (168).jpg;59.08183;43.38942;46.21271;57.08481;52.53559;50.11074;14.28181;73.57312;51.77777;203.97016;5413.00439;2680.93772 
 H&E;H&E-NORMAL  GLOMERULUS    (169).jpg;56.71725;16.06089;39.02440;53.73773;17.98427;41.03653;15.91448;89.01218;54.04081;253.27057;7923.16758;2920.40917 
 H&E;H&E-NORMAL  GLOMERULUS    (17).jpg;68.15739;-1.70566;46.42352;67.72906;5.13058;51.77580;13.72884;73.30859;58.90789;188.48104;5374.14992;3470.13953 
 H&E;H&E-NORMAL  GLOMERULUS    (170).jpg;55.28501;15.32367;33.39199;52.17941;20.57426;36.39235;17.59394;76.76752;52.12325;309.54689;5893.25181;2716.83331 
 H&E;H&E-NORMAL  GLOMERULUS    (171).jpg;56.87192;27.59776;47.42605;54.39427;35.31683;49.52762;15.10787;74.10709;51.58010;228.24760;5491.86074;2660.50712 
 H&E;H&E-NORMAL  GLOMERULUS    (172).jpg;64.15319;-0.42356;67.13195;62.25399;-5.03931;68.70839;16.67314;72.99353;53.33993;277.99365;5328.05493;2845.14800 
 H&E;H&E-NORMAL  GLOMERULUS    (173).jpg;57.20167;7.86617;60.28831;55.24380;6.14472;64.14299;16.76724;68.51505;50.53792;281.14046;4694.31215;2554.08174 
 H&E;H&E-NORMAL  GLOMERULUS    (174).jpg;59.14804;40.18113;69.68264;56.60953;44.49550;73.87946;16.04939;79.38815;49.58105;257.58295;6302.47796;2458.28101 
 H&E;H&E-NORMAL  GLOMERULUS    (175).jpg;56.68758;39.63874;62.36583;53.53874;45.71769;66.86817;15.88838;84.03899;48.06293;252.44051;7062.55211;2310.04477 
 H&E;H&E-NORMAL  GLOMERULUS    (176).jpg;54.94564;4.58935;42.98638;50.90792;10.10177;43.37760;18.19533;95.78253;58.18707;331.07020;9174.29213;3385.73490 
 H&E;H&E-NORMAL  GLOMERULUS    (177).jpg;57.31890;19.53095;47.94583;54.45413;28.11892;51.36069;15.72497;78.22578;50.91982;247.27468;6119.27294;2592.82802 
 H&E;H&E-NORMAL  GLOMERULUS    (178).jpg;55.18077;39.61023;54.24746;50.34998;53.07078;55.61274;18.63711;94.33935;58.74420;347.34183;8899.91255;3450.88057 
 H&E;H&E-NORMAL  GLOMERULUS    (18).jpg;61.31748;-23.96900;65.51745;58.88332;-21.79821;69.47765;17.17404;75.87101;60.12433;294.94767;5756.40999;3614.93489 
 H&E;H&E-NORMAL  GLOMERULUS    (19).jpg;57.66359;24.13381;40.12335;53.52392;45.84747;45.04921;16.64342;96.92119;52.97720;277.00342;9393.71696;2806.58357 
 H&E;H&E-NORMAL  GLOMERULUS    (2).jpg;70.51896;3.71600;33.20937;69.41337;3.93486;30.75667;13.78829;76.18424;52.51405;190.11695;5804.03889;2757.72552 
 H&E;H&E-NORMAL  GLOMERULUS    (2).TIF;56.53558;21.94013;40.96491;53.85792;20.52312;41.35938;16.95833;67.54993;42.66073;287.58502;4562.99368;1819.93792 
 H&E;H&E-NORMAL  GLOMERULUS    (20).jpg;55.95245;32.12834;58.53220;52.00396;46.62682;65.83581;16.96549;87.98795;51.53150;287.82797;7741.87914;2655.49567 
 H&E;H&E-NORMAL  GLOMERULUS    (21).jpg;56.02128;50.28983;34.24083;52.34683;70.20822;40.90143;16.78966;86.78845;50.67006;281.89266;7532.23532;2567.45487 
 H&E;H&E-NORMAL  GLOMERULUS    (22).jpg;58.81690;0.11035;30.97133;54.58417;15.46608;29.73661;19.27499;90.19738;59.55422;371.52540;8135.56812;3546.70492 
 H&E;H&E-NORMAL  GLOMERULUS    (229).jpg;61.90202;1.36801;27.29931;60.61933;5.45898;29.40160;15.19725;52.02472;38.44215;230.95644;2706.57125;1477.79866 
 H&E;H&E-NORMAL  GLOMERULUS    (23).jpg;58.24743;25.69229;42.68556;53.60914;39.55245;42.15954;19.09089;90.26772;55.21771;364.46208;8148.26120;3048.99519 
 H&E;H&E-NORMAL  GLOMERULUS    (230).jpg;61.49340;-1.62982;43.30957;59.40304;-0.16842;50.27930;15.55172;62.59662;41.16958;241.85586;3918.33672;1694.93421 
 H&E;H&E-NORMAL  GLOMERULUS    (231).jpg;68.99474;-4.04556;19.70692;68.56944;3.97358;23.76953;18.04441;63.59081;42.34698;325.60075;4043.79093;1793.26654 
 H&E;H&E-NORMAL  GLOMERULUS    (232).jpg;67.77042;-16.53274;79.78198;66.02465;-11.86478;83.71684;13.33341;46.51609;32.72298;177.77989;2163.74637;1070.79313 
 H&E;H&E-NORMAL  GLOMERULUS    (233).jpg;66.70743;-6.73572;54.95785;64.64770;-3.76011;61.45655;13.53939;60.63935;46.31432;183.31497;3677.13130;2145.01624 
 H&E;H&E-NORMAL  GLOMERULUS    (24).jpg;61.05148;19.30388;30.58875;57.87694;29.29989;29.18532;18.02430;85.84789;61.16441;324.87547;7369.86020;3741.08540 
 H&E;H&E-NORMAL  GLOMERULUS    (25).jpg;57.94108;37.59980;6.42877;56.19450;46.98411;9.60478;14.98884;72.62679;43.52417;224.66523;5274.65064;1894.35329 
 H&E;H&E-NORMAL  GLOMERULUS    (26).jpg;58.24802;20.24180;68.29358;54.78429;35.94794;70.27397;17.26446;74.28922;51.60733;298.06161;5518.88752;2663.31644 
 H&E;H&E-NORMAL  GLOMERULUS    (27).jpg;54.55489;30.94576;37.80043;52.00070;42.61445;42.06396;16.78961;79.41792;52.01238;281.89095;6307.20631;2705.28784 
 H&E;H&E-NORMAL  GLOMERULUS    (28).jpg;57.91289;28.21214;38.10447;54.38163;44.26529;39.85418;16.76625;85.05093;55.80684;281.10725;7233.66129;3114.40358 
 H&E;H&E-NORMAL  GLOMERULUS    (29).jpg;60.20662;18.40400;26.78153;56.20264;35.81212;25.51668;18.61897;88.56371;56.92911;346.66609;7843.53155;3240.92407 
 H&E;H&E-NORMAL  GLOMERULUS    (3).jpg;63.67734;-12.23492;63.79511;61.86389;-5.28314;62.98966;16.56723;73.07669;54.70238;274.47298;5340.20195;2992.35075 
 H&E;H&E-NORMAL  GLOMERULUS    (3).TIF;56.69191;30.71231;33.86603;53.96642;31.75656;35.01205;16.33356;69.87436;42.89733;266.78519;4882.42649;1840.18098 
 H&E;H&E-NORMAL  GLOMERULUS    (30).jpg;58.66003;28.54078;67.84197;56.67516;36.67353;72.75684;18.25330;73.07725;47.88511;333.18305;5340.28495;2292.98354 
 H&E;H&E-NORMAL  GLOMERULUS    (31).jpg;61.72315;18.88172;75.41196;58.29915;21.80498;81.95418;17.92086;80.39268;53.32086;321.15712;6462.98301;2843.11372 
 H&E;H&E-NORMAL  GLOMERULUS    (32).jpg;64.94785;-25.98154;48.43679;63.94179;-26.25476;52.77852;17.88898;75.62941;59.43735;320.01544;5719.80770;3532.79823 
 H&E;H&E-NORMAL  GLOMERULUS    (33).jpg;58.69136;40.63042;83.37977;54.88846;48.89939;93.45177;17.14041;82.38276;49.89507;293.79357;6786.91977;2489.51788 
 H&E;H&E-NORMAL  GLOMERULUS    (34).jpg;60.64210;42.01032;52.51843;58.06875;49.52649;60.80753;16.57041;78.23416;51.65073;274.57839;6120.58387;2667.79797 
 H&E;H&E-NORMAL  GLOMERULUS    (35).jpg;61.80731;12.35002;62.36370;59.44565;16.29968;70.68883;19.48013;87.27546;61.29930;379.47531;7617.00669;3757.60459 
 H&E;H&E-NORMAL  GLOMERULUS    (36).jpg;66.11425;19.05459;-30.46577;63.62329;22.84879;-25.20018;16.42999;86.89027;37.83858;269.94453;7549.91892;1431.75792 
 H&E;H&E-NORMAL  GLOMERULUS    (37).jpg;59.94709;14.89793;69.26336;58.28485;22.14368;74.21776;16.18394;74.38046;46.86183;261.91984;5532.45332;2196.03144 
 H&E;H&E-NORMAL  GLOMERULUS    (38).jpg;61.47909;0.57025;51.34159;59.07967;4.66443;55.58769;17.50296;77.67697;52.94284;306.35376;6033.71203;2802.94477 
 H&E;H&E-NORMAL  GLOMERULUS    (39).jpg;62.19903;11.82999;57.66970;58.62281;16.82582;62.18333;17.63072;84.71112;54.62289;310.84238;7175.97320;2983.66010 
 H&E;H&E-NORMAL  GLOMERULUS    (4).jpg;68.09042;-12.46389;67.40854;66.76275;-5.29351;64.79911;14.79189;75.16528;55.27597;218.80008;5649.81898;3055.43324 
 H&E;H&E-NORMAL  GLOMERULUS    (4).TIF;58.59156;-13.63871;54.10736;55.94098;-15.28679;46.96368;19.12410;81.33778;60.74950;365.73124;6615.83514;3690.50186 
 H&E;H&E-NORMAL  GLOMERULUS    (40).jpg;70.68957;2.65602;49.00705;68.37971;11.07806;49.00247;15.86165;81.66246;58.59541;251.59191;6668.75784;3433.42263 
 H&E;H&E-NORMAL  GLOMERULUS    (41).jpg;60.86157;25.39078;53.01846;57.80977;30.02761;58.33360;16.92339;81.08319;54.04623;286.40124;6574.48437;2920.99545 
 H&E;H&E-NORMAL  GLOMERULUS    (42).jpg;65.50108;-0.60699;53.50933;63.28037;1.85513;56.67242;16.23988;85.89918;52.58786;263.73381;7378.66857;2765.48342 
 H&E;H&E-NORMAL  GLOMERULUS    (43).jpg;59.20505;9.49844;50.57772;56.08224;18.29297;53.95696;16.79469;81.97801;52.72360;282.06158;6720.39442;2779.77810 
 H&E;H&E-NORMAL  GLOMERULUS    (44).jpg;58.86814;14.29575;39.41738;54.55898;29.97502;41.29784;17.69321;92.12536;55.03233;313.04984;8487.08196;3028.55693 
 H&E;H&E-NORMAL  GLOMERULUS    (45).jpg;61.70145;0.17040;34.45588;58.78964;4.58179;36.58312;17.16833;75.58116;58.67123;294.75159;5712.51166;3442.31336 
 H&E;H&E-NORMAL  GLOMERULUS    (46).jpg;62.41883;-0.38117;22.98490;60.34298;1.72646;22.36730;17.70436;80.25930;54.45765;313.44426;6441.55588;2965.63607 
 H&E;H&E-NORMAL  GLOMERULUS    (47).jpg;60.36790;-1.75180;43.23666;56.93340;7.50847;45.72187;17.69052;82.33174;55.38050;312.95445;6778.51540;3066.99949 
 H&E;H&E-NORMAL  GLOMERULUS    (48).jpg;64.70539;-20.51342;72.10450;62.09367;-14.25994;69.34016;17.36184;81.57135;56.64437;301.43353;6653.88539;3208.58488 
 H&E;H&E-NORMAL  GLOMERULUS    (49).jpg;62.38893;18.86400;35.15888;59.20732;20.62035;36.63579;17.91296;81.32326;57.62716;320.87424;6613.47328;3320.88978 
 H&E;H&E-NORMAL  GLOMERULUS    (5).jpg;67.55359;-4.34608;65.01602;65.75070;2.00801;62.95626;17.16353;80.80470;56.05578;294.58692;6529.39875;3142.25059 
 H&E;H&E-NORMAL  GLOMERULUS    (5).TIF;59.71051;-6.55864;50.29102;56.28366;-11.08068;50.37563;18.35111;81.69457;52.44340;336.76334;6674.00210;2750.30981 
 H&E;H&E-NORMAL  GLOMERULUS    (50).jpg;67.30301;8.20008;50.95525;65.88601;11.66981;54.59239;15.60176;72.29677;51.04020;243.41499;5226.82348;2605.10157 
 H&E;H&E-NORMAL  GLOMERULUS    (51).jpg;62.31803;-5.12654;31.68857;61.69695;-5.95258;32.99059;17.92699;73.23884;68.67741;321.37702;5363.92805;4716.58694 
 H&E;H&E-NORMAL  GLOMERULUS    (52).jpg;61.68702;13.06905;26.33413;60.23713;13.34874;30.79498;16.10176;75.97129;57.71249;259.26666;5771.63667;3330.73180 
 H&E;H&E-NORMAL  GLOMERULUS    (53).jpg;54.67674;11.39917;38.84290;50.43739;24.36926;46.36635;18.12385;83.98235;42.52569;328.47376;7053.03571;1808.43473 
 H&E;H&E-NORMAL  GLOMERULUS    (54).jpg;53.45176;23.46871;28.52976;49.50825;44.41613;31.79685;16.56868;84.84886;45.91280;274.52107;7199.32987;2107.98488 
 H&E;H&E-NORMAL  GLOMERULUS    (55).jpg;63.93126;8.49711;98.95418;60.23744;30.50263;102.25239;18.18701;97.14668;36.10192;330.76746;9437.47751;1303.34845 
 H&E;H&E-NORMAL  GLOMERULUS    (56).jpg;61.60023;-2.62400;78.71820;56.71940;23.13729;81.61901;17.44035;95.60860;40.90998;304.16578;9141.00510;1673.62684 
 H&E;H&E-NORMAL  GLOMERULUS    (57).jpg;57.81397;35.98979;27.27293;54.77506;51.05131;32.55884;15.32151;86.05416;42.71480;234.74858;7405.31825;1824.55396 
 H&E;H&E-NORMAL  GLOMERULUS    (58).jpg;61.74881;10.76597;57.91726;59.51986;16.65698;61.06119;16.50465;82.18733;58.36904;272.40359;6754.75644;3406.94493 
 H&E;H&E-NORMAL  GLOMERULUS    (59).jpg;64.55057;28.13508;65.12506;63.54987;26.57487;71.09722;14.98858;82.17403;45.25977;224.65757;6752.57166;2048.44677 
 H&E;H&E-NORMAL  GLOMERULUS    (6).jpg;73.09318;-5.60504;67.45453;72.40564;-2.61127;67.16890;12.50850;65.38269;59.55101;156.46265;4274.89576;3546.32251 
 H&E;H&E-NORMAL  GLOMERULUS    (6).TIF;57.47307;15.77462;48.38504;52.90061;22.30591;50.37259;18.68646;87.75366;52.60559;349.18363;7700.70503;2767.34860 
 H&E;H&E-NORMAL  GLOMERULUS    (60).jpg;61.52961;18.02335;63.80663;58.19907;28.59241;70.61226;16.85256;91.28126;42.66503;284.00877;8332.26827;1820.30500 
 H&E;H&E-NORMAL  GLOMERULUS    (61).jpg;62.04422;-2.58975;48.75933;59.90297;3.35890;54.31657;16.29038;85.28658;57.48877;265.37656;7273.80034;3304.95919 
 H&E;H&E-NORMAL  GLOMERULUS    (62).jpg;59.10432;9.43429;63.10102;55.74252;23.05991;71.33910;17.05229;91.67135;49.51988;290.78062;8403.63713;2452.21879 
 H&E;H&E-NORMAL  GLOMERULUS    (63).jpg;60.53655;32.80406;60.28036;56.48207;49.09409;66.17761;16.55524;94.09487;52.16772;274.07612;8853.84549;2721.47083 
 H&E;H&E-NORMAL  GLOMERULUS    (64).jpg;59.31493;33.82672;49.99302;56.46591;48.08580;54.35200;15.42430;85.41934;46.07610;237.90891;7296.46331;2123.00684 
 H&E;H&E-NORMAL  GLOMERULUS    (65).jpg;50.26594;74.18046;73.20488;45.77823;97.55550;76.00014;16.48126;89.30798;49.10882;271.63178;7975.91523;2411.67668 
 H&E;H&E-NORMAL  GLOMERULUS    (66).jpg;52.70486;42.14871;52.37977;47.58237;67.39743;53.63219;17.54739;96.29278;47.03946;307.91096;9272.29867;2212.71036 
 H&E;H&E-NORMAL  GLOMERULUS    (67).jpg;49.56377;68.21542;86.41641;46.51588;86.23491;89.54500;15.51522;79.45442;41.49886;240.72194;6313.00463;1722.15555 
 H&E;H&E-NORMAL  GLOMERULUS    (68).jpg;52.27272;74.64873;57.60873;50.84708;83.70646;67.34351;13.23528;69.11283;44.36259;175.17271;4776.58349;1968.03945 
 H&E;H&E-NORMAL  GLOMERULUS    (69).jpg;50.41804;43.81148;75.96692;46.11580;62.54371;80.09775;17.02206;89.04962;40.86694;289.75037;7929.83536;1670.10690 
 H&E;H&E-NORMAL  GLOMERULUS    (7).jpg;74.42700;-36.76088;62.92555;73.82401;-36.10682;64.00541;12.01508;65.99118;61.29297;144.36215;4354.83612;3756.82849 
 H&E;H&E-NORMAL  GLOMERULUS    (7).TIF;58.74211;2.26736;60.82783;55.18963;0.00181;59.77918;18.18090;79.90121;55.80944;330.54500;6384.20355;3114.69354 
 H&E;H&E-NORMAL  GLOMERULUS    (70).jpg;57.27819;26.95035;78.43891;52.68208;52.29352;82.13604;16.95721;95.28987;44.19798;287.54706;9080.15838;1953.46163 
 H&E;H&E-NORMAL  GLOMERULUS    (71).jpg;54.37360;41.34083;54.26139;51.62556;57.02204;56.71131;14.23450;75.71432;39.46257;202.62097;5732.65773;1557.29410 
 H&E;H&E-NORMAL  GLOMERULUS    (72).jpg;53.17499;54.06737;51.82892;51.06102;73.99763;56.46857;13.72928;73.15778;43.85869;188.49310;5352.06081;1923.58491 
 H&E;H&E-NORMAL  GLOMERULUS    (73).jpg;62.67124;44.65789;50.48858;60.02820;62.74115;58.12241;12.66589;76.85456;42.60841;160.42485;5906.62303;1815.47688 
 H&E;H&E-NORMAL  GLOMERULUS    (74).jpg;51.10658;50.18032;55.43744;47.80951;71.33802;63.65695;15.13816;81.37455;44.58404;229.16393;6621.81792;1987.73669 
 H&E;H&E-NORMAL  GLOMERULUS    (75).jpg;56.50450;68.42413;68.83655;53.83544;84.79259;76.72940;13.27352;78.74098;45.43476;176.18641;6200.14173;2064.31763 
 H&E;H&E-NORMAL  GLOMERULUS    (76).jpg;55.50356;52.21085;74.14655;51.65749;76.65553;80.48696;16.38779;86.55687;44.01814;268.55970;7492.09209;1937.59707 
 H&E;H&E-NORMAL  GLOMERULUS    (77).jpg;55.94111;27.87278;66.41163;53.68301;41.56169;73.54115;14.55651;76.19964;44.75707;211.89197;5806.38582;2003.19535 
 H&E;H&E-NORMAL  GLOMERULUS    (78).jpg;52.02190;38.45247;88.11100;48.23131;56.32432;98.55012;15.90393;83.89615;47.37934;252.93490;7038.56403;2244.80194 
 H&E;H&E-NORMAL  GLOMERULUS    (79).jpg;52.41620;65.31279;60.37722;49.32815;89.63055;71.83154;15.15930;88.04586;46.53362;229.80452;7752.07365;2165.37819 
 H&E;H&E-NORMAL  GLOMERULUS    (8).jpg;73.36872;-18.98696;57.69637;72.45628;-16.11795;57.76252;13.69808;75.76367;53.98092;187.63747;5740.13306;2913.94016 
 H&E;H&E-NORMAL  GLOMERULUS    (8).TIF;60.73592;9.00088;35.84279;58.07763;6.76389;33.09226;17.75067;77.69964;50.27921;315.08616;6037.23472;2527.99904 
 H&E;H&E-NORMAL  GLOMERULUS    (80).jpg;57.81254;8.64591;48.77812;53.38922;27.16313;53.60127;17.43545;93.24799;51.64418;303.99493;8695.18726;2667.12087 
 H&E;H&E-NORMAL  GLOMERULUS    (81).jpg;56.37903;25.74516;48.00038;52.85434;41.62685;54.07451;16.03445;88.88185;52.38868;257.10371;7899.98341;2744.57356 
 H&E;H&E-NORMAL  GLOMERULUS    (82).jpg;52.11738;24.58979;46.42643;48.03641;44.69741;52.10223;17.18937;81.79176;50.69272;295.47427;6689.89147;2569.75138 
 H&E;H&E-NORMAL  GLOMERULUS    (83).jpg;48.55184;67.14702;49.59735;45.07528;89.65970;56.45416;15.85466;81.66662;49.93388;251.37030;6669.43601;2493.39252 
 H&E;H&E-NORMAL  GLOMERULUS    (84).jpg;51.53668;62.83423;68.00228;48.34175;81.65546;71.96336;15.20413;81.73671;48.57550;231.16561;6680.88930;2359.57938 
 H&E;H&E-NORMAL  GLOMERULUS    (85).jpg;52.62291;47.01805;42.51110;48.62842;69.02953;49.74601;16.69193;84.08951;47.22232;278.62041;7071.04644;2229.94744 
 H&E;H&E-NORMAL  GLOMERULUS    (86).jpg;53.51141;27.53912;53.49352;49.49102;48.80124;60.95397;16.21236;86.42892;48.42156;262.84066;7469.95893;2344.64732 
 H&E;H&E-NORMAL  GLOMERULUS    (87).jpg;52.51846;41.98770;34.66968;48.49250;62.72881;40.92354;17.57740;81.58089;46.75049;308.96490;6655.44107;2185.60807 
 H&E;H&E-NORMAL  GLOMERULUS    (88).jpg;52.49372;59.22443;58.41634;50.59433;73.43704;66.47927;13.72664;69.53871;41.04623;188.42064;4835.63167;1684.79276 
 H&E;H&E-NORMAL  GLOMERULUS    (89).jpg;53.41026;52.78440;38.64520;50.33641;69.45641;47.67343;14.61039;76.96728;48.78724;213.46336;5923.96188;2380.19501 
 H&E;H&E-NORMAL  GLOMERULUS    (9).jpg;63.31541;13.29634;71.00437;61.33356;22.86705;74.32081;16.38832;77.55339;56.56299;268.57699;6014.52882;3199.37143 
 H&E;H&E-NORMAL  GLOMERULUS    (9).TIF;59.93363;9.13411;53.32992;56.52628;7.07781;52.66980;18.17155;70.93765;53.30318;330.20520;5032.15025;2841.22947 
 H&E;H&E-NORMAL  GLOMERULUS    (90).jpg;56.62894;32.20643;51.55980;54.84744;45.12573;55.09468;13.76170;74.43251;42.10306;189.38452;5540.19920;1772.66806 
 H&E;H&E-NORMAL  GLOMERULUS    (91).jpg;58.30546;24.45996;37.40497;55.16520;40.01836;40.14136;15.11256;79.97964;52.77178;228.38935;6396.74247;2784.86091 
 H&E;H&E-NORMAL  GLOMERULUS    (92).jpg;52.40675;63.06104;41.60990;49.50792;81.94590;53.18512;15.01682;81.18150;44.79016;225.50499;6590.43653;2006.15841 
 H&E;H&E-NORMAL  GLOMERULUS    (93).jpg;58.32937;65.98561;34.33070;56.12018;85.52293;39.80024;12.57358;70.32131;45.93935;158.09483;4945.08659;2110.42342 
 H&E;H&E-NORMAL  GLOMERULUS    (94).jpg;56.42646;48.97525;55.84802;52.95563;69.65776;64.48686;15.20618;86.24094;46.13200;231.22805;7437.49944;2128.16147 
 H&E;H&E-NORMAL  GLOMERULUS    (95).jpg;51.40914;26.92694;39.74169;47.68703;45.52156;48.87870;16.20311;78.66430;47.78645;262.54081;6188.07209;2283.54437 
 H&E;H&E-NORMAL  GLOMERULUS    (96).jpg;54.11878;48.00102;15.47305;51.23308;68.64323;23.08553;14.27006;75.04120;41.82847;203.63459;5631.18119;1749.62118 
 H&E;H&E-NORMAL  GLOMERULUS    (97).jpg;55.45147;53.14705;32.19609;51.79626;76.23432;42.02438;16.54358;81.58385;53.19265;273.68996;6655.92521;2829.45788 
 H&E;H&E-NORMAL  GLOMERULUS    (98).jpg;60.24483;62.98566;56.30305;58.85254;74.28415;64.05757;11.66902;70.92481;46.08576;136.16601;5030.32930;2123.89710 
 H&E;H&E-NORMAL  GLOMERULUS    (99).jpg;52.21893;37.06068;59.00665;50.35091;45.95043;68.15173;14.02312;77.71054;40.28996;196.64799;6038.92837;1623.28090 
 H&E;NORMAL  GLOMERULUS  -  AZAN  (4).jpg;41.02093;-3.27352;40.04878;35.92018;13.98679;53.70822;17.34733;90.31568;68.02591;300.92988;8156.92209;4627.52508 
 H&E;NORMAL  GLOMERULUS  -  AZAN  (5).jpg;38.03620;-3.80441;52.85627;31.89692;14.54536;68.52618;18.40105;87.19414;68.33453;338.59862;7602.81763;4669.60791 
 H&E;NORMAL  GLOMERULUS  -  AZAN  (6).jpg;45.08211;-20.66821;38.49604;40.42979;-24.16474;53.36281;19.36922;83.65801;73.13783;375.16651;6998.66181;5349.14168 
 PAMS;PAMS-MEMBRANOUS  (10).jpg;59.87086;-29.99865;42.94367;70.22369;-34.78036;60.17269;28.16531;72.10059;68.25989;793.28452;5198.49553;4659.41318 
 PAMS;PAMS-MEMBRANOUS  (11).jpg;61.73337;-44.95481;50.34518;70.52124;-51.75876;66.25261;28.67137;60.59562;67.97946;822.04774;3671.82893;4621.20698 
 PAMS;PAMS-MEMBRANOUS  (12).jpg;75.36344;-58.08327;61.68577;88.59020;-68.86065;86.00172;24.85045;50.39676;61.30140;617.54473;2539.83296;3757.86135 
 PAMS;PAMS-MEMBRANOUS  (13).jpg;71.81358;-38.54464;67.91389;88.05892;-50.19473;96.35509;27.30964;43.44507;69.76938;745.81670;1887.47450;4867.76696 
 PAMS;PAMS-MEMBRANOUS  (14).jpg;66.33846;-69.04233;61.17259;83.03991;-76.39736;90.14954;29.08121;42.36656;71.28826;845.71697;1794.92566;5082.01632 
 PAMS;PAMS-MEMBRANOUS  (15).jpg;40.08609;-34.44945;-14.23805;32.37452;-27.83548;-35.70652;33.69965;48.38499;72.55057;1135.66626;2341.10680;5263.58488 
 PAMS;PAMS-MEMBRANOUS  (16).jpg;50.97319;-53.38615;40.70324;55.87848;-59.50062;39.05868;31.82633;46.37324;58.07397;1012.91534;2150.47762;3372.58650 
 PAMS;PAMS-MEMBRANOUS  (17).jpg;42.59894;-26.67032;-10.51877;36.70832;-19.62020;-29.29709;34.66977;43.98723;67.37250;1201.99315;1934.87671;4539.05384 
 PAMS;PAMS-MEMBRANOUS  (18).jpg;40.10586;-15.95932;-9.97523;32.88365;-9.96383;-29.69693;33.93462;42.86468;68.99058;1151.55869;1837.38092;4759.69978 
 PAMS;PAMS-MEMBRANOUS  (19).jpg;56.54109;-42.34191;46.84700;67.06451;-45.70037;54.67575;34.26024;42.41873;60.04699;1173.76397;1799.34883;3605.64152 
 PAMS;PAMS-MEMBRANOUS  (20).jpg;69.63292;-80.31890;52.98350;85.49720;-85.91915;75.25431;32.20971;39.08105;65.37980;1037.46543;1527.32869;4274.51828 
 PAMS;PAMS-MEMBRANOUS  (21).jpg;52.62181;-34.82689;50.63074;49.92563;-20.72753;39.56893;35.11343;54.06319;71.39726;1232.95300;2922.82819;5097.56909 
 PAMS;PAMS-MEMBRANOUS  (22).jpg;50.94494;-43.02433;36.92075;47.98039;-26.34673;23.29207;34.89652;53.87087;72.76726;1217.76713;2902.07031;5295.07417 
 PAMS;PAMS-MEMBRANOUS  (8).jpg;59.26577;-46.33113;50.04771;69.34353;-52.69287;61.09016;31.49209;46.01425;63.15728;991.75173;2117.31124;3988.84239 
 PAMS;PAMS-MEMBRANOUS  (9).jpg;58.37146;-35.02368;62.73150;65.14465;-38.54573;76.95506;28.27786;77.68094;62.53526;799.63743;6034.32819;3910.65814 
 PAMS;PAMS-NORMAL  GLOMERULUS  (36).jpg;66.95317;-3.31018;1.82538;78.31861;-9.00883;9.37346;25.93945;38.17388;40.06255;672.85515;1457.24539;1605.00801 
 PAMS;PAMS-NORMAL  GLOMERULUS  (37).jpg;72.09967;-45.89378;63.92880;83.57061;-48.99940;71.21688;25.25251;25.79462;35.31776;637.68949;665.36246;1247.34450 
 PAMS;PAMS-NORMAL  GLOMERULUS  (38).jpg;80.18791;-87.75239;27.10019;91.22539;-93.01290;38.97583;24.17509;23.17688;40.02806;584.43494;537.16762;1602.24584 
 PAMS;PAMS-NORMAL  GLOMERULUS  (39).jpg;37.71628;1.88935;9.45939;31.52590;-4.43277;8.79078;30.47401;31.69580;34.65569;928.66521;1004.62365;1201.01655 
 PAS;PAS-GLOMERULAR  SCLEROSIS  GLOMERULUS  (100).jpg;62.27931;-22.19946;-8.38971;61.92252;-28.38587;-14.54692;16.79315;56.01505;54.91146;282.00973;3137.68596;3015.26814 
 PAS;PAS-GLOMERULAR  SCLEROSIS  GLOMERULUS  (101).jpg;62.57025;-43.76570;47.26154;61.48779;-59.72528;41.44147;18.70505;64.57380;56.17982;349.87905;4169.77593;3156.17167 
 PAS;PAS-GLOMERULAR  SCLEROSIS  GLOMERULUS  (102).jpg;54.61105;11.63215;-1.87447;53.93985;13.50242;-5.61958;16.67741;64.67772;52.47958;278.13597;4183.20701;2754.10676 
 PAS;PAS-GLOMERULAR  SCLEROSIS  GLOMERULUS  (103).jpg;59.21799;-24.95030;4.61215;60.22612;-34.37240;0.47759;19.22392;55.13085;55.92817;369.55926;3039.41030;3127.96009 
 PAS;PAS-GLOMERULAR  SCLEROSIS  GLOMERULUS  (104).jpg;63.26332;-42.70023;40.08276;65.41503;-48.61238;39.14333;19.05390;52.49982;41.28773;363.05114;2756.23138;1704.67692 
 PAS;PAS-GLOMERULAR  SCLEROSIS  GLOMERULUS  (105).jpg;66.31838;-23.36289;31.50663;67.21418;-34.52853;27.77810;16.06006;64.42764;51.87220;257.92555;4150.92130;2690.72509 
 PAS;PAS-GLOMERULAR  SCLEROSIS  GLOMERULUS  (106).jpg;57.00367;-31.72845;0.26866;57.42345;-42.18766;-5.91490;17.15264;62.83886;53.89695;294.21312;3948.72188;2904.88132 
 PAS;PAS-GLOMERULAR  SCLEROSIS  GLOMERULUS  (107).jpg;53.76891;6.93104;7.52503;53.20031;7.41669;3.27204;16.75579;71.25306;50.01782;280.75654;5076.99903;2501.78209 
 PAS;PAS-GLOMERULAR  SCLEROSIS  GLOMERULUS  (108).jpg;57.62536;-1.00506;18.43202;56.73647;0.68036;14.15527;18.11335;63.33328;43.21877;328.09355;4011.10407;1867.86233 
 PAS;PAS-GLOMERULAR  SCLEROSIS  GLOMERULUS  (109).jpg;62.23229;-2.28323;27.87526;62.42760;-2.87774;24.47039;17.26686;51.31259;48.86077;298.14442;2632.98219;2387.37511 
 PAS;PAS-GLOMERULAR  SCLEROSIS  GLOMERULUS  (110).jpg;54.69154;15.20099;20.99487;53.41985;12.78497;11.90837;19.74284;64.68846;60.80941;389.77970;4184.59650;3697.78379 
 PAS;PAS-GLOMERULAR  SCLEROSIS  GLOMERULUS  (111).jpg;57.67248;5.98768;9.41435;57.43190;-0.28958;3.81934;17.90109;72.08785;52.20224;320.44904;5196.65750;2725.07423 
 PAS;PAS-GLOMERULAR  SCLEROSIS  GLOMERULUS  (112).jpg;55.84550;22.61266;-7.19626;56.72669;9.87926;-10.85364;22.11168;66.72680;70.51754;488.92622;4452.46522;4972.72307 
 PAS;PAS-GLOMERULAR  SCLEROSIS  GLOMERULUS  (113).jpg;62.91036;-9.98222;-0.56076;62.67732;-10.27955;-4.03549;15.04785;70.01896;53.71483;226.43772;4902.65432;2885.28273 
 PAS;PAS-GLOMERULAR  SCLEROSIS  GLOMERULUS  (114).jpg;59.39476;-32.67123;3.61811;60.14141;-39.41925;1.89873;17.09816;64.59116;47.01963;292.34695;4172.01747;2210.84568 
 PAS;PAS-GLOMERULAR  SCLEROSIS  GLOMERULUS  (115).jpg;57.50536;-2.64332;10.10807;56.84443;-5.44313;7.10088;16.01804;67.40723;55.36624;256.57766;4543.73490;3065.42009 
 PAS;PAS-GLOMERULAR  SCLEROSIS  GLOMERULUS  (116).jpg;64.87800;-30.95133;-0.93370;64.33873;-34.47514;-6.62914;14.98014;49.72092;56.01135;224.40472;2472.16951;3137.27161 
 PAS;PAS-GLOMERULAR  SCLEROSIS  GLOMERULUS  (117).jpg;67.30142;-27.35642;-9.82856;68.05120;-35.49736;-8.68271;15.26418;39.24046;44.87800;232.99510;1539.81402;2014.03516 
 PAS;PAS-GLOMERULAR  SCLEROSIS  GLOMERULUS  (118).jpg;70.29519;-8.74313;50.16689;71.51775;-22.49595;55.11422;15.09868;56.24898;57.08858;227.97024;3163.94739;3259.10593 
 PAS;PAS-GLOMERULAR  SCLEROSIS  GLOMERULUS  (119).jpg;67.28916;-16.50357;33.94323;67.95512;-23.70228;34.88496;13.90852;44.42603;41.51688;193.44686;1973.67252;1723.65151 
 PAS;PAS-GLOMERULAR  SCLEROSIS  GLOMERULUS  (120).jpg;67.32335;-19.21067;52.57251;67.89048;-25.96550;53.66632;13.62918;48.23568;41.60198;185.75460;2326.68109;1730.72495 
 PAS;PAS-GLOMERULAR  SCLEROSIS  GLOMERULUS  (121).jpg;65.33231;-11.28944;27.86469;65.24688;-13.89038;26.18192;13.80522;56.08376;45.59252;190.58398;3145.38862;2078.67789 
 PAS;PAS-GLOMERULAR  SCLEROSIS  GLOMERULUS  (122).jpg;66.47728;-41.79902;57.83811;66.78919;-43.41761;59.32282;13.54629;43.06636;43.65734;183.50188;1854.71104;1905.96320 
 PAS;PAS-GLOMERULAR  SCLEROSIS  GLOMERULUS  (123).jpg;68.57399;-9.05796;62.91261;68.79787;-8.57990;62.94991;12.18620;45.73083;41.03137;148.50345;2091.30882;1683.57370 
 PAS;PAS-GLOMERULAR  SCLEROSIS  GLOMERULUS  (124).jpg;72.83840;-64.11981;55.77141;73.87411;-74.36013;60.43361;12.56875;39.63823;47.43668;157.97360;1571.18920;2250.23901 
 PAS;PAS-GLOMERULAR  SCLEROSIS  GLOMERULUS  (125).jpg;56.68930;-5.49489;23.96291;58.04294;-13.10986;22.07083;17.07142;68.40467;43.10838;291.43338;4679.19903;1858.33211 
 PAS;PAS-GLOMERULAR  SCLEROSIS  GLOMERULUS  (126).jpg;56.30934;-16.28809;13.51415;57.72052;-26.85838;12.30731;17.10093;54.79719;49.43030;292.44181;3002.73190;2443.35466 
 PAS;PAS-GLOMERULAR  SCLEROSIS  GLOMERULUS  (127).jpg;57.21392;-42.97873;14.95147;58.66490;-52.90025;14.21898;17.46133;59.76863;46.00953;304.89816;3572.28947;2116.87656 
 PAS;PAS-GLOMERULAR  SCLEROSIS  GLOMERULUS  (128).jpg;59.99222;-24.37078;21.96549;59.73087;-36.80855;18.01057;20.49768;71.62424;59.25566;420.15505;5130.03247;3511.23365 
 PAS;PAS-GLOMERULAR  SCLEROSIS  GLOMERULUS  (129).jpg;67.45282;-24.78184;20.74271;69.14953;-40.15461;20.97212;18.22780;69.51015;51.66675;332.25284;4831.66142;2669.45270 
 PAS;PAS-GLOMERULAR  SCLEROSIS  GLOMERULUS  (130).jpg;65.19457;-50.56992;55.32783;65.76809;-61.11876;54.79547;17.20644;52.33050;44.13335;296.06170;2738.48108;1947.75300 
 PAS;PAS-GLOMERULAR  SCLEROSIS  GLOMERULUS  (131).jpg;64.75430;-19.47388;44.52428;66.84125;-34.98785;43.60291;19.28533;65.16649;52.22956;371.92414;4246.67085;2727.92728 
 PAS;PAS-GLOMERULAR  SCLEROSIS  GLOMERULUS  (132).jpg;58.16709;-33.22157;-19.68578;58.38049;-39.23981;-23.50148;16.06463;61.93861;50.18346;258.07227;3836.39091;2518.38000 
 PAS;PAS-GLOMERULAR  SCLEROSIS  GLOMERULUS  (133).jpg;59.37823;-22.91133;7.28092;60.42293;-28.70068;8.35692;15.65289;63.58984;51.02020;245.01303;4043.66734;2603.06038 
 PAS;PAS-GLOMERULAR  SCLEROSIS  GLOMERULUS  (134).jpg;57.58908;-5.09754;15.55603;57.63621;-9.84758;13.43049;16.63497;67.76969;50.92029;276.72212;4592.73039;2592.87571 
 PAS;PAS-GLOMERULAR  SCLEROSIS  GLOMERULUS  (135).jpg;58.55613;-10.36328;-23.30221;56.95339;-19.76040;-35.70477;16.64583;87.21094;63.92561;277.08375;7605.74892;4086.48306 
 PAS;PAS-GLOMERULAR  SCLEROSIS  GLOMERULUS  (136).jpg;54.79161;-20.89244;-4.22733;52.63191;-30.89629;-19.12272;19.62816;87.03168;67.56518;385.26452;7574.51273;4565.05412 
 PAS;PAS-GLOMERULAR  SCLEROSIS  GLOMERULUS  (137).jpg;60.75775;-57.20196;4.95834;61.31108;-69.81891;-5.63501;19.77827;79.45396;68.30615;391.17983;6312.93239;4665.72983 
 PAS;PAS-GLOMERULAR  SCLEROSIS  GLOMERULUS  (138).jpg;56.16101;-27.29755;25.53856;54.02394;-29.74787;13.78995;19.36719;74.15042;70.52361;375.08786;5498.28469;4973.57950 
 PAS;PAS-GLOMERULAR  SCLEROSIS  GLOMERULUS  (139).jpg;53.40305;-0.21374;29.48178;54.09390;-1.90762;30.57709;17.72135;63.50205;58.18712;314.04632;4032.51047;3385.74150 
 PAS;PAS-GLOMERULAR  SCLEROSIS  GLOMERULUS  (140).jpg;58.19098;-12.15904;11.97150;57.61014;-14.08126;1.91936;19.37929;76.76558;75.34069;375.55707;5892.95355;5676.21994 
 PAS;PAS-GLOMERULAR  SCLEROSIS  GLOMERULUS  (51).jpg;67.62364;-20.80693;19.55422;67.78745;-27.18865;16.90094;13.65745;54.02739;53.83998;186.52593;2918.95915;2898.74381 
 PAS;PAS-GLOMERULAR  SCLEROSIS  GLOMERULUS  (52).jpg;75.42387;-41.31441;4.17674;74.92683;-47.76514;-4.88463;16.22610;72.63003;72.42140;263.28634;5275.12184;5244.85912 
 PAS;PAS-GLOMERULAR  SCLEROSIS  GLOMERULUS  (53).jpg;64.41613;-29.07356;12.28505;66.35929;-43.64471;11.78044;18.15942;54.64107;67.51559;329.76470;2985.64671;4558.35433 
 PAS;PAS-GLOMERULAR  SCLEROSIS  GLOMERULUS  (54).jpg;65.83228;-4.28923;32.88042;67.61257;-15.23063;31.58351;16.83770;49.69059;50.09116;283.50814;2469.15515;2509.12442 
 PAS;PAS-GLOMERULAR  SCLEROSIS  GLOMERULUS  (55).jpg;66.74275;-36.78986;8.20381;69.55584;-49.83692;10.66694;18.73856;52.81329;63.13878;351.13372;2789.24314;3986.50517 
 PAS;PAS-GLOMERULAR  SCLEROSIS  GLOMERULUS  (56).jpg;69.89046;-54.33536;11.38407;70.50287;-60.29720;9.97191;19.25575;61.90736;60.76071;370.78394;3832.52165;3691.86423 
 PAS;PAS-GLOMERULAR  SCLEROSIS  GLOMERULUS  (57).jpg;59.85795;-42.24116;28.20747;58.98448;-49.99365;19.62588;16.96930;60.69676;63.03739;287.95705;3684.09653;3973.71217 
 PAS;PAS-GLOMERULAR  SCLEROSIS  GLOMERULUS  (58).jpg;61.04136;-0.97132;-10.34469;59.27579;-9.27462;-22.53717;17.70318;69.16818;71.85939;313.40268;4784.23758;5163.77206 
 PAS;PAS-GLOMERULAR  SCLEROSIS  GLOMERULUS  (59).jpg;64.22943;4.35599;2.69559;63.06873;-2.13763;-5.09437;16.55733;59.20762;65.62011;274.14523;3505.54280;4305.99946 
 PAS;PAS-GLOMERULAR  SCLEROSIS  GLOMERULUS  (60).jpg;58.25204;-15.21860;-23.79260;57.26541;-26.32655;-32.24760;15.73143;55.15605;61.66428;247.47777;3042.18951;3802.48365 
 PAS;PAS-GLOMERULAR  SCLEROSIS  GLOMERULUS  (61).jpg;63.50065;-20.34488;14.32475;62.67945;-26.35722;7.65602;15.39971;61.35836;60.95340;237.15095;3764.84836;3715.31694 
 PAS;PAS-GLOMERULAR  SCLEROSIS  GLOMERULUS  (62).jpg;66.78723;5.84426;22.92581;66.51210;2.03459;24.27564;14.50639;51.52147;58.11121;210.43534;2654.46167;3376.91302 
 PAS;PAS-GLOMERULAR  SCLEROSIS  GLOMERULUS  (63).jpg;68.71865;-20.61856;33.73831;70.48069;-24.07751;37.59666;12.94296;37.39584;39.69676;167.52016;1398.44853;1575.83273 
 PAS;PAS-GLOMERULAR  SCLEROSIS  GLOMERULUS  (64).jpg;68.30583;-50.80605;29.40646;69.27074;-60.15415;27.00571;17.15338;57.29911;51.58056;294.23837;3283.18753;2660.55392 
 PAS;PAS-GLOMERULAR  SCLEROSIS  GLOMERULUS  (65).jpg;68.25888;-51.16963;32.79000;69.25079;-60.08228;29.14878;18.40861;56.71493;59.57215;338.87696;3216.58284;3548.84048 
 PAS;PAS-GLOMERULAR  SCLEROSIS  GLOMERULUS  (66).jpg;78.78094;-70.91965;36.30796;80.39114;-81.70625;35.85447;15.10743;51.49778;62.19670;228.23440;2652.02093;3868.42976 
 PAS;PAS-GLOMERULAR  SCLEROSIS  GLOMERULUS  (67).jpg;68.61629;-35.39842;13.10555;68.56544;-47.85673;4.11022;18.17321;58.14217;65.47129;330.26547;3380.51171;4286.48936 
 PAS;PAS-GLOMERULAR  SCLEROSIS  GLOMERULUS  (68).jpg;74.88704;-10.07208;19.87476;76.21031;-19.10913;14.44359;14.82431;61.07772;56.78597;219.76006;3730.48835;3224.64608 
 PAS;PAS-GLOMERULAR  SCLEROSIS  GLOMERULUS  (69).jpg;65.30417;-30.66875;21.29097;67.81340;-41.98815;25.49365;13.57588;53.20832;47.60945;184.30452;2831.12488;2266.66013 
 PAS;PAS-GLOMERULAR  SCLEROSIS  GLOMERULUS  (70).jpg;66.04680;-32.13183;8.00891;66.72912;-38.94080;7.50051;13.72478;57.89858;50.76670;188.36970;3352.24614;2577.25788 
 PAS;PAS-GLOMERULAR  SCLEROSIS  GLOMERULUS  (71).jpg;59.89398;-26.36232;11.49167;58.62195;-34.24835;1.42314;19.62770;53.08735;67.69814;385.24641;2818.26707;4583.03793 
 PAS;PAS-GLOMERULAR  SCLEROSIS  GLOMERULUS  (72).jpg;64.03752;-23.72973;-6.15146;63.74085;-29.77416;-8.83448;17.53096;54.54980;44.17754;307.33453;2975.68088;1951.65534 
 PAS;PAS-GLOMERULAR  SCLEROSIS  GLOMERULUS  (73).jpg;70.55731;-44.06772;23.59649;71.18487;-48.39925;23.86039;14.39649;48.47114;54.13406;207.25883;2349.45142;2930.49621 
 PAS;PAS-GLOMERULAR  SCLEROSIS  GLOMERULUS  (74).jpg;64.79913;-47.89933;6.48324;65.75500;-57.31151;4.35811;16.41070;54.49895;49.78560;269.31118;2970.13600;2478.60627 
 PAS;PAS-GLOMERULAR  SCLEROSIS  GLOMERULUS  (75).jpg;62.16783;-37.66602;25.77333;62.40866;-42.90988;20.72011;20.46258;60.12615;61.84737;418.71709;3615.15386;3825.09704 
 PAS;PAS-GLOMERULAR  SCLEROSIS  GLOMERULUS  (76).jpg;73.54540;-51.22975;67.41392;74.79450;-60.01190;64.84074;22.51935;58.39627;59.65975;507.12102;3410.12444;3559.28587 
 PAS;PAS-GLOMERULAR  SCLEROSIS  GLOMERULUS  (77).jpg;55.72834;4.93853;-22.85999;54.07119;15.11060;-30.32921;15.06720;75.31784;52.60555;227.02044;5672.77688;2767.34350 
 PAS;PAS-GLOMERULAR  SCLEROSIS  GLOMERULUS  (78).jpg;59.22584;-0.78506;-18.83155;59.20913;-2.40584;-21.89489;16.05826;59.26042;50.43734;257.86779;3511.79698;2543.92525 
 PAS;PAS-GLOMERULAR  SCLEROSIS  GLOMERULUS  (79).jpg;60.16966;-14.87971;-1.12394;59.65389;-22.73325;-6.97186;16.86002;70.94339;47.85917;284.26020;5032.96473;2290.50061 
 PAS;PAS-GLOMERULAR  SCLEROSIS  GLOMERULUS  (80).jpg;65.84984;-27.42628;20.39058;66.09221;-34.32561;18.14400;16.58450;55.13845;55.20902;275.04554;3040.24908;3048.03576 
 PAS;PAS-GLOMERULAR  SCLEROSIS  GLOMERULUS  (81).jpg;68.66506;-59.92342;39.76289;68.44213;-65.61740;36.34571;16.85581;54.27266;59.72960;284.11847;2945.52194;3567.62510 
 PAS;PAS-GLOMERULAR  SCLEROSIS  GLOMERULUS  (82).jpg;67.57092;-23.16121;62.73611;67.07130;-28.52501;58.56220;15.86992;64.92267;52.19722;251.85448;4214.95349;2724.54957 
 PAS;PAS-GLOMERULAR  SCLEROSIS  GLOMERULUS  (83).jpg;58.60492;-36.63306;-11.99503;58.61700;-45.32010;-19.81884;18.67538;64.75274;64.00275;348.76982;4192.91712;4096.35153 
 PAS;PAS-GLOMERULAR  SCLEROSIS  GLOMERULUS  (84).jpg;65.56784;-53.73913;32.34077;67.14569;-68.31406;30.84616;16.22478;61.17837;55.08192;263.24359;3742.79333;3034.01823 
 PAS;PAS-GLOMERULAR  SCLEROSIS  GLOMERULUS  (85).jpg;62.83386;-58.39064;12.32129;64.47092;-67.35348;10.99616;17.02610;53.98995;47.87527;289.88802;2914.91481;2292.04102 
 PAS;PAS-GLOMERULAR  SCLEROSIS  GLOMERULUS  (86).jpg;62.36468;-44.12511;31.38588;64.06879;-54.84583;28.95972;19.53605;57.98340;56.05019;381.65734;3362.07524;3141.62398 
 PAS;PAS-GLOMERULAR  SCLEROSIS  GLOMERULUS  (87).jpg;62.43869;-11.73119;17.24062;63.86862;-23.10520;13.63145;19.29866;60.16079;52.27923;372.43843;3619.32074;2733.11757 
 PAS;PAS-GLOMERULAR  SCLEROSIS  GLOMERULUS  (88).jpg;64.33280;-23.26053;32.13877;66.39033;-34.16344;31.38404;19.22791;56.60175;54.28115;369.71256;3203.75857;2946.44285 
 PAS;PAS-GLOMERULAR  SCLEROSIS  GLOMERULUS  (89).jpg;59.98975;-37.51181;7.79557;60.95018;-43.26523;3.90359;18.80032;62.47722;48.53495;353.45213;3903.40321;2355.64125 
 PAS;PAS-GLOMERULAR  SCLEROSIS  GLOMERULUS  (90).jpg;63.80405;-58.63048;9.10209;65.28213;-63.10165;7.31677;17.66473;52.86982;47.27771;312.04274;2795.21808;2235.18143 
 PAS;PAS-GLOMERULAR  SCLEROSIS  GLOMERULUS  (91).jpg;62.96114;-3.05228;-9.03762;63.22369;-4.13147;-12.21188;11.93813;69.19997;55.12645;142.51903;4788.63578;3038.92514 
 PAS;PAS-GLOMERULAR  SCLEROSIS  GLOMERULUS  (92).jpg;63.85073;-22.91582;-8.59357;64.13477;-20.10631;-10.91888;11.92508;62.37823;45.49281;142.20746;3891.04307;2069.59541 
 PAS;PAS-GLOMERULAR  SCLEROSIS  GLOMERULUS  (93).jpg;56.60998;6.52891;-15.11378;56.77238;6.01109;-19.42047;14.59401;63.31399;49.63731;212.98515;4008.66177;2463.86243 
 PAS;PAS-GLOMERULAR  SCLEROSIS  GLOMERULUS  (94).jpg;50.83496;16.85490;59.39350;48.49086;20.81607;48.73586;15.47947;67.68587;40.95921;239.61385;4581.37718;1677.65651 
 PAS;PAS-GLOMERULAR  SCLEROSIS  GLOMERULUS  (95).jpg;68.51685;-49.63928;51.87881;68.89028;-55.87574;46.65421;16.35922;66.90659;53.24609;267.62406;4476.49116;2835.14562 
 PAS;PAS-GLOMERULAR  SCLEROSIS  GLOMERULUS  (96).jpg;69.48468;-46.89565;26.16396;68.99986;-53.81109;17.84234;18.10952;57.37031;67.86946;327.95461;3291.35220;4606.26384 
 PAS;PAS-GLOMERULAR  SCLEROSIS  GLOMERULUS  (97).jpg;73.53663;-10.57646;55.93101;74.53988;-11.20709;56.63945;13.90523;46.78998;57.91708;193.35529;2189.30234;3354.38872 
 PAS;PAS-GLOMERULAR  SCLEROSIS  GLOMERULUS  (98).jpg;73.92246;13.72000;50.81003;74.35109;10.21843;50.80456;13.83855;37.61903;49.29637;191.50550;1415.19106;2430.13248 
 PAS;PAS-GLOMERULAR  SCLEROSIS  GLOMERULUS  (99).jpg;74.20082;-85.57793;17.80567;73.71717;-92.21425;10.53696;17.37097;65.94367;69.55745;301.75058;4348.56697;4838.23910 
 PAS;PAS-NORMAL  GLOMERULUS  (10).jpg;70.56655;-31.43979;56.59545;70.76607;-40.96228;55.36498;14.46221;57.26293;63.36309;209.15559;3279.04345;4014.88160 
 PAS;PAS-NORMAL  GLOMERULUS  (11).jpg;67.60709;-30.44946;32.89005;68.31490;-38.92610;32.36406;14.52575;57.03410;66.36305;210.99742;3252.88820;4404.05410 
 PAS;PAS-NORMAL  GLOMERULUS  (12).jpg;66.21846;-50.22829;14.52503;66.77514;-57.93044;14.24881;15.32046;62.53323;64.23659;234.71651;3910.40438;4126.33960 
 PAS;PAS-NORMAL  GLOMERULUS  (13).jpg;63.67691;-32.44665;39.44119;63.46134;-39.68020;39.68127;16.23471;66.95069;57.70344;263.56572;4482.39447;3329.68703 
 PAS;PAS-NORMAL  GLOMERULUS  (14).jpg;68.87612;-63.34103;24.99042;69.47946;-71.70250;24.56811;15.01505;69.43618;62.56344;225.45179;4821.38315;3914.18378 
 PAS;PAS-NORMAL  GLOMERULUS  (15).jpg;64.73849;-54.49974;30.95338;64.70243;-66.71443;31.17951;16.76994;67.48479;61.16740;281.23095;4554.19726;3741.45122 
 PAS;PAS-NORMAL  GLOMERULUS  (16).jpg;70.84060;-39.28620;55.11881;71.07589;-52.31948;54.81939;13.95891;69.43600;62.50260;194.85123;4821.35790;3906.57511 
 PAS;PAS-NORMAL  GLOMERULUS  (17).jpg;70.60273;-37.41254;23.99831;70.98438;-42.31216;24.54466;14.18272;73.14895;57.99240;201.14961;5350.76882;3363.11898 
 PAS;PAS-NORMAL  GLOMERULUS  (18).jpg;71.59771;-25.27194;35.97178;71.13041;-32.70375;37.46215;11.62449;57.82726;56.95930;135.12870;3343.99225;3244.36131 
 PAS;PAS-NORMAL  GLOMERULUS  (19).jpg;65.36316;-38.42853;33.25308;64.05877;-41.69954;25.70812;15.17256;58.50667;64.81536;230.20653;3423.03028;4201.03150 
 PAS;PAS-NORMAL  GLOMERULUS  (20).jpg;74.35925;-29.94371;34.75556;74.00976;-38.07359;29.78842;10.65652;59.30781;54.75250;113.56134;3517.41631;2997.83667 
 PAS;PAS-NORMAL  GLOMERULUS  (21).jpg;65.07954;-32.15608;24.69222;64.75547;-36.16015;17.67750;16.48991;63.02057;69.77572;271.91720;3971.59278;4868.65104 
 PAS;PAS-NORMAL  GLOMERULUS  (22).jpg;69.84351;-29.74497;21.97776;69.13108;-35.97298;15.96947;14.88270;60.56538;75.09347;221.49490;3668.16573;5639.02991 
 PAS;PAS-NORMAL  GLOMERULUS  (23).jpg;57.00719;-21.79246;-50.13254;56.55677;-25.69311;-58.36179;14.16180;60.23879;66.46044;200.55646;3628.71222;4416.99004 
 PAS;PAS-NORMAL  GLOMERULUS  (24).jpg;56.84040;37.65073;-46.90984;57.44740;45.26843;-45.69151;13.05529;58.86791;59.86558;170.44059;3465.43048;3583.88756 
 PAS;PAS-NORMAL  GLOMERULUS  (25).jpg;58.56204;14.92924;-22.28759;57.56666;18.79834;-28.92697;14.23266;51.42796;65.34036;202.56870;2644.83520;4269.36320 
 PAS;PAS-NORMAL  GLOMERULUS  (26).jpg;56.63318;-5.36375;-0.32156;55.73032;-6.46688;-11.07481;18.59422;58.67999;70.71363;345.74494;3443.34067;5000.41753 
 PAS;PAS-NORMAL  GLOMERULUS  (27).jpg;52.11422;6.79746;-32.20709;50.68454;7.05374;-40.70634;16.71701;48.62142;66.19057;279.45850;2364.04294;4381.19134 
 PAS;PAS-NORMAL  GLOMERULUS  (28).jpg;54.76355;-12.29288;-28.97645;53.62319;-14.60868;-34.36761;15.93756;52.12545;65.74625;254.00574;2717.06274;4322.56911 
 PAS;PAS-NORMAL  GLOMERULUS  (29).jpg;55.64551;-12.29756;-26.78122;55.76755;-14.92299;-30.20377;16.08839;50.93176;66.33750;258.83627;2594.04460;4400.66354 
 PAS;PAS-NORMAL  GLOMERULUS  (30).jpg;59.19381;4.51561;-7.14125;57.52081;1.47349;-19.69770;17.46176;54.19195;73.21363;304.91320;2936.76797;5360.23574 
 PAS;PAS-NORMAL  GLOMERULUS  (31).jpg;61.09936;0.29895;-5.79907;59.51801;0.18041;-15.02341;16.33026;53.94889;65.12017;266.67737;2910.48316;4240.63665 
 PAS;PAS-NORMAL  GLOMERULUS  (32).jpg;59.77751;-6.06507;-10.17325;58.48438;-9.64268;-20.86162;17.07061;58.43656;66.72340;291.40563;3414.83204;4452.01274 
 PAS;PAS-NORMAL  GLOMERULUS  (33).jpg;61.18155;-16.31801;18.50862;59.75562;-20.32758;11.12044;17.41501;60.83224;72.14145;303.28242;3700.56156;5204.38891 
 PAS;PAS-NORMAL  GLOMERULUS  (34).jpg;66.43168;-31.28428;66.94041;64.52823;-31.10226;60.88542;20.03481;69.32185;73.58411;401.39373;4805.51834;5414.62091 
 PAS;PAS-NORMAL  GLOMERULUS  (35).jpg;64.58365;-43.97152;15.72664;63.80041;-48.01514;10.89620;16.46731;61.19613;72.94230;271.17216;3744.96689;5320.57852 
 PAS;PAS-NORMAL  GLOMERULUS  (36).jpg;69.27938;-26.32599;64.64562;67.84484;-26.79835;60.29493;16.67541;56.61768;64.79604;278.06933;3205.56149;4198.52617 
 PAS;PAS-NORMAL  GLOMERULUS  (37).jpg;64.52421;-39.62701;31.87548;63.96659;-46.45350;32.54184;16.37082;56.49713;60.88299;268.00366;3191.92572;3706.73895 
 PAS;PAS-NORMAL  GLOMERULUS  (38).jpg;53.09199;-0.90626;16.48098;51.78658;-3.63578;5.39528;19.81162;69.02398;68.59455;392.50034;4764.30919;4705.21162 
 PAS;PAS-NORMAL  GLOMERULUS  (39).jpg;55.52903;18.07679;23.71830;54.02135;18.35391;14.00530;18.61153;67.25611;67.04904;346.38895;4523.38449;4495.57382 
 PAS;PAS-NORMAL  GLOMERULUS  (40).jpg;63.00169;-12.42206;6.54815;62.23268;-14.18060;-3.41693;18.77897;59.08520;71.91001;352.64989;3491.06041;5171.04974 
 PAS;PAS-NORMAL  GLOMERULUS  (41).jpg;64.50072;-55.27476;39.18531;63.84318;-62.33615;26.10953;23.40360;87.52453;81.86194;547.72847;7660.54341;6701.37655 
 PAS;PAS-NORMAL  GLOMERULUS  (42).jpg;71.87671;-34.73682;15.70493;71.23078;-49.75744;11.23433;16.55956;65.57574;63.45604;274.21888;4300.17753;4026.66875 
 PAS;PAS-NORMAL  GLOMERULUS  (43).jpg;68.22949;-65.29042;43.04888;70.46016;-76.49932;43.58177;18.60164;67.90174;72.03113;346.02105;4610.64612;5188.48345 
 PAS;PAS-NORMAL  GLOMERULUS  (44).jpg;67.90884;-57.39896;48.30439;69.62012;-65.49804;46.58692;17.64312;66.51349;71.92207;311.27960;4424.04460;5172.78386 
 PAS;PAS-NORMAL  GLOMERULUS  (45).jpg;63.62048;-30.90693;32.78785;65.61432;-35.72657;33.37019;19.30230;68.53305;69.27053;372.57870;4696.77952;4798.40627 
 PAS;PAS-NORMAL  GLOMERULUS  (46).jpg;71.32824;-48.19858;46.50811;73.20173;-61.37735;44.49325;17.05556;76.32790;73.66342;290.89198;5825.94826;5426.29962 
 PAS;PAS-NORMAL  GLOMERULUS  (47).jpg;65.36969;-47.09217;40.33869;67.53034;-59.09365;40.93302;19.59066;67.85290;70.76950;383.79405;4604.01642;5008.32226 
 PAS;PAS-NORMAL  GLOMERULUS  (48).jpg;58.18571;-29.48766;20.34607;59.96850;-39.69554;22.02997;17.02476;66.01477;60.36065;289.84232;4357.95032;3643.40839 
 PAS;PAS-NORMAL  GLOMERULUS  (49).jpg;62.43297;-24.81314;59.68386;64.09858;-35.47923;61.76963;15.66057;60.89507;57.70231;245.25343;3708.20940;3329.55708 
 PAS;PAS-NORMAL  GLOMERULUS  (50).jpg;59.60356;-42.59192;35.86586;60.80721;-51.52956;39.51905;16.88610;61.00103;61.77679;285.14046;3721.12577;3816.37221 
 PAS;PAS-NORMAL  GLOMERULUS  (51).jpg;59.89205;-37.89784;40.37517;61.72526;-45.95145;42.80923;16.54317;57.28946;61.60976;273.67637;3282.08168;3795.76270 
 PAS;PAS-NORMAL  GLOMERULUS  (52).jpg;59.22874;-5.78432;10.30321;58.05988;-16.70391;-4.50920;20.19107;83.12772;76.77463;407.67951;6910.21743;5894.34363 
 PAS;PAS-NORMAL  GLOMERULUS  (53).jpg;57.02192;12.91322;28.31231;56.03071;8.58244;19.12361;20.15578;70.81776;71.61585;406.25532;5015.15574;5128.82959 
 PAS;PAS-NORMAL  GLOMERULUS  (54).jpg;64.75393;17.33089;13.21024;65.64653;22.47043;15.97685;13.08862;55.49629;44.50453;171.31208;3079.83865;1980.65291 
 PAS;PAS-NORMAL  GLOMERULUS  (55).jpg;66.45275;-1.15951;31.22002;66.85447;-14.53767;31.06128;17.60419;55.83538;60.93565;309.90763;3117.59010;3713.15328 
 PAS;PAS-NORMAL  GLOMERULUS  (56).jpg;67.79178;-36.59456;25.70410;68.80376;-43.92487;25.98944;17.37260;45.49535;53.34347;301.80726;2069.82709;2845.52599 
 PAS;PAS-NORMAL  GLOMERULUS  (57).jpg;59.51673;-10.67757;8.10704;59.28939;-17.65003;4.70558;19.06501;63.14650;61.37488;363.47466;3987.48014;3766.87541 
 PAS;PAS-NORMAL  GLOMERULUS  (58).jpg;68.31060;-29.50029;38.42249;67.97332;-30.82237;35.52875;15.30498;55.81828;59.71267;234.24229;3115.68022;3565.60280 
 PAS;PAS-NORMAL  GLOMERULUS  (59).jpg;63.11436;2.30885;38.17665;64.86715;-0.85001;42.75429;15.98935;57.48008;56.42073;255.65947;3303.96005;3183.29823 
 PAS;PAS-NORMAL  GLOMERULUS  (60).jpg;68.70954;-84.58940;32.53148;68.60940;-90.21541;34.72351;15.35933;50.96017;52.68581;235.90908;2596.93910;2775.79505 
 PAS;PAS-NORMAL  GLOMERULUS  (61).jpg;63.24858;-42.56153;37.78555;65.17635;-49.75532;43.98531;16.40572;53.24976;56.18117;269.14772;2835.53726;3156.32339 
 PAS;PAS-NORMAL  GLOMERULUS  (7).jpg;67.75302;-13.55454;65.82831;67.79077;-24.11188;66.06681;15.76933;66.87547;64.23172;248.67176;4472.32838;4125.71408 
 PAS;PAS-NORMAL  GLOMERULUS  (8).jpg;72.80705;-38.42869;48.95717;72.78972;-46.81240;51.37978;13.35204;67.96437;60.92733;178.27690;4619.15545;3712.13924 
 PAS;PAS-NORMAL  GLOMERULUS  (9).jpg;74.56452;-35.22932;47.55423;74.22388;-46.52657;45.52759;13.51976;64.59883;66.37725;182.78381;4173.00833;4405.93989 
