 GROUP;NAME;R(AVERAGE);G(AVERAGE);B(AVERAGE);R(MEDIAN);G(MEDIAN);B(MEDIAN);R(DEVIATION);G(DEVIATION);B(DEVIATION);R(VARIANCE);G(VARIANCE);B(VARIANCE); 
 H&E;H&E-MEMBRANOUS    GLOMERULUS  (1).jpg;196.66;156.98;177.57;198.00;146.00;172.00;33.24;46.83;30.88;1104.89;2193.14;953.31 
 H&E;H&E-MEMBRANOUS    GLOMERULUS  (1).TIF;147.63;90.35;110.49;150.00;85.00;106.00;21.02;26.53;22.13;441.90;703.73;489.81 
 H&E;H&E-MEMBRANOUS    GLOMERULUS  (10).jpg;174.64;143.60;158.77;173.00;134.00;154.00;29.80;46.26;31.94;888.15;2139.81;1020.24 
 H&E;H&E-MEMBRANOUS    GLOMERULUS  (10).TIF;157.34;93.70;111.56;158.00;86.00;106.00;19.38;27.70;23.08;375.60;767.16;532.74 
 H&E;H&E-MEMBRANOUS    GLOMERULUS  (11).jpg;150.98;124.54;138.15;148.00;118.00;135.00;24.81;38.36;28.04;615.38;1471.24;786.43 
 H&E;H&E-MEMBRANOUS    GLOMERULUS  (11).TIF;156.48;93.06;110.59;157.00;84.00;104.00;20.12;30.21;24.86;405.00;912.51;618.11 
 H&E;H&E-MEMBRANOUS    GLOMERULUS  (12).jpg;193.11;157.19;170.04;192.00;146.00;165.00;26.80;44.93;29.57;718.09;2018.66;874.21 
 H&E;H&E-MEMBRANOUS    GLOMERULUS  (12).TIF;156.63;93.34;110.76;158.00;86.00;106.00;20.42;29.04;24.42;417.13;843.16;596.52 
 H&E;H&E-MEMBRANOUS    GLOMERULUS  (13).jpg;177.36;147.26;169.70;176.00;133.00;161.00;27.21;44.93;32.06;740.25;2019.04;1027.83 
 H&E;H&E-MEMBRANOUS    GLOMERULUS  (13).TIF;157.79;93.11;110.31;159.00;86.00;105.00;19.25;27.24;23.14;370.43;741.85;535.55 
 H&E;H&E-MEMBRANOUS    GLOMERULUS  (14).jpg;182.86;141.81;161.64;183.00;132.00;156.00;24.61;39.63;28.37;605.64;1570.91;804.77 
 H&E;H&E-MEMBRANOUS    GLOMERULUS  (14).TIF;150.34;89.30;108.52;152.00;83.00;103.00;20.23;26.33;21.77;409.25;693.37;474.14 
 H&E;H&E-MEMBRANOUS    GLOMERULUS  (15).jpg;198.68;148.29;166.23;200.00;139.00;161.00;27.41;42.90;30.81;751.52;1840.04;949.49 
 H&E;H&E-MEMBRANOUS    GLOMERULUS  (15).TIF;175.63;116.56;136.43;176.00;112.00;134.00;18.86;26.58;21.80;355.72;706.52;475.15 
 H&E;H&E-MEMBRANOUS    GLOMERULUS  (16).jpg;185.21;140.61;155.92;190.00;130.00;149.00;29.78;46.01;33.46;886.72;2116.91;1119.79 
 H&E;H&E-MEMBRANOUS    GLOMERULUS  (16).TIF;170.78;105.91;126.55;172.00;100.00;123.00;18.43;26.31;21.59;339.51;691.98;465.98 
 H&E;H&E-MEMBRANOUS    GLOMERULUS  (17).jpg;201.32;141.62;156.94;206.00;134.00;152.00;25.20;39.81;30.18;635.15;1584.78;910.95 
 H&E;H&E-MEMBRANOUS    GLOMERULUS  (17).TIF;167.15;101.27;122.21;169.00;95.00;118.00;17.28;24.04;19.76;298.60;577.98;390.50 
 H&E;H&E-MEMBRANOUS    GLOMERULUS  (18).jpg;206.75;162.99;172.99;210.00;153.00;169.00;24.61;48.90;33.63;605.50;2391.69;1131.16 
 H&E;H&E-MEMBRANOUS    GLOMERULUS  (18).TIF;168.43;102.69;123.84;170.00;97.00;120.00;18.10;25.25;21.13;327.58;637.65;446.68 
 H&E;H&E-MEMBRANOUS    GLOMERULUS  (19).jpg;200.30;131.47;148.10;205.00;125.00;143.00;22.69;33.09;26.03;514.70;1094.76;677.80 
 H&E;H&E-MEMBRANOUS    GLOMERULUS  (2).jpg;182.04;141.53;158.82;180.00;128.00;151.00;29.45;45.84;31.53;867.50;2101.61;994.28 
 H&E;H&E-MEMBRANOUS    GLOMERULUS  (2).TIF;151.86;100.94;120.30;153.00;95.00;116.00;21.89;28.67;23.51;479.08;821.96;552.49 
 H&E;H&E-MEMBRANOUS    GLOMERULUS  (20).jpg;204.68;153.97;166.62;208.00;144.00;162.00;25.16;44.72;32.77;633.04;2000.23;1074.12 
 H&E;H&E-MEMBRANOUS    GLOMERULUS  (21).jpg;181.69;126.96;144.97;186.00;119.00;139.00;28.63;40.76;30.97;819.73;1661.20;958.92 
 H&E;H&E-MEMBRANOUS    GLOMERULUS  (22).jpg;189.55;151.95;164.89;195.00;147.00;163.00;28.69;48.18;33.50;823.34;2321.29;1122.18 
 H&E;H&E-MEMBRANOUS    GLOMERULUS  (23).jpg;189.22;151.38;164.86;195.00;145.00;163.00;30.36;47.48;35.10;921.45;2254.03;1231.70 
 H&E;H&E-MEMBRANOUS    GLOMERULUS  (24).jpg;201.34;139.92;154.99;206.00;129.00;148.00;29.85;48.54;37.03;890.96;2355.88;1371.36 
 H&E;H&E-MEMBRANOUS    GLOMERULUS  (25).jpg;197.19;135.66;146.50;202.00;114.00;132.00;31.86;60.04;46.24;1014.93;3605.00;2137.89 
 H&E;H&E-MEMBRANOUS    GLOMERULUS  (26).jpg;181.48;145.72;156.62;184.00;140.00;153.00;24.62;35.59;24.76;606.21;1266.82;612.91 
 H&E;H&E-MEMBRANOUS    GLOMERULUS  (27).jpg;174.91;143.79;154.40;176.00;136.00;150.00;31.10;42.06;30.22;967.33;1769.19;912.99 
 H&E;H&E-MEMBRANOUS    GLOMERULUS  (28).jpg;176.42;141.75;151.36;178.00;135.00;147.00;27.44;37.44;27.16;752.87;1401.67;737.83 
 H&E;H&E-MEMBRANOUS    GLOMERULUS  (29).jpg;173.81;134.97;147.23;177.00;131.00;145.00;26.34;35.40;25.73;693.97;1253.07;662.19 
 H&E;H&E-MEMBRANOUS    GLOMERULUS  (3).jpg;182.28;155.49;163.47;180.00;146.00;161.00;33.05;54.19;36.32;1092.36;2936.08;1319.27 
 H&E;H&E-MEMBRANOUS    GLOMERULUS  (3).TIF;152.48;105.72;125.14;153.00;101.00;122.00;20.57;27.16;21.90;423.15;737.40;479.63 
 H&E;H&E-MEMBRANOUS    GLOMERULUS  (30).jpg;167.22;140.90;154.89;170.00;136.00;152.00;31.05;40.35;28.95;964.37;1627.86;838.28 
 H&E;H&E-MEMBRANOUS    GLOMERULUS  (31).jpg;216.09;171.67;173.66;219.00;162.00;169.00;19.12;43.70;30.54;365.76;1910.10;932.95 
 H&E;H&E-MEMBRANOUS    GLOMERULUS  (32).jpg;190.68;153.14;163.50;193.00;140.00;154.00;18.68;40.38;30.66;349.05;1630.71;939.96 
 H&E;H&E-MEMBRANOUS    GLOMERULUS  (4).jpg;169.29;137.91;153.90;168.00;128.00;149.00;32.22;44.26;30.66;1038.24;1959.18;940.33 
 H&E;H&E-MEMBRANOUS    GLOMERULUS  (4).TIF;149.23;95.65;115.89;151.00;91.00;113.00;20.88;25.40;21.28;436.14;645.06;452.99 
 H&E;H&E-MEMBRANOUS    GLOMERULUS  (5).jpg;177.96;150.26;161.57;176.00;141.00;159.00;35.03;52.09;35.42;1227.14;2713.17;1254.68 
 H&E;H&E-MEMBRANOUS    GLOMERULUS  (5).TIF;151.69;95.37;114.76;153.00;89.00;110.00;19.73;25.30;21.70;389.37;639.90;470.99 
 H&E;H&E-MEMBRANOUS    GLOMERULUS  (6).jpg;181.41;149.86;168.60;179.00;138.00;163.00;29.93;48.01;31.72;896.03;2305.39;1005.94 
 H&E;H&E-MEMBRANOUS    GLOMERULUS  (6).TIF;150.57;94.84;114.16;153.00;89.00;110.00;22.03;27.43;23.10;485.41;752.67;533.63 
 H&E;H&E-MEMBRANOUS    GLOMERULUS  (7).jpg;177.39;141.14;161.26;174.00;125.00;152.00;31.00;48.37;33.98;961.28;2340.02;1154.51 
 H&E;H&E-MEMBRANOUS    GLOMERULUS  (7).TIF;149.49;89.37;108.43;151.00;83.00;103.00;20.17;26.12;22.54;406.80;682.17;507.96 
 H&E;H&E-MEMBRANOUS    GLOMERULUS  (8).jpg;157.08;124.77;138.61;155.00;113.00;132.00;33.78;48.95;35.15;1141.30;2396.17;1235.36 
 H&E;H&E-MEMBRANOUS    GLOMERULUS  (8).TIF;152.41;90.32;109.64;155.00;84.00;104.00;19.83;26.84;22.70;393.35;720.48;515.11 
 H&E;H&E-MEMBRANOUS    GLOMERULUS  (9).jpg;196.87;161.77;172.67;196.00;150.00;167.00;28.15;47.76;31.49;792.44;2281.06;991.88 
 H&E;H&E-MEMBRANOUS    GLOMERULUS  (9).TIF;181.51;116.44;139.84;182.00;106.00;132.00;25.73;35.57;28.40;661.96;1265.18;806.62 
 H&E;H&E-NORMAL  GLOMERULUS    (100).jpg;193.75;151.10;160.03;194.00;144.00;157.00;23.73;38.17;26.38;563.18;1456.82;695.72 
 H&E;H&E-NORMAL  GLOMERULUS    (101).jpg;195.05;159.47;164.40;194.00;152.00;162.00;27.22;44.79;31.10;740.80;2006.36;966.93 
 H&E;H&E-NORMAL  GLOMERULUS    (102).jpg;198.82;165.94;168.99;199.00;160.00;168.00;25.81;43.92;29.93;666.03;1928.90;895.82 
 H&E;H&E-NORMAL  GLOMERULUS    (103).jpg;194.84;156.49;163.51;195.00;151.00;161.00;25.90;37.61;26.84;670.79;1414.67;720.31 
 H&E;H&E-NORMAL  GLOMERULUS    (104).jpg;199.02;168.74;171.68;199.00;164.00;171.00;26.45;41.79;28.28;699.69;1746.69;799.93 
 H&E;H&E-NORMAL  GLOMERULUS    (105).jpg;195.85;159.52;165.62;196.00;155.00;164.00;24.05;35.60;24.86;578.39;1267.28;618.16 
 H&E;H&E-NORMAL  GLOMERULUS    (106).jpg;176.94;128.53;141.19;178.00;118.00;134.00;25.93;39.77;29.07;672.35;1581.44;845.05 
 H&E;H&E-NORMAL  GLOMERULUS    (107).jpg;181.69;135.24;145.62;183.00;126.00;139.00;25.97;39.51;29.65;674.57;1561.04;878.97 
 H&E;H&E-NORMAL  GLOMERULUS    (108).jpg;184.04;140.21;152.09;184.00;130.00;146.00;29.74;44.04;30.56;884.71;1939.95;934.02 
 H&E;H&E-NORMAL  GLOMERULUS    (109).jpg;192.60;154.08;161.92;193.00;146.00;158.00;28.91;45.15;30.98;836.07;2038.44;959.52 
 H&E;H&E-NORMAL  GLOMERULUS    (110).jpg;198.25;166.87;173.57;199.00;158.00;172.00;34.66;52.56;35.36;1201.48;2763.06;1250.23 
 H&E;H&E-NORMAL  GLOMERULUS    (111).jpg;169.65;131.42;148.77;170.00;124.00;144.00;25.68;35.73;23.82;659.70;1276.57;567.26 
 H&E;H&E-NORMAL  GLOMERULUS    (112).jpg;166.82;130.21;148.84;169.00;124.00;145.00;27.98;32.81;23.28;782.82;1076.66;542.02 
 H&E;H&E-NORMAL  GLOMERULUS    (113).jpg;174.17;144.04;159.40;176.00;139.00;157.00;24.59;32.17;20.73;604.80;1035.02;429.85 
 H&E;H&E-NORMAL  GLOMERULUS    (114).jpg;175.05;146.73;162.14;177.00;142.00;160.00;25.73;31.63;20.42;661.98;1000.15;417.06 
 H&E;H&E-NORMAL  GLOMERULUS    (115).jpg;179.10;150.67;164.68;180.00;145.00;162.00;23.29;32.12;20.22;542.46;1031.76;408.66 
 H&E;H&E-NORMAL  GLOMERULUS    (116).jpg;173.87;143.43;159.40;176.00;140.00;157.00;25.39;30.85;20.54;644.40;951.59;421.78 
 H&E;H&E-NORMAL  GLOMERULUS    (117).jpg;169.58;135.51;152.68;172.00;131.00;150.00;26.97;32.03;22.13;727.57;1025.93;489.69 
 H&E;H&E-NORMAL  GLOMERULUS    (118).jpg;174.34;144.35;158.32;174.00;138.00;155.00;25.20;34.98;22.56;634.85;1223.31;509.00 
 H&E;H&E-NORMAL  GLOMERULUS    (234).jpg;208.06;147.70;165.79;210.00;140.00;160.00;27.15;36.65;27.33;736.93;1343.05;747.19 
 H&E;H&E-NORMAL  GLOMERULUS    (235).jpg;210.07;152.75;169.58;212.00;145.00;165.00;28.03;40.15;29.42;785.77;1611.64;865.29 
 H&E;H&E-NORMAL  GLOMERULUS    (236).jpg;219.33;141.94;163.71;222.00;134.00;157.00;23.96;33.49;26.20;574.06;1121.60;686.52 
 H&E;H&E-NORMAL  GLOMERULUS    (237).jpg;179.32;130.33;149.23;183.00;123.00;144.00;27.25;36.69;25.10;742.74;1345.98;629.77 
 H&E;H&E-NORMAL  GLOMERULUS    (238).jpg;213.91;150.80;170.47;220.00;146.00;167.00;32.39;40.77;30.65;1048.99;1661.82;939.40 
 H&E;H&E-NORMAL  GLOMERULUS    (239).jpg;213.11;145.59;165.41;217.00;135.00;158.00;31.20;42.37;32.14;973.43;1795.22;1033.02 
 H&E;H&E-NORMAL  GLOMERULUS    (240).jpg;202.38;137.67;155.28;203.00;130.00;150.00;24.97;36.48;26.90;623.28;1330.74;723.64 
 H&E;H&E-NORMAL  GLOMERULUS    (241).jpg;203.34;136.34;153.50;204.00;126.00;146.00;24.66;37.97;27.78;608.29;1441.96;771.91 
 H&E;H&E-NORMAL  GLOMERULUS    (242).jpg;202.80;144.34;161.25;207.00;139.00;157.00;31.06;37.79;27.60;964.51;1428.17;762.03 
 H&E;H&E-NORMAL  GLOMERULUS    (243).jpg;209.54;157.37;170.82;212.00;148.00;165.00;32.48;44.93;32.42;1054.65;2018.38;1051.30 
 H&E;H&E-NORMAL  GLOMERULUS    (244).jpg;213.37;152.03;168.62;218.00;149.00;167.00;28.62;38.08;27.80;819.03;1449.75;772.75 
 H&E;H&E-NORMAL  GLOMERULUS    (245).jpg;220.59;140.52;162.75;225.00;129.00;154.00;29.04;43.95;33.70;843.05;1931.57;1135.93 
 H&E;H&E-NORMAL  GLOMERULUS    (246).jpg;211.27;146.69;164.22;216.00;140.00;159.00;30.50;36.92;27.35;930.03;1362.99;747.83 
 H&E;H&E-NORMAL  GLOMERULUS    (247).jpg;208.30;150.52;166.99;213.00;144.00;163.00;31.10;40.04;28.61;967.00;1602.85;818.31 
 H&E;H&E-NORMAL  GLOMERULUS    (248).jpg;178.37;139.94;154.63;185.00;136.00;152.00;34.84;42.42;29.17;1213.80;1799.21;850.85 
 H&E;H&E-NORMAL  GLOMERULUS    (249).jpg;207.16;144.75;166.87;210.00;134.00;159.00;32.49;43.92;32.40;1055.34;1928.92;1049.44 
 H&E;H&E-NORMAL  GLOMERULUS    (250).jpg;207.51;156.00;175.41;210.00;144.00;168.00;36.81;51.23;35.17;1354.69;2624.39;1237.28 
 H&E;H&E-NORMAL  GLOMERULUS    (251).jpg;180.01;137.18;155.94;181.00;129.00;150.00;29.91;38.97;29.15;894.33;1518.56;849.67 
 H&E;H&E-NORMAL  GLOMERULUS    (252).jpg;186.37;142.63;172.62;185.00;119.00;157.00;49.33;70.50;53.04;2433.08;4970.32;2813.58 
 H&E;H&E-NORMAL  GLOMERULUS    (253).jpg;209.78;114.33;136.97;213.00;94.00;121.00;33.18;56.88;48.47;1100.92;3235.22;2348.97 
 H&E;H&E-NORMAL  GLOMERULUS    (254).jpg;180.38;121.24;141.31;181.00;105.00;130.00;35.70;52.07;41.08;1274.32;2711.32;1687.50 
 H&E;H&E-NORMAL  GLOMERULUS    (255).jpg;159.57;93.76;117.89;160.00;80.00;106.00;36.76;46.37;40.02;1351.13;2149.79;1601.77 
 H&E;H&E-NORMAL  GLOMERULUS    (256).jpg;179.38;115.39;144.17;181.00;105.00;135.00;37.71;44.87;38.65;1422.15;2013.53;1493.78 
 H&E;H&E-NORMAL  GLOMERULUS    (257).jpg;200.97;154.11;173.95;202.00;131.00;158.00;37.57;63.99;52.05;1411.67;4094.89;2709.12 
 H&E;H&E-NORMAL  GLOMERULUS    (258).jpg;177.87;116.90;141.81;180.00;105.00;133.00;36.26;48.29;40.19;1314.57;2331.73;1615.09 
 H&E;H&E-NORMAL  GLOMERULUS    (259).jpg;195.57;122.29;140.06;199.00;114.00;133.00;33.00;44.65;39.01;1088.76;1993.19;1522.03 
 H&E;H&E-NORMAL  GLOMERULUS    (260).jpg;160.17;96.91;109.74;161.00;86.00;101.00;28.87;38.91;33.72;833.67;1513.95;1136.91 
 H&E;H&E-NORMAL  GLOMERULUS    (261).jpg;167.45;110.40;125.83;169.00;101.00;118.00;30.62;40.13;33.93;937.79;1610.46;1150.93 
 H&E;H&E-NORMAL  GLOMERULUS    (262).jpg;202.36;150.03;177.15;202.00;133.00;165.00;35.06;53.70;42.24;1229.51;2884.10;1783.88 
 H&E;H&E-NORMAL  GLOMERULUS    (263).jpg;163.52;96.95;117.81;166.00;80.00;103.00;48.65;55.43;47.41;2366.70;3071.98;2247.25 
 H&E;H&E-NORMAL  GLOMERULUS    (264).jpg;175.87;124.43;149.31;175.00;102.00;133.00;57.36;66.59;55.31;3289.67;4434.49;3059.63 
 H&E;H&E-NORMAL  GLOMERULUS    (265).jpg;170.46;115.49;132.20;171.00;101.00;121.00;45.64;55.29;43.61;2083.25;3057.22;1901.86 
 H&E;H&E-NORMAL  GLOMERULUS    (266).jpg;191.96;136.67;157.50;194.00;124.00;148.00;48.12;58.37;45.72;2315.77;3407.01;2090.17 
 H&E;H&E-NORMAL  GLOMERULUS    (267).jpg;208.21;125.21;151.59;218.00;122.00;148.00;39.38;38.68;31.65;1550.73;1495.88;1001.49 
 H&E;H&E-NORMAL  GLOMERULUS    (268).jpg;190.32;101.54;138.25;202.00;91.00;127.00;46.78;45.79;38.46;2187.91;2097.03;1479.47 
 H&E;H&E-NORMAL  GLOMERULUS    (269).jpg;168.15;88.93;106.09;173.00;80.00;98.00;37.04;38.19;31.33;1372.04;1458.26;981.38 
 H&E;H&E-NORMAL  GLOMERULUS    (270).jpg;180.90;105.23;122.27;185.00;94.00;114.00;38.80;44.58;37.29;1505.24;1987.60;1390.34 
 H&E;H&E-NORMAL  GLOMERULUS    (271).jpg;153.68;98.49;122.19;165.00;93.00;117.00;60.71;55.58;52.92;3685.56;3089.15;2800.96 
 H&E;H&E-NORMAL  GLOMERULUS    (272).jpg;151.12;87.05;101.30;156.00;75.00;91.00;31.09;41.77;35.38;966.42;1744.38;1251.49 
 H&E;H&E-NORMAL  GLOMERULUS    (273).jpg;225.47;105.23;130.98;239.00;90.00;126.00;36.03;50.22;29.17;1298.10;2521.87;850.93 
 H&E;H&E-NORMAL  GLOMERULUS    (274).jpg;224.71;108.19;133.39;238.00;90.00;127.00;36.33;56.04;32.14;1319.83;3140.46;1033.00 
 H&E;H&E-NORMAL  GLOMERULUS    (275).jpg;134.11;90.07;102.83;144.00;88.00;99.00;41.42;35.69;28.46;1716.02;1273.68;810.19 
 H&E;H&E-NORMAL  GLOMERULUS    (276).jpg;143.11;105.21;116.42;148.00;97.00;109.00;41.44;45.10;36.25;1717.07;2034.05;1314.38 
 H&E;H&E-NORMAL  GLOMERULUS    (277).jpg;140.90;109.25;121.71;145.00;100.00;115.00;42.37;47.23;37.41;1795.44;2230.45;1399.60 
 H&E;H&E-NORMAL  GLOMERULUS    (278).jpg;172.45;131.37;141.95;174.00;121.00;133.00;33.56;46.31;38.45;1126.59;2144.91;1478.78 
 H&E;H&E-NORMAL  GLOMERULUS    (279).jpg;155.14;67.22;100.56;163.00;61.00;98.00;36.38;37.26;28.35;1323.50;1388.41;803.62 
 H&E;H&E-NORMAL  GLOMERULUS    (280).jpg;155.53;71.29;104.03;164.00;63.00;101.00;37.49;40.47;29.70;1405.26;1637.81;882.29 
 H&E;H&E-NORMAL  GLOMERULUS    (69).jpg;198.36;138.52;154.20;199.00;130.00;147.00;16.11;29.13;24.06;259.67;848.79;578.88 
 H&E;H&E-NORMAL  GLOMERULUS    (70).jpg;199.94;145.04;159.78;200.00;135.00;153.00;17.10;31.76;26.04;292.56;1008.44;678.13 
 H&E;H&E-NORMAL  GLOMERULUS    (71).jpg;181.00;125.75;139.36;182.00;120.00;135.00;13.31;22.01;17.46;177.09;484.32;304.94 
 H&E;H&E-NORMAL  GLOMERULUS    (72).jpg;177.91;121.04;134.99;179.00;116.00;131.00;13.57;21.05;16.61;184.13;443.16;275.85 
 H&E;H&E-NORMAL  GLOMERULUS    (73).jpg;179.70;125.27;138.20;180.00;119.00;133.00;14.44;23.62;19.15;208.40;558.00;366.89 
 H&E;H&E-NORMAL  GLOMERULUS    (74).jpg;178.92;121.04;134.29;180.00;115.00;129.00;13.50;22.53;18.21;182.19;507.58;331.54 
 H&E;H&E-NORMAL  GLOMERULUS    (75).jpg;178.37;118.96;132.10;180.00;113.00;127.00;14.13;22.98;18.66;199.67;528.31;348.20 
 H&E;H&E-NORMAL  GLOMERULUS    (76).jpg;180.88;129.35;140.78;182.00;123.00;135.00;13.60;24.52;19.26;185.03;601.19;370.93 
 H&E;H&E-NORMAL  GLOMERULUS    (77).jpg;181.53;130.72;142.05;183.00;126.00;138.00;13.81;22.17;17.90;190.84;491.65;320.57 
 H&E;H&E-NORMAL  GLOMERULUS    (78).jpg;185.93;125.76;138.99;187.00;118.00;133.00;15.16;25.24;20.74;229.95;636.95;430.15 
 H&E;H&E-NORMAL  GLOMERULUS    (79).jpg;187.39;123.76;138.32;189.00;116.00;132.00;16.29;25.48;21.25;265.43;649.31;451.39 
 H&E;H&E-NORMAL  GLOMERULUS    (80).jpg;186.91;136.62;149.70;188.00;128.00;143.00;16.43;29.82;22.95;270.09;889.17;526.58 
 H&E;H&E-NORMAL  GLOMERULUS    (81).jpg;189.03;137.80;151.37;190.00;131.00;146.00;15.18;26.98;20.90;230.39;727.95;436.95 
 H&E;H&E-NORMAL  GLOMERULUS    (82).jpg;187.86;135.57;149.97;188.00;128.00;144.00;15.58;27.67;21.07;242.81;765.86;444.13 
 H&E;H&E-NORMAL  GLOMERULUS    (83).jpg;184.85;122.35;138.91;186.00;115.00;133.00;15.32;25.72;20.34;234.85;661.37;413.70 
 H&E;H&E-NORMAL  GLOMERULUS    (84).jpg;188.82;128.52;143.84;190.00;122.00;138.00;14.27;24.43;19.39;203.66;596.83;375.82 
 H&E;H&E-NORMAL  GLOMERULUS    (85).jpg;186.85;129.29;145.14;187.00;121.00;138.00;16.15;27.94;21.83;260.81;780.57;476.34 
 H&E;H&E-NORMAL  GLOMERULUS    (86).jpg;187.07;129.95;145.78;188.00;122.00;139.00;16.46;27.41;21.83;270.86;751.47;476.56 
 H&E;H&E-NORMAL  GLOMERULUS    (87).jpg;187.54;132.11;147.60;188.00;124.00;141.00;16.26;28.15;21.73;264.44;792.17;472.08 
 H&E;H&E-NORMAL  GLOMERULUS    (88).jpg;184.87;126.23;142.83;186.00;122.00;139.00;14.52;22.23;17.71;210.85;494.29;313.65 
 H&E;H&E-NORMAL  GLOMERULUS    (89).jpg;186.44;126.75;143.54;187.00;120.00;138.00;14.41;24.28;18.97;207.60;589.63;359.72 
 H&E;H&E-NORMAL  GLOMERULUS    (90).jpg;206.18;152.76;170.94;208.00;148.00;168.00;15.96;26.55;19.91;254.72;704.79;396.36 
 H&E;H&E-NORMAL  GLOMERULUS    (91).jpg;204.37;154.29;171.74;205.00;146.00;166.00;18.22;31.19;22.75;332.04;972.95;517.70 
 H&E;H&E-NORMAL  GLOMERULUS    (92).jpg;190.69;132.77;150.32;192.00;126.00;144.00;16.66;26.06;20.49;277.72;679.15;419.75 
 H&E;H&E-NORMAL  GLOMERULUS    (93).jpg;195.31;138.51;154.09;197.00;133.00;149.00;14.32;23.27;18.37;205.14;541.38;337.60 
 H&E;H&E-NORMAL  GLOMERULUS    (94).jpg;192.70;138.61;155.36;193.00;131.00;149.00;16.29;27.82;21.16;265.52;774.18;447.88 
 H&E;H&E-NORMAL  GLOMERULUS    (95).jpg;192.10;138.10;155.02;193.00;130.00;149.00;16.11;27.33;20.68;259.68;746.89;427.56 
 H&E;H&E-NORMAL  GLOMERULUS    (96).jpg;192.87;135.93;153.79;193.00;130.00;149.00;14.64;24.59;18.90;214.44;604.45;357.34 
 H&E;H&E-NORMAL  GLOMERULUS    (97).jpg;194.07;142.16;157.93;195.00;134.00;152.00;16.97;28.58;21.61;287.97;816.58;466.83 
 H&E;H&E-NORMAL  GLOMERULUS    (98).jpg;191.78;135.19;153.18;194.00;131.00;150.00;15.41;23.65;17.98;237.47;559.30;323.43 
 H&E;H&E-NORMAL  GLOMERULUS    (99).jpg;191.59;134.10;152.04;193.00;130.00;148.00;15.39;22.80;18.37;236.92;519.95;337.31 
 H&E;NORMAL  GLOMERULUS  -  AZAN  (1).jpg;162.32;122.84;151.51;160.00;112.00;147.00;30.22;41.16;31.60;913.40;1694.16;998.67 
 H&E;NORMAL  GLOMERULUS  -  AZAN  (2).jpg;160.11;114.83;143.39;155.00;99.00;134.00;30.42;43.48;32.83;925.17;1890.33;1078.05 
 H&E;NORMAL  GLOMERULUS  -  AZAN  (3).jpg;166.12;124.10;152.45;161.00;109.00;143.00;32.19;43.67;32.83;1035.94;1906.92;1077.65 
 PAMS;PAMS-GLOMERULAR  SCLEROSIS  GLOMERULUS  (1).jpg;193.51;173.05;157.73;226.00;203.00;181.00;66.42;63.56;51.62;4411.67;4040.40;2664.78 
 PAMS;PAMS-GLOMERULAR  SCLEROSIS  GLOMERULUS  (10).jpg;114.57;117.44;126.31;94.00;97.00;110.00;82.97;82.61;77.52;6884.02;6824.41;6009.91 
 PAMS;PAMS-GLOMERULAR  SCLEROSIS  GLOMERULUS  (11).jpg;119.55;121.68;129.54;97.00;99.00;111.00;87.97;87.65;82.88;7738.04;7683.21;6868.34 
 PAMS;PAMS-GLOMERULAR  SCLEROSIS  GLOMERULUS  (12).jpg;157.65;158.44;166.98;165.00;166.00;176.00;81.36;81.90;75.09;6618.70;6707.20;5638.76 
 PAMS;PAMS-GLOMERULAR  SCLEROSIS  GLOMERULUS  (13).jpg;138.77;134.34;147.97;110.00;101.00;123.00;86.85;91.17;83.26;7542.61;8312.37;6932.90 
 PAMS;PAMS-GLOMERULAR  SCLEROSIS  GLOMERULUS  (14).jpg;142.23;140.77;152.50;123.00;119.00;139.00;87.42;90.21;84.01;7641.75;8137.87;7057.35 
 PAMS;PAMS-GLOMERULAR  SCLEROSIS  GLOMERULUS  (15).jpg;125.43;126.16;138.06;103.00;101.00;118.00;81.23;86.04;80.49;6598.67;7403.73;6478.40 
 PAMS;PAMS-GLOMERULAR  SCLEROSIS  GLOMERULUS  (16).jpg;159.50;161.25;165.92;192.00;192.00;196.00;94.93;93.02;87.78;9012.32;8652.66;7705.18 
 PAMS;PAMS-GLOMERULAR  SCLEROSIS  GLOMERULUS  (17).jpg;147.51;149.33;154.73;166.00;169.00;175.00;97.10;96.55;90.57;9428.02;9322.44;8203.10 
 PAMS;PAMS-GLOMERULAR  SCLEROSIS  GLOMERULUS  (18).jpg;156.65;157.16;152.89;184.00;187.00;176.00;65.60;68.54;57.09;4303.37;4697.21;3259.77 
 PAMS;PAMS-GLOMERULAR  SCLEROSIS  GLOMERULUS  (19).jpg;119.97;119.91;122.13;138.00;136.00;137.00;70.73;70.94;64.39;5002.55;5032.67;4145.76 
 PAMS;PAMS-GLOMERULAR  SCLEROSIS  GLOMERULUS  (2).jpg;211.33;188.49;174.18;244.00;218.00;199.00;61.75;59.48;48.96;3812.88;3537.69;2397.35 
 PAMS;PAMS-GLOMERULAR  SCLEROSIS  GLOMERULUS  (20).jpg;123.66;123.57;125.84;143.00;141.00;142.00;72.13;72.32;65.64;5202.92;5230.39;4308.71 
 PAMS;PAMS-GLOMERULAR  SCLEROSIS  GLOMERULUS  (21).jpg;156.94;157.61;164.82;178.00;178.00;185.00;77.90;81.72;74.91;6067.75;6677.70;5612.13 
 PAMS;PAMS-GLOMERULAR  SCLEROSIS  GLOMERULUS  (22).jpg;149.05;150.97;153.58;187.00;189.00;187.00;77.22;80.02;72.27;5962.98;6402.65;5223.34 
 PAMS;PAMS-GLOMERULAR  SCLEROSIS  GLOMERULUS  (23).jpg;149.81;152.17;155.11;186.00;187.00;188.00;75.74;77.34;70.75;5736.87;5981.37;5004.95 
 PAMS;PAMS-GLOMERULAR  SCLEROSIS  GLOMERULUS  (24).jpg;108.78;107.39;109.94;101.00;97.00;102.00;64.45;67.64;60.60;4154.10;4575.48;3672.75 
 PAMS;PAMS-GLOMERULAR  SCLEROSIS  GLOMERULUS  (25).jpg;149.87;151.86;154.93;171.00;172.00;173.00;72.75;75.21;68.69;5292.02;5656.11;4718.15 
 PAMS;PAMS-GLOMERULAR  SCLEROSIS  GLOMERULUS  (26).jpg;150.19;144.89;133.79;189.00;183.00;165.00;82.80;80.57;67.55;6855.42;6491.53;4563.42 
 PAMS;PAMS-GLOMERULAR  SCLEROSIS  GLOMERULUS  (27).jpg;176.89;173.93;178.94;220.00;217.00;217.00;85.57;87.74;80.69;7321.50;7699.01;6511.39 
 PAMS;PAMS-GLOMERULAR  SCLEROSIS  GLOMERULUS  (28).jpg;166.02;162.77;168.01;202.00;199.00;201.00;90.42;93.93;85.92;8176.53;8822.58;7381.94 
 PAMS;PAMS-GLOMERULAR  SCLEROSIS  GLOMERULUS  (29).jpg;167.19;164.24;168.62;211.00;205.00;207.00;92.45;93.58;87.67;8546.47;8757.57;7686.50 
 PAMS;PAMS-GLOMERULAR  SCLEROSIS  GLOMERULUS  (3).jpg;182.97;163.25;151.34;215.00;194.00;176.00;65.91;61.64;50.02;4343.60;3800.06;2501.63 
 PAMS;PAMS-GLOMERULAR  SCLEROSIS  GLOMERULUS  (30).jpg;164.92;164.14;168.26;219.00;216.00;215.00;96.96;97.10;90.93;9401.56;9428.13;8267.46 
 PAMS;PAMS-GLOMERULAR  SCLEROSIS  GLOMERULUS  (31).jpg;141.12;138.13;141.75;161.00;155.00;159.00;90.72;90.12;84.22;8230.89;8122.44;7092.32 
 PAMS;PAMS-GLOMERULAR  SCLEROSIS  GLOMERULUS  (32).jpg;133.37;129.86;133.47;141.00;135.00;141.00;88.52;86.96;80.83;7835.06;7562.37;6533.92 
 PAMS;PAMS-GLOMERULAR  SCLEROSIS  GLOMERULUS  (33).jpg;130.79;124.13;122.33;157.00;147.00;144.00;74.58;69.10;62.48;5561.98;4774.37;3903.92 
 PAMS;PAMS-GLOMERULAR  SCLEROSIS  GLOMERULUS  (34).jpg;119.50;113.07;111.55;122.00;115.00;115.00;78.33;74.62;66.93;6135.26;5568.84;4480.07 
 PAMS;PAMS-GLOMERULAR  SCLEROSIS  GLOMERULUS  (35).jpg;124.28;117.95;115.85;141.00;133.00;131.00;81.55;76.24;69.30;6650.43;5813.05;4801.88 
 PAMS;PAMS-GLOMERULAR  SCLEROSIS  GLOMERULUS  (36).jpg;140.16;135.66;138.08;151.00;146.00;150.00;81.51;82.19;73.56;6643.39;6755.91;5411.36 
 PAMS;PAMS-GLOMERULAR  SCLEROSIS  GLOMERULUS  (37).jpg;163.67;159.98;158.26;197.00;197.00;190.00;77.61;79.96;68.77;6022.90;6393.83;4729.17 
 PAMS;PAMS-GLOMERULAR  SCLEROSIS  GLOMERULUS  (38).jpg;145.69;142.88;145.14;170.00;165.00;167.00;82.13;82.93;76.87;6744.77;6878.19;5909.64 
 PAMS;PAMS-GLOMERULAR  SCLEROSIS  GLOMERULUS  (39).jpg;130.93;122.84;124.34;143.00;133.00;135.00;71.35;69.91;63.70;5091.51;4886.72;4057.26 
 PAMS;PAMS-GLOMERULAR  SCLEROSIS  GLOMERULUS  (4).jpg;179.74;160.51;148.24;218.00;198.00;177.00;73.39;70.09;57.66;5385.53;4912.22;3324.95 
 PAMS;PAMS-GLOMERULAR  SCLEROSIS  GLOMERULUS  (40).jpg;169.52;167.16;169.93;200.00;199.00;198.00;84.41;87.26;78.04;7124.24;7615.02;6090.03 
 PAMS;PAMS-GLOMERULAR  SCLEROSIS  GLOMERULUS  (41).jpg;184.82;182.55;184.46;230.00;229.00;223.00;80.36;82.89;74.07;6457.06;6871.28;5486.58 
 PAMS;PAMS-GLOMERULAR  SCLEROSIS  GLOMERULUS  (42).jpg;149.99;146.58;146.13;186.00;182.00;178.00;83.84;82.43;74.06;7029.36;6794.80;5484.19 
 PAMS;PAMS-GLOMERULAR  SCLEROSIS  GLOMERULUS  (43).jpg;161.66;158.05;157.71;197.00;201.00;193.00;76.34;81.25;70.22;5827.21;6601.26;4930.19 
 PAMS;PAMS-GLOMERULAR  SCLEROSIS  GLOMERULUS  (44).jpg;148.92;140.61;144.78;157.00;150.00;153.00;78.00;81.10;67.41;6084.32;6576.79;4544.04 
 PAMS;PAMS-GLOMERULAR  SCLEROSIS  GLOMERULUS  (45).jpg;172.33;163.88;163.61;209.00;196.00;193.00;84.09;81.68;74.84;7071.57;6671.58;5600.88 
 PAMS;PAMS-GLOMERULAR  SCLEROSIS  GLOMERULUS  (46).jpg;181.52;178.91;180.66;218.00;217.00;214.00;75.50;78.47;70.07;5700.25;6156.80;4910.04 
 PAMS;PAMS-GLOMERULAR  SCLEROSIS  GLOMERULUS  (47).jpg;164.00;160.49;158.13;214.00;211.00;200.00;83.09;82.84;74.48;6903.60;6863.27;5547.39 
 PAMS;PAMS-GLOMERULAR  SCLEROSIS  GLOMERULUS  (48).jpg;161.87;157.86;155.94;211.00;206.00;198.00;81.17;80.27;72.62;6589.02;6443.88;5274.36 
 PAMS;PAMS-GLOMERULAR  SCLEROSIS  GLOMERULUS  (49).jpg;167.24;163.62;161.27;213.00;210.00;201.00;78.46;78.54;70.42;6156.04;6169.20;4958.58 
 PAMS;PAMS-GLOMERULAR  SCLEROSIS  GLOMERULUS  (5).jpg;174.90;155.67;143.25;218.00;196.00;175.00;77.98;72.99;60.51;6080.14;5327.45;3661.45 
 PAMS;PAMS-GLOMERULAR  SCLEROSIS  GLOMERULUS  (50).jpg;198.71;193.67;193.74;230.00;229.00;220.00;61.01;66.20;53.13;3722.75;4382.65;2822.60 
 PAMS;PAMS-GLOMERULAR  SCLEROSIS  GLOMERULUS  (51).jpg;190.67;180.27;181.11;231.00;224.00;216.00;73.24;76.55;65.35;5363.91;5859.87;4269.98 
 PAMS;PAMS-GLOMERULAR  SCLEROSIS  GLOMERULUS  (52).jpg;186.47;178.59;176.61;236.00;229.00;217.00;80.26;80.76;69.36;6441.87;6522.13;4810.32 
 PAMS;PAMS-GLOMERULAR  SCLEROSIS  GLOMERULUS  (53).jpg;189.19;180.34;179.11;235.00;230.00;218.00;79.02;83.79;71.87;6244.13;7020.03;5164.95 
 PAMS;PAMS-GLOMERULAR  SCLEROSIS  GLOMERULUS  (54).jpg;191.82;176.81;170.80;224.00;208.00;197.00;66.80;65.89;56.40;4462.44;4341.15;3181.46 
 PAMS;PAMS-GLOMERULAR  SCLEROSIS  GLOMERULUS  (55).jpg;181.07;166.85;162.20;218.00;207.00;194.00;73.61;76.40;64.77;5418.48;5836.80;4194.69 
 PAMS;PAMS-GLOMERULAR  SCLEROSIS  GLOMERULUS  (56).jpg;155.63;141.56;138.59;200.00;179.00;174.00;88.81;82.96;75.34;7887.83;6882.19;5675.52 
 PAMS;PAMS-GLOMERULAR  SCLEROSIS  GLOMERULUS  (57).jpg;165.32;150.25;146.56;214.00;196.00;186.00;86.19;83.38;73.72;7428.31;6952.16;5434.80 
 PAMS;PAMS-GLOMERULAR  SCLEROSIS  GLOMERULUS  (58).jpg;144.35;126.70;126.27;147.00;125.00;127.00;75.04;75.37;66.13;5630.93;5680.74;4373.28 
 PAMS;PAMS-GLOMERULAR  SCLEROSIS  GLOMERULUS  (59).jpg;163.11;145.86;143.98;193.00;173.00;169.00;75.05;72.25;64.12;5632.68;5219.57;4111.89 
 PAMS;PAMS-GLOMERULAR  SCLEROSIS  GLOMERULUS  (6).jpg;134.20;105.56;91.44;124.00;95.00;88.00;79.60;70.32;53.56;6336.23;4945.21;2869.20 
 PAMS;PAMS-GLOMERULAR  SCLEROSIS  GLOMERULUS  (60).jpg;138.08;121.21;122.55;145.00;125.00;127.00;66.78;66.82;58.62;4460.00;4464.61;3435.80 
 PAMS;PAMS-GLOMERULAR  SCLEROSIS  GLOMERULUS  (61).jpg;164.52;151.79;149.66;196.00;177.00;173.00;85.87;83.20;75.81;7373.74;6922.01;5747.46 
 PAMS;PAMS-GLOMERULAR  SCLEROSIS  GLOMERULUS  (62).jpg;203.26;187.28;183.19;232.00;219.00;208.00;59.61;66.60;54.95;3553.26;4435.58;3020.02 
 PAMS;PAMS-GLOMERULAR  SCLEROSIS  GLOMERULUS  (63).jpg;208.63;192.11;187.39;237.00;222.00;212.00;57.28;62.29;52.84;3281.18;3880.41;2792.36 
 PAMS;PAMS-GLOMERULAR  SCLEROSIS  GLOMERULUS  (64).jpg;163.12;148.35;143.61;188.00;172.00;164.00;72.11;69.24;62.20;5199.17;4794.05;3868.52 
 PAMS;PAMS-GLOMERULAR  SCLEROSIS  GLOMERULUS  (65).jpg;177.61;161.27;155.95;200.00;186.00;176.00;62.31;63.88;55.86;3882.30;4080.14;3120.54 
 PAMS;PAMS-GLOMERULAR  SCLEROSIS  GLOMERULUS  (66).jpg;159.23;142.18;139.34;178.00;163.00;157.00;66.44;68.60;58.17;4414.06;4705.91;3383.85 
 PAMS;PAMS-GLOMERULAR  SCLEROSIS  GLOMERULUS  (67).jpg;128.95;117.14;110.92;137.00;124.00;114.00;85.93;84.97;74.03;7384.61;7219.79;5480.21 
 PAMS;PAMS-GLOMERULAR  SCLEROSIS  GLOMERULUS  (68).jpg;138.96;126.77;120.58;164.00;153.00;143.00;80.03;75.69;65.02;6405.49;5728.60;4227.59 
 PAMS;PAMS-GLOMERULAR  SCLEROSIS  GLOMERULUS  (69).jpg;147.00;132.93;126.21;184.00;168.00;155.00;81.10;75.11;65.14;6576.97;5642.11;4243.55 
 PAMS;PAMS-GLOMERULAR  SCLEROSIS  GLOMERULUS  (7).jpg;170.81;153.46;145.99;203.00;180.00;170.00;83.05;83.60;74.22;6897.18;6988.58;5507.95 
 PAMS;PAMS-GLOMERULAR  SCLEROSIS  GLOMERULUS  (70).jpg;136.55;124.21;118.46;161.00;148.00;139.00;80.84;75.44;65.24;6535.52;5690.70;4255.67 
 PAMS;PAMS-GLOMERULAR  SCLEROSIS  GLOMERULUS  (71).jpg;139.37;126.65;120.65;165.00;153.00;143.00;80.14;75.98;65.22;6421.70;5772.50;4253.86 
 PAMS;PAMS-GLOMERULAR  SCLEROSIS  GLOMERULUS  (72).jpg;152.94;133.67;130.25;166.00;144.00;140.00;67.75;66.54;55.42;4589.47;4427.74;3071.15 
 PAMS;PAMS-GLOMERULAR  SCLEROSIS  GLOMERULUS  (73).jpg;150.41;131.19;128.00;164.00;142.00;138.00;68.43;66.56;55.85;4683.35;4430.69;3118.73 
 PAMS;PAMS-GLOMERULAR  SCLEROSIS  GLOMERULUS  (74).jpg;137.00;118.75;116.75;145.00;124.00;122.00;69.30;66.84;56.24;4802.69;4468.04;3162.64 
 PAMS;PAMS-GLOMERULAR  SCLEROSIS  GLOMERULUS  (75).jpg;136.82;118.83;116.40;146.00;123.00;121.00;79.32;74.91;65.00;6290.88;5610.90;4225.05 
 PAMS;PAMS-GLOMERULAR  SCLEROSIS  GLOMERULUS  (76).jpg;185.16;159.38;151.24;196.00;172.00;161.00;41.10;46.20;35.91;1689.29;2134.49;1289.75 
 PAMS;PAMS-GLOMERULAR  SCLEROSIS  GLOMERULUS  (77).jpg;194.32;168.45;158.77;209.00;187.00;172.00;41.71;48.44;37.74;1739.53;2346.49;1424.23 
 PAMS;PAMS-GLOMERULAR  SCLEROSIS  GLOMERULUS  (78).jpg;155.36;141.78;134.38;200.00;183.00;170.00;89.37;82.32;71.43;7987.07;6776.41;5101.60 
 PAMS;PAMS-GLOMERULAR  SCLEROSIS  GLOMERULUS  (79).jpg;179.31;156.44;150.69;191.00;169.00;161.00;57.41;60.36;48.45;3296.25;3643.03;2347.48 
 PAMS;PAMS-GLOMERULAR  SCLEROSIS  GLOMERULUS  (8).jpg;148.88;148.14;157.92;169.00;167.00;182.00;101.39;101.71;94.66;10279.27;10345.08;8960.44 
 PAMS;PAMS-GLOMERULAR  SCLEROSIS  GLOMERULUS  (80).jpg;134.69;117.94;116.08;140.00;120.00;120.00;77.83;75.16;63.96;6057.32;5649.34;4090.46 
 PAMS;PAMS-GLOMERULAR  SCLEROSIS  GLOMERULUS  (81).jpg;174.48;153.89;146.26;211.00;187.00;173.00;69.91;63.95;54.68;4887.73;4089.10;2989.84 
 PAMS;PAMS-GLOMERULAR  SCLEROSIS  GLOMERULUS  (82).jpg;182.24;164.52;159.36;218.00;196.00;187.00;77.17;77.99;67.03;5955.58;6082.49;4493.36 
 PAMS;PAMS-GLOMERULAR  SCLEROSIS  GLOMERULUS  (83).jpg;161.56;144.33;141.36;185.00;165.00;160.00;81.34;80.19;69.42;6616.64;6430.06;4818.56 
 PAMS;PAMS-GLOMERULAR  SCLEROSIS  GLOMERULUS  (84).jpg;147.07;129.79;121.56;178.00;160.00;147.00;78.86;77.06;66.11;6218.69;5937.85;4371.04 
 PAMS;PAMS-GLOMERULAR  SCLEROSIS  GLOMERULUS  (85).jpg;152.36;134.29;127.44;181.00;165.00;152.00;73.03;71.51;60.26;5332.81;5114.01;3631.40 
 PAMS;PAMS-GLOMERULAR  SCLEROSIS  GLOMERULUS  (86).jpg;140.06;124.58;116.93;163.00;148.00;136.00;83.05;80.22;69.84;6897.02;6435.84;4876.97 
 PAMS;PAMS-GLOMERULAR  SCLEROSIS  GLOMERULUS  (87).jpg;155.11;138.24;131.61;164.00;146.00;139.00;75.51;72.82;59.28;5701.51;5303.01;3514.11 
 PAMS;PAMS-GLOMERULAR  SCLEROSIS  GLOMERULUS  (88).jpg;183.38;162.60;152.66;218.00;198.00;179.00;69.54;67.45;54.36;4836.35;4549.95;2955.50 
 PAMS;PAMS-GLOMERULAR  SCLEROSIS  GLOMERULUS  (89).jpg;176.30;154.49;144.37;204.00;181.00;165.00;65.56;62.27;51.71;4297.88;3877.17;2673.92 
 PAMS;PAMS-GLOMERULAR  SCLEROSIS  GLOMERULUS  (9).jpg;147.52;134.16;134.57;153.00;139.00;140.00;74.61;72.82;64.42;5567.07;5302.64;4150.39 
 PAMS;PAMS-GLOMERULAR  SCLEROSIS  GLOMERULUS  (90).jpg;142.67;126.76;120.88;158.00;140.00;133.00;77.46;72.74;60.90;6000.51;5291.40;3708.28 
 PAMS;PAMS-GLOMERULAR  SCLEROSIS  GLOMERULUS  (91).jpg;88.09;78.23;74.66;53.00;42.00;47.00;80.78;74.32;62.35;6525.39;5523.30;3887.77 
 PAMS;PAMS-GLOMERULAR  SCLEROSIS  GLOMERULUS  (92).jpg;96.79;85.84;81.46;80.00;65.00;67.00;81.51;75.20;63.06;6644.66;5655.12;3976.07 
 PAMS;PAMS-GLOMERULAR  SCLEROSIS  GLOMERULUS  (93).jpg;195.06;177.46;164.22;240.00;218.00;197.00;78.80;73.52;60.89;6209.50;5405.73;3707.50 
 PAMS;PAMS-MEMBRANOUS  (1).jpg;141.25;139.31;141.73;152.00;156.00;152.00;32.52;39.04;31.98;1057.46;1524.40;1022.60 
 PAMS;PAMS-MEMBRANOUS  (2).jpg;177.26;173.05;166.90;187.00;185.00;176.00;31.56;37.37;29.17;996.10;1396.36;850.81 
 PAMS;PAMS-MEMBRANOUS  (23).jpg;141.13;149.83;152.48;161.00;166.00;170.00;77.06;87.41;72.89;5937.83;7639.78;5312.43 
 PAMS;PAMS-MEMBRANOUS  (24).jpg;133.35;142.17;144.51;135.00;143.00;148.00;75.71;90.70;73.22;5732.16;8226.16;5361.03 
 PAMS;PAMS-MEMBRANOUS  (25).jpg;144.02;146.72;150.47;168.00;180.00;174.00;56.83;65.18;53.27;3229.44;4248.98;2837.88 
 PAMS;PAMS-MEMBRANOUS  (26).jpg;148.43;151.76;154.51;175.00;187.00;181.00;57.38;65.73;55.03;3292.59;4319.96;3028.73 
 PAMS;PAMS-MEMBRANOUS  (27).jpg;157.08;161.33;164.09;186.00;194.00;190.00;53.09;59.46;49.11;2818.58;3535.99;2411.86 
 PAMS;PAMS-MEMBRANOUS  (28).jpg;122.97;124.21;128.71;153.00;161.00;157.00;59.61;64.79;56.42;3552.97;4198.03;3182.93 
 PAMS;PAMS-MEMBRANOUS  (29).jpg;131.91;132.81;136.80;163.00;168.00;165.00;56.74;61.77;54.28;3219.48;3815.29;2946.30 
 PAMS;PAMS-MEMBRANOUS  (3).jpg;153.23;152.59;153.42;161.00;164.00;161.00;23.21;29.51;23.10;538.66;870.90;533.71 
 PAMS;PAMS-MEMBRANOUS  (30).jpg;130.17;131.24;135.22;161.00;168.00;163.00;57.49;62.80;54.44;3305.50;3943.42;2964.23 
 PAMS;PAMS-MEMBRANOUS  (31).jpg;171.61;172.81;164.50;204.00;211.00;194.00;62.96;71.74;56.96;3964.38;5146.80;3244.48 
 PAMS;PAMS-MEMBRANOUS  (32).jpg;157.55;152.66;146.69;192.00;191.00;177.00;63.24;65.01;54.83;3998.81;4225.75;3005.85 
 PAMS;PAMS-MEMBRANOUS  (33).jpg;140.46;143.04;139.74;170.00;177.00;166.00;75.54;83.68;69.30;5706.73;7003.09;4802.67 
 PAMS;PAMS-MEMBRANOUS  (34).jpg;136.81;137.76;135.26;168.00;173.00;163.00;73.83;80.20;67.18;5451.11;6431.78;4512.93 
 PAMS;PAMS-MEMBRANOUS  (35).jpg;153.40;152.09;147.68;181.00;186.00;176.00;65.00;71.31;59.67;4225.30;5085.02;3560.53 
 PAMS;PAMS-MEMBRANOUS  (36).jpg;145.01;144.86;141.47;179.00;185.00;171.00;70.89;76.23;63.40;5025.69;5810.41;4020.00 
 PAMS;PAMS-MEMBRANOUS  (4).jpg;150.97;155.48;155.48;174.00;182.00;177.00;60.87;70.78;57.05;3705.52;5009.37;3254.39 
 PAMS;PAMS-MEMBRANOUS  (5).jpg;182.87;185.80;175.55;202.00;207.00;194.00;52.68;61.85;47.20;2775.19;3825.09;2227.88 
 PAMS;PAMS-MEMBRANOUS  (6).jpg;146.71;149.61;151.49;174.00;181.00;177.00;56.18;62.92;53.00;3155.79;3958.96;2809.17 
 PAMS;PAMS-MEMBRANOUS  (7).jpg;151.17;150.51;146.53;175.00;181.00;171.00;60.58;67.46;54.77;3669.33;4551.51;3000.08 
 PAMS;PAMS-NORMAL  GLOMERULUS  (1).jpg;180.91;169.04;170.28;220.00;206.00;201.00;77.19;75.29;67.46;5958.86;5668.77;4550.96 
 PAMS;PAMS-NORMAL  GLOMERULUS  (1).TIF;184.37;170.11;173.44;199.00;184.00;186.00;37.64;36.48;31.92;1416.93;1330.73;1018.87 
 PAMS;PAMS-NORMAL  GLOMERULUS  (10).jpg;180.19;165.28;160.79;196.00;184.00;178.00;36.04;40.03;36.08;1298.77;1602.11;1301.60 
 PAMS;PAMS-NORMAL  GLOMERULUS  (11).jpg;185.77;181.53;173.13;206.00;202.00;190.00;42.48;47.09;37.33;1804.13;2217.65;1393.22 
 PAMS;PAMS-NORMAL  GLOMERULUS  (12).jpg;183.68;179.19;170.94;205.00;201.00;189.00;46.59;48.83;40.37;2170.31;2384.30;1629.40 
 PAMS;PAMS-NORMAL  GLOMERULUS  (13).jpg;183.53;178.76;170.46;206.00;202.00;189.00;45.69;48.57;39.39;2087.95;2359.46;1551.35 
 PAMS;PAMS-NORMAL  GLOMERULUS  (14).jpg;195.43;174.28;162.59;226.00;206.00;187.00;66.52;64.37;51.66;4424.74;4144.02;2669.26 
 PAMS;PAMS-NORMAL  GLOMERULUS  (15).jpg;156.69;140.45;132.05;189.00;176.00;160.00;82.15;79.91;64.30;6748.39;6385.23;4134.18 
 PAMS;PAMS-NORMAL  GLOMERULUS  (16).jpg;195.77;172.45;159.89;217.00;196.00;177.00;47.61;49.77;37.74;2266.91;2477.39;1424.18 
 PAMS;PAMS-NORMAL  GLOMERULUS  (17).jpg;179.84;158.86;148.20;208.00;190.00;170.00;58.83;58.81;45.90;3461.27;3458.95;2107.15 
 PAMS;PAMS-NORMAL  GLOMERULUS  (18).jpg;159.45;144.21;133.83;194.00;181.00;160.00;68.74;65.01;53.09;4725.34;4226.75;2818.13 
 PAMS;PAMS-NORMAL  GLOMERULUS  (19).jpg;193.20;174.80;165.15;225.00;205.00;189.00;61.24;58.61;48.16;3750.83;3434.87;2319.76 
 PAMS;PAMS-NORMAL  GLOMERULUS  (2).jpg;167.05;151.75;148.20;186.00;172.00;167.00;43.80;46.60;43.27;1918.17;2171.77;1872.47 
 PAMS;PAMS-NORMAL  GLOMERULUS  (20).jpg;149.97;140.19;136.54;184.00;186.00;165.00;73.14;71.60;56.87;5348.92;5126.95;3234.39 
 PAMS;PAMS-NORMAL  GLOMERULUS  (21).jpg;197.46;179.34;169.48;228.00;208.00;192.00;60.94;59.12;48.56;3713.89;3494.69;2357.72 
 PAMS;PAMS-NORMAL  GLOMERULUS  (22).jpg;181.59;163.87;159.88;211.00;191.00;182.00;71.39;71.92;60.70;5096.82;5172.67;3684.97 
 PAMS;PAMS-NORMAL  GLOMERULUS  (23).jpg;209.93;186.26;177.97;228.00;203.00;192.00;45.32;45.62;38.12;2053.94;2081.03;1453.13 
 PAMS;PAMS-NORMAL  GLOMERULUS  (24).jpg;165.27;151.13;141.17;215.00;195.00;179.00;92.26;87.04;77.65;8511.34;7575.13;6029.01 
 PAMS;PAMS-NORMAL  GLOMERULUS  (25).jpg;180.18;162.47;159.51;201.00;181.00;175.00;56.23;53.64;45.59;3161.42;2876.72;2078.10 
 PAMS;PAMS-NORMAL  GLOMERULUS  (26).jpg;157.95;141.65;137.34;190.00;174.00;164.00;69.48;67.66;57.10;4827.11;4578.38;3260.85 
 PAMS;PAMS-NORMAL  GLOMERULUS  (27).jpg;133.60;118.06;118.66;125.00;107.00;110.00;67.83;69.12;59.32;4600.76;4777.63;3519.40 
 PAMS;PAMS-NORMAL  GLOMERULUS  (28).jpg;137.76;124.16;125.03;143.00;128.00;129.00;72.71;69.76;61.93;5286.73;4866.48;3834.73 
 PAMS;PAMS-NORMAL  GLOMERULUS  (29).jpg;187.53;175.13;177.58;226.00;212.00;208.00;76.57;84.59;74.08;5862.98;7156.24;5487.84 
 PAMS;PAMS-NORMAL  GLOMERULUS  (3).jpg;169.40;153.57;149.79;186.00;175.00;168.00;40.97;46.70;42.60;1678.67;2180.48;1814.78 
 PAMS;PAMS-NORMAL  GLOMERULUS  (30).jpg;189.17;169.95;165.40;222.00;204.00;192.00;64.57;66.39;55.28;4169.91;4407.86;3056.28 
 PAMS;PAMS-NORMAL  GLOMERULUS  (31).jpg;185.47;172.64;169.16;220.00;207.00;199.00;74.78;80.21;69.48;5592.50;6434.14;4827.93 
 PAMS;PAMS-NORMAL  GLOMERULUS  (32).jpg;192.31;177.14;171.59;233.00;218.00;205.00;71.92;72.48;63.09;5172.40;5253.74;3980.38 
 PAMS;PAMS-NORMAL  GLOMERULUS  (33).jpg;154.17;143.10;141.09;195.00;188.00;174.00;70.20;70.65;58.84;4928.57;4990.91;3462.21 
 PAMS;PAMS-NORMAL  GLOMERULUS  (34).jpg;167.08;172.81;168.87;205.00;214.00;204.00;75.45;83.23;71.09;5693.05;6926.72;5054.41 
 PAMS;PAMS-NORMAL  GLOMERULUS  (35).jpg;164.65;168.56;176.10;201.00;206.00;212.00;86.24;86.97;79.98;7437.75;7563.16;6396.63 
 PAMS;PAMS-NORMAL  GLOMERULUS  (4).jpg;167.89;152.10;148.41;186.00;171.00;166.00;42.27;44.63;41.66;1786.81;1992.09;1735.36 
 PAMS;PAMS-NORMAL  GLOMERULUS  (5).jpg;167.95;152.74;149.20;185.00;172.00;167.00;43.00;46.74;43.62;1849.05;2184.99;1902.33 
 PAMS;PAMS-NORMAL  GLOMERULUS  (6).jpg;165.25;150.19;146.84;185.00;170.00;165.00;45.27;46.28;43.38;2049.36;2141.95;1882.24 
 PAMS;PAMS-NORMAL  GLOMERULUS  (7).jpg;169.24;150.31;144.42;183.00;165.00;158.00;39.73;44.72;42.71;1578.67;1999.83;1824.25 
 PAMS;PAMS-NORMAL  GLOMERULUS  (8).jpg;184.20;169.72;165.02;200.00;188.00;181.00;35.00;39.89;35.26;1224.77;1591.33;1243.04 
 PAMS;PAMS-NORMAL  GLOMERULUS  (9).jpg;183.02;168.86;164.34;199.00;187.00;181.00;38.49;41.47;37.17;1481.59;1719.94;1381.62 
 PAS;PAS-GLOMERULAR  SCLEROSIS  GLOMERULUS  (1).jpg;201.65;138.39;140.47;209.00;140.00;145.00;33.83;41.85;22.14;1144.34;1751.37;490.22 
 PAS;PAS-GLOMERULAR  SCLEROSIS  GLOMERULUS  (10).jpg;131.01;99.24;122.90;134.00;98.00;123.00;18.92;24.38;15.34;357.86;594.29;235.35 
 PAS;PAS-GLOMERULAR  SCLEROSIS  GLOMERULUS  (11).jpg;131.36;101.80;124.61;135.00;102.00;125.00;17.97;22.06;13.63;322.91;486.48;185.70 
 PAS;PAS-GLOMERULAR  SCLEROSIS  GLOMERULUS  (12).jpg;132.18;100.40;123.97;134.00;98.00;124.00;20.54;26.72;16.13;421.81;713.77;260.25 
 PAS;PAS-GLOMERULAR  SCLEROSIS  GLOMERULUS  (13).jpg;132.22;102.74;125.18;135.00;102.00;126.00;20.14;25.02;15.62;405.46;626.11;243.92 
 PAS;PAS-GLOMERULAR  SCLEROSIS  GLOMERULUS  (14).jpg;137.43;109.40;130.41;140.00;109.00;131.00;18.77;25.03;15.34;352.24;626.52;235.25 
 PAS;PAS-GLOMERULAR  SCLEROSIS  GLOMERULUS  (141).jpg;146.60;111.68;129.66;145.00;107.00;128.00;27.27;34.67;24.04;743.39;1201.83;577.97 
 PAS;PAS-GLOMERULAR  SCLEROSIS  GLOMERULUS  (142).jpg;164.81;128.67;153.59;163.00;123.00;152.00;29.81;41.27;27.56;888.72;1703.28;759.69 
 PAS;PAS-GLOMERULAR  SCLEROSIS  GLOMERULUS  (143).jpg;156.30;125.80;141.29;157.00;125.00;142.00;23.57;34.79;21.99;555.46;1210.20;483.66 
 PAS;PAS-GLOMERULAR  SCLEROSIS  GLOMERULUS  (144).jpg;174.99;137.31;162.07;175.00;134.00;162.00;27.97;39.48;26.42;782.08;1558.58;697.98 
 PAS;PAS-GLOMERULAR  SCLEROSIS  GLOMERULUS  (145).jpg;169.53;136.33;160.76;169.00;133.00;161.00;32.83;45.63;31.93;1077.56;2082.17;1019.52 
 PAS;PAS-GLOMERULAR  SCLEROSIS  GLOMERULUS  (146).jpg;180.52;157.84;179.27;181.00;157.00;179.00;22.81;29.24;18.90;520.10;855.26;357.17 
 PAS;PAS-GLOMERULAR  SCLEROSIS  GLOMERULUS  (147).jpg;177.74;152.52;170.16;178.00;151.00;169.00;23.78;29.20;19.29;565.49;852.71;372.00 
 PAS;PAS-GLOMERULAR  SCLEROSIS  GLOMERULUS  (148).jpg;183.56;138.35;146.62;183.00;135.00;145.00;24.51;30.54;18.85;600.70;932.70;355.21 
 PAS;PAS-GLOMERULAR  SCLEROSIS  GLOMERULUS  (149).jpg;190.20;146.98;152.58;192.00;146.00;153.00;23.06;29.58;17.77;531.99;874.99;315.93 
 PAS;PAS-GLOMERULAR  SCLEROSIS  GLOMERULUS  (15).jpg;137.65;107.96;125.76;139.00;107.00;126.00;26.02;35.65;22.42;676.88;1270.69;502.65 
 PAS;PAS-GLOMERULAR  SCLEROSIS  GLOMERULUS  (150).jpg;187.26;141.08;148.90;186.00;138.00;148.00;23.00;31.47;18.86;528.95;990.29;355.86 
 PAS;PAS-GLOMERULAR  SCLEROSIS  GLOMERULUS  (151).jpg;189.03;145.98;152.00;190.00;146.00;152.00;24.29;31.77;19.29;590.23;1009.14;371.92 
 PAS;PAS-GLOMERULAR  SCLEROSIS  GLOMERULUS  (152).jpg;188.52;140.93;147.80;189.00;142.00;149.00;22.98;35.09;21.92;528.10;1231.03;480.53 
 PAS;PAS-GLOMERULAR  SCLEROSIS  GLOMERULUS  (153).jpg;188.79;140.07;147.16;190.00;141.00;149.00;22.85;34.85;21.91;522.29;1214.64;480.06 
 PAS;PAS-GLOMERULAR  SCLEROSIS  GLOMERULUS  (154).jpg;210.58;162.44;168.42;213.00;165.00;171.00;24.72;37.02;24.32;611.06;1370.23;591.51 
 PAS;PAS-GLOMERULAR  SCLEROSIS  GLOMERULUS  (155).jpg;200.66;154.95;169.08;202.00;155.00;170.00;32.18;38.11;23.56;1035.69;1452.23;554.92 
 PAS;PAS-GLOMERULAR  SCLEROSIS  GLOMERULUS  (156).jpg;156.75;105.95;127.57;156.00;98.00;124.00;36.83;41.35;27.42;1356.14;1710.16;751.84 
 PAS;PAS-GLOMERULAR  SCLEROSIS  GLOMERULUS  (157).jpg;158.32;112.22;128.73;152.00;101.00;123.00;37.68;45.93;29.87;1420.12;2109.73;892.44 
 PAS;PAS-GLOMERULAR  SCLEROSIS  GLOMERULUS  (158).jpg;200.25;154.11;160.57;199.00;152.00;160.00;20.58;28.23;17.07;423.39;797.08;291.51 
 PAS;PAS-GLOMERULAR  SCLEROSIS  GLOMERULUS  (159).jpg;202.85;157.62;162.47;204.00;158.00;163.00;23.10;30.19;19.18;533.62;911.73;367.92 
 PAS;PAS-GLOMERULAR  SCLEROSIS  GLOMERULUS  (16).jpg;186.03;149.73;169.11;191.00;153.00;172.00;27.80;36.35;21.33;773.07;1321.06;454.99 
 PAS;PAS-GLOMERULAR  SCLEROSIS  GLOMERULUS  (160).jpg;205.52;159.34;166.34;205.00;157.00;166.00;21.87;30.02;18.33;478.35;901.44;336.12 
 PAS;PAS-GLOMERULAR  SCLEROSIS  GLOMERULUS  (161).jpg;195.85;148.32;160.72;197.00;146.00;160.00;24.93;29.11;18.27;621.38;847.19;333.94 
 PAS;PAS-GLOMERULAR  SCLEROSIS  GLOMERULUS  (162).jpg;195.51;149.01;160.72;198.00;146.00;160.00;30.35;32.26;21.01;921.25;1040.71;441.25 
 PAS;PAS-GLOMERULAR  SCLEROSIS  GLOMERULUS  (163).jpg;188.14;153.67;165.36;194.00;155.00;167.00;33.05;32.41;21.28;1092.36;1050.33;452.70 
 PAS;PAS-GLOMERULAR  SCLEROSIS  GLOMERULUS  (164).jpg;219.66;181.58;185.30;220.00;178.00;185.00;27.36;32.23;17.89;748.63;1038.84;320.02 
 PAS;PAS-GLOMERULAR  SCLEROSIS  GLOMERULUS  (165).jpg;202.51;160.07;164.09;205.00;159.00;164.00;23.77;27.99;17.48;565.08;783.68;305.45 
 PAS;PAS-GLOMERULAR  SCLEROSIS  GLOMERULUS  (166).jpg;201.12;162.23;163.96;202.00;160.00;164.00;27.34;32.00;19.64;747.49;1024.11;385.63 
 PAS;PAS-GLOMERULAR  SCLEROSIS  GLOMERULUS  (167).jpg;208.33;168.60;172.40;209.00;167.00;173.00;29.34;38.61;22.95;860.96;1490.49;526.76 
 PAS;PAS-GLOMERULAR  SCLEROSIS  GLOMERULUS  (168).jpg;162.80;128.06;147.05;164.00;126.00;148.00;28.04;40.61;27.59;786.03;1649.35;761.32 
 PAS;PAS-GLOMERULAR  SCLEROSIS  GLOMERULUS  (169).jpg;157.11;119.80;140.80;157.00;117.00;141.00;27.17;40.88;27.16;738.47;1671.24;737.69 
 PAS;PAS-GLOMERULAR  SCLEROSIS  GLOMERULUS  (17).jpg;167.19;123.06;156.65;168.00;124.00;159.00;24.44;43.31;30.54;597.31;1875.96;932.65 
 PAS;PAS-GLOMERULAR  SCLEROSIS  GLOMERULUS  (170).jpg;159.76;120.91;142.17;160.00;116.00;141.00;28.25;39.25;27.21;798.07;1540.48;740.16 
 PAS;PAS-GLOMERULAR  SCLEROSIS  GLOMERULUS  (171).jpg;167.14;132.02;150.38;168.00;131.00;151.00;28.07;40.26;27.51;788.18;1621.09;756.68 
 PAS;PAS-GLOMERULAR  SCLEROSIS  GLOMERULUS  (172).jpg;158.22;120.52;142.01;159.00;117.00;142.00;27.64;40.74;27.27;763.86;1659.95;743.89 
 PAS;PAS-GLOMERULAR  SCLEROSIS  GLOMERULUS  (173).jpg;166.93;133.90;150.10;167.00;131.00;151.00;31.96;49.52;32.79;1021.19;2452.45;1075.10 
 PAS;PAS-GLOMERULAR  SCLEROSIS  GLOMERULUS  (174).jpg;149.59;113.80;133.90;149.00;110.00;132.00;22.75;36.33;23.49;517.60;1319.59;551.77 
 PAS;PAS-GLOMERULAR  SCLEROSIS  GLOMERULUS  (175).jpg;150.78;116.60;136.41;151.00;112.00;134.00;23.23;34.84;22.86;539.83;1213.48;522.42 
 PAS;PAS-GLOMERULAR  SCLEROSIS  GLOMERULUS  (176).jpg;150.86;107.76;130.11;150.00;105.00;129.00;18.76;30.72;20.97;351.93;943.85;439.55 
 PAS;PAS-GLOMERULAR  SCLEROSIS  GLOMERULUS  (177).jpg;154.59;113.38;134.66;155.00;112.00;135.00;18.24;31.67;20.94;332.82;1003.15;438.45 
 PAS;PAS-GLOMERULAR  SCLEROSIS  GLOMERULUS  (178).jpg;182.13;151.67;173.96;183.00;151.00;174.00;22.08;31.51;23.55;487.45;992.60;554.83 
 PAS;PAS-GLOMERULAR  SCLEROSIS  GLOMERULUS  (179).jpg;180.17;146.59;170.81;181.00;146.00;171.00;21.64;31.12;23.34;468.39;968.17;544.97 
 PAS;PAS-GLOMERULAR  SCLEROSIS  GLOMERULUS  (18).jpg;151.19;112.15;128.16;149.00;104.00;125.00;26.57;38.61;22.68;706.06;1490.91;514.23 
 PAS;PAS-GLOMERULAR  SCLEROSIS  GLOMERULUS  (19).jpg;188.87;153.02;174.19;191.00;152.00;175.00;36.28;44.33;29.67;1316.10;1965.20;880.51 
 PAS;PAS-GLOMERULAR  SCLEROSIS  GLOMERULUS  (2).jpg;161.47;145.08;162.20;161.00;144.00;161.00;29.15;37.69;27.53;849.48;1420.83;757.93 
 PAS;PAS-GLOMERULAR  SCLEROSIS  GLOMERULUS  (20).jpg;168.77;133.46;154.88;170.00;130.00;153.00;37.93;40.87;29.28;1438.51;1670.50;857.08 
 PAS;PAS-GLOMERULAR  SCLEROSIS  GLOMERULUS  (21).jpg;142.98;109.40;123.23;143.00;103.00;120.00;34.56;37.58;25.87;1194.17;1412.31;669.21 
 PAS;PAS-GLOMERULAR  SCLEROSIS  GLOMERULUS  (22).jpg;184.32;140.00;175.39;180.00;129.00;170.00;32.22;53.29;37.11;1038.32;2840.23;1376.97 
 PAS;PAS-GLOMERULAR  SCLEROSIS  GLOMERULUS  (23).jpg;193.95;153.20;190.76;192.00;146.00;188.00;34.13;51.70;35.96;1164.78;2673.26;1293.41 
 PAS;PAS-GLOMERULAR  SCLEROSIS  GLOMERULUS  (24).jpg;169.43;136.34;167.09;171.00;137.00;167.00;23.59;33.53;19.76;556.48;1124.00;390.63 
 PAS;PAS-GLOMERULAR  SCLEROSIS  GLOMERULUS  (25).jpg;201.42;175.97;199.19;202.00;171.00;199.00;31.13;47.39;26.63;969.00;2246.21;708.97 
 PAS;PAS-GLOMERULAR  SCLEROSIS  GLOMERULUS  (26).jpg;162.06;141.70;166.19;160.00;136.00;163.00;34.41;46.67;32.34;1184.34;2178.17;1045.78 
 PAS;PAS-GLOMERULAR  SCLEROSIS  GLOMERULUS  (27).jpg;181.20;156.16;187.18;182.00;155.00;187.00;31.56;41.56;29.83;995.84;1727.46;889.71 
 PAS;PAS-GLOMERULAR  SCLEROSIS  GLOMERULUS  (28).jpg;186.55;162.61;191.84;186.00;161.00;191.00;30.19;41.60;29.51;911.34;1730.41;870.71 
 PAS;PAS-GLOMERULAR  SCLEROSIS  GLOMERULUS  (29).jpg;186.81;162.10;191.64;189.00;163.00;193.00;30.18;39.34;28.45;910.65;1547.76;809.46 
 PAS;PAS-GLOMERULAR  SCLEROSIS  GLOMERULUS  (3).jpg;203.60;128.98;144.04;210.00;129.00;146.00;29.50;33.93;17.33;869.98;1151.48;300.46 
 PAS;PAS-GLOMERULAR  SCLEROSIS  GLOMERULUS  (30).jpg;179.23;152.43;185.08;180.00;152.00;186.00;31.40;45.94;31.35;985.82;2110.43;983.12 
 PAS;PAS-GLOMERULAR  SCLEROSIS  GLOMERULUS  (31).jpg;187.02;163.93;193.46;190.00;168.00;197.00;29.24;42.41;29.16;854.91;1798.65;850.53 
 PAS;PAS-GLOMERULAR  SCLEROSIS  GLOMERULUS  (32).jpg;177.74;148.30;181.32;177.00;143.00;180.00;33.71;50.92;34.14;1136.41;2592.67;1165.84 
 PAS;PAS-GLOMERULAR  SCLEROSIS  GLOMERULUS  (33).jpg;175.63;155.92;184.74;176.00;153.00;184.00;34.39;44.47;30.51;1182.47;1977.90;931.14 
 PAS;PAS-GLOMERULAR  SCLEROSIS  GLOMERULUS  (34).jpg;159.58;138.93;163.72;160.00;138.00;163.00;30.21;38.93;27.10;912.80;1515.88;734.61 
 PAS;PAS-GLOMERULAR  SCLEROSIS  GLOMERULUS  (35).jpg;144.24;115.92;147.45;143.00;110.00;144.00;31.94;40.19;28.93;1019.85;1615.06;837.09 
 PAS;PAS-GLOMERULAR  SCLEROSIS  GLOMERULUS  (36).jpg;145.51;116.32;148.41;144.00;111.00;146.00;29.63;37.27;26.90;877.80;1389.42;723.84 
 PAS;PAS-GLOMERULAR  SCLEROSIS  GLOMERULUS  (37).jpg;176.93;151.27;189.18;178.00;148.00;188.00;37.46;47.00;32.73;1402.96;2209.00;1070.94 
 PAS;PAS-GLOMERULAR  SCLEROSIS  GLOMERULUS  (38).jpg;179.59;152.40;195.30;180.00;149.00;195.00;39.81;51.19;35.01;1585.20;2620.09;1225.77 
 PAS;PAS-GLOMERULAR  SCLEROSIS  GLOMERULUS  (39).jpg;155.80;127.53;154.20;158.00;125.00;153.00;33.05;40.56;28.00;1092.38;1645.09;783.97 
 PAS;PAS-GLOMERULAR  SCLEROSIS  GLOMERULUS  (4).jpg;173.92;148.61;168.80;176.00;149.00;170.00;29.67;36.04;27.20;880.20;1298.55;739.71 
 PAS;PAS-GLOMERULAR  SCLEROSIS  GLOMERULUS  (40).jpg;153.27;125.87;152.42;154.00;123.00;151.00;32.56;40.56;28.26;1059.98;1644.96;798.55 
 PAS;PAS-GLOMERULAR  SCLEROSIS  GLOMERULUS  (41).jpg;191.00;176.97;188.61;194.00;178.00;190.00;27.03;34.91;21.84;730.48;1218.50;477.11 
 PAS;PAS-GLOMERULAR  SCLEROSIS  GLOMERULUS  (42).jpg;207.00;182.17;210.00;210.00;184.00;212.00;31.57;45.59;28.59;996.91;2078.36;817.30 
 PAS;PAS-GLOMERULAR  SCLEROSIS  GLOMERULUS  (43).jpg;176.34;149.00;172.45;176.00;144.00;171.00;33.75;42.68;25.92;1139.19;1821.54;671.76 
 PAS;PAS-GLOMERULAR  SCLEROSIS  GLOMERULUS  (44).jpg;166.63;138.84;165.12;168.00;137.00;165.00;27.08;34.66;21.06;733.07;1201.65;443.57 
 PAS;PAS-GLOMERULAR  SCLEROSIS  GLOMERULUS  (45).jpg;199.67;169.89;190.70;203.00;171.00;192.00;27.01;35.80;21.96;729.50;1281.98;482.12 
 PAS;PAS-GLOMERULAR  SCLEROSIS  GLOMERULUS  (46).jpg;203.58;177.31;196.35;207.00;180.00;198.00;23.85;32.41;18.84;568.64;1050.19;354.97 
 PAS;PAS-GLOMERULAR  SCLEROSIS  GLOMERULUS  (47).jpg;210.90;184.95;201.40;212.00;184.00;201.00;22.10;29.14;17.43;488.44;849.32;303.91 
 PAS;PAS-GLOMERULAR  SCLEROSIS  GLOMERULUS  (48).jpg;228.56;202.42;228.69;234.00;203.00;230.00;23.96;34.65;19.67;574.20;1200.58;386.92 
 PAS;PAS-GLOMERULAR  SCLEROSIS  GLOMERULUS  (49).jpg;202.53;173.78;193.23;205.00;172.00;193.00;23.12;28.43;17.54;534.49;808.38;307.56 
 PAS;PAS-GLOMERULAR  SCLEROSIS  GLOMERULUS  (5).jpg;131.92;111.61;134.64;130.00;104.00;131.00;31.83;39.03;28.47;1012.99;1523.11;810.52 
 PAS;PAS-GLOMERULAR  SCLEROSIS  GLOMERULUS  (50).jpg;200.80;171.61;191.54;203.00;171.00;191.00;22.74;27.42;17.02;517.11;751.98;289.54 
 PAS;PAS-GLOMERULAR  SCLEROSIS  GLOMERULUS  (6).jpg;219.59;190.03;226.89;226.00;194.00;235.00;31.33;43.28;27.93;981.46;1873.52;780.34 
 PAS;PAS-GLOMERULAR  SCLEROSIS  GLOMERULUS  (7).jpg;169.93;139.91;184.69;169.00;133.00;181.00;32.39;42.55;32.20;1049.04;1810.81;1036.71 
 PAS;PAS-GLOMERULAR  SCLEROSIS  GLOMERULUS  (8).jpg;112.89;80.72;97.97;115.00;78.00;98.00;19.29;24.82;15.87;372.18;615.98;251.99 
 PAS;PAS-GLOMERULAR  SCLEROSIS  GLOMERULUS  (9).jpg;120.98;95.49;106.23;124.00;94.00;107.00;19.69;29.90;17.29;387.73;894.00;298.83 
 PAS;PAS-NORMAL  GLOMERULUS  (1).jpg;131.80;97.04;102.21;136.00;100.00;106.00;28.29;33.15;25.33;800.56;1098.71;641.44 
 PAS;PAS-NORMAL  GLOMERULUS  (1).TIF;177.66;145.47;167.92;179.00;146.00;171.00;27.83;38.87;25.36;774.50;1510.98;643.04 
 PAS;PAS-NORMAL  GLOMERULUS  (100).jpg;181.98;161.24;177.78;185.00;163.00;179.00;37.00;46.01;29.00;1368.96;2116.91;841.13 
 PAS;PAS-NORMAL  GLOMERULUS  (101).jpg;190.22;181.50;201.38;194.00;181.00;203.00;31.04;43.06;25.90;963.26;1854.50;671.03 
 PAS;PAS-NORMAL  GLOMERULUS  (102).jpg;197.72;186.32;204.69;202.00;190.00;207.00;29.34;37.95;24.06;860.70;1439.84;578.91 
 PAS;PAS-NORMAL  GLOMERULUS  (103).jpg;153.37;138.73;151.93;156.00;140.00;153.00;26.46;29.16;20.54;700.27;850.48;421.96 
 PAS;PAS-NORMAL  GLOMERULUS  (104).jpg;166.67;148.44;164.30;168.00;151.00;165.00;25.78;35.43;25.45;664.39;1255.60;647.56 
 PAS;PAS-NORMAL  GLOMERULUS  (105).jpg;190.74;151.69;187.19;196.00;148.00;186.00;47.95;53.14;38.34;2298.83;2824.39;1470.11 
 PAS;PAS-NORMAL  GLOMERULUS  (106).jpg;179.50;141.96;170.55;184.00;143.00;171.00;25.30;25.82;15.98;640.22;666.83;255.36 
 PAS;PAS-NORMAL  GLOMERULUS  (107).jpg;155.83;120.80;139.11;158.00;121.00;139.00;21.46;22.08;13.68;460.48;487.41;187.21 
 PAS;PAS-NORMAL  GLOMERULUS  (108).jpg;151.61;116.77;136.22;155.00;118.00;136.00;21.91;21.54;13.16;479.90;463.87;173.07 
 PAS;PAS-NORMAL  GLOMERULUS  (109).jpg;210.99;185.73;220.21;226.00;192.00;233.00;48.33;57.28;37.40;2335.94;3281.24;1398.50 
 PAS;PAS-NORMAL  GLOMERULUS  (110).jpg;204.91;138.76;147.67;211.00;140.00;149.00;29.46;30.27;16.99;868.12;916.54;288.77 
 PAS;PAS-NORMAL  GLOMERULUS  (111).jpg;182.11;156.75;150.37;184.00;156.00;152.00;31.11;41.76;28.02;967.93;1743.84;784.94 
 PAS;PAS-NORMAL  GLOMERULUS  (2).jpg;181.23;151.89;165.24;181.00;147.00;164.00;35.40;48.16;30.80;1253.07;2319.46;948.34 
 PAS;PAS-NORMAL  GLOMERULUS  (2).TIF;192.75;160.37;183.64;193.00;158.00;185.00;25.61;36.65;22.34;655.71;1343.50;499.29 
 PAS;PAS-NORMAL  GLOMERULUS  (3).jpg;177.29;145.99;161.58;178.00;143.00;161.00;33.53;45.25;29.00;1124.42;2047.91;840.88 
 PAS;PAS-NORMAL  GLOMERULUS  (3).TIF;187.89;154.19;179.85;187.00;152.00;179.00;27.49;35.20;23.19;755.88;1238.71;537.97 
 PAS;PAS-NORMAL  GLOMERULUS  (4).jpg;188.39;161.57;171.56;189.00;159.00;170.00;20.33;28.47;17.03;413.47;810.70;290.17 
 PAS;PAS-NORMAL  GLOMERULUS  (4).TIF;198.79;169.49;189.10;199.00;166.00;189.00;28.96;41.11;25.58;838.70;1689.88;654.17 
 PAS;PAS-NORMAL  GLOMERULUS  (5).jpg;188.57;162.90;172.22;189.00;160.00;171.00;22.08;30.27;18.34;487.61;916.02;336.19 
 PAS;PAS-NORMAL  GLOMERULUS  (5).TIF;186.01;151.60;175.96;186.00;149.00;178.00;30.03;42.15;27.19;901.54;1776.82;739.57 
 PAS;PAS-NORMAL  GLOMERULUS  (6).jpg;180.74;148.65;163.77;181.00;146.00;163.00;22.36;36.81;22.50;500.07;1355.14;506.42 
 PAS;PAS-NORMAL  GLOMERULUS  (62).jpg;199.69;164.56;175.89;201.00;166.00;177.00;28.62;31.82;20.51;819.35;1012.34;420.48 
 PAS;PAS-NORMAL  GLOMERULUS  (63).jpg;187.65;153.53;172.86;191.00;155.00;174.00;33.77;41.33;25.49;1140.70;1708.19;649.83 
 PAS;PAS-NORMAL  GLOMERULUS  (64).jpg;190.78;156.71;173.35;195.00;161.00;176.00;27.01;35.50;20.87;729.38;1260.48;435.43 
 PAS;PAS-NORMAL  GLOMERULUS  (65).jpg;204.02;166.24;178.50;205.00;167.00;179.00;32.91;41.49;27.12;1083.33;1721.73;735.32 
 PAS;PAS-NORMAL  GLOMERULUS  (66).jpg;184.87;138.52;156.32;190.00;141.00;159.00;27.46;34.38;24.00;754.21;1182.27;575.91 
 PAS;PAS-NORMAL  GLOMERULUS  (67).jpg;186.44;139.40;156.82;189.00;141.00;159.00;25.34;36.11;23.72;642.35;1303.72;562.82 
 PAS;PAS-NORMAL  GLOMERULUS  (68).jpg;192.26;145.32;161.35;195.00;149.00;164.00;24.00;34.50;22.61;576.15;1190.19;511.25 
 PAS;PAS-NORMAL  GLOMERULUS  (69).jpg;193.78;142.78;161.55;195.00;145.00;163.00;29.91;42.63;29.67;894.34;1817.30;880.34 
 PAS;PAS-NORMAL  GLOMERULUS  (70).jpg;216.57;180.01;187.55;221.00;185.00;191.00;28.25;37.54;23.98;797.95;1408.88;575.10 
 PAS;PAS-NORMAL  GLOMERULUS  (71).jpg;199.91;152.21;168.96;204.00;155.00;171.00;28.21;36.38;24.20;796.09;1323.65;585.41 
 PAS;PAS-NORMAL  GLOMERULUS  (72).jpg;183.75;143.56;166.56;187.00;147.00;169.00;37.32;46.45;32.41;1392.59;2157.82;1050.31 
 PAS;PAS-NORMAL  GLOMERULUS  (73).jpg;189.06;150.12;170.47;191.00;152.00;172.00;39.08;50.39;33.94;1527.34;2538.76;1152.00 
 PAS;PAS-NORMAL  GLOMERULUS  (74).jpg;195.75;156.06;174.43;201.00;162.00;179.00;40.98;51.64;35.69;1679.31;2666.65;1273.73 
 PAS;PAS-NORMAL  GLOMERULUS  (75).jpg;196.92;158.37;175.67;202.00;164.00;181.00;41.71;51.32;35.53;1740.02;2633.52;1262.22 
 PAS;PAS-NORMAL  GLOMERULUS  (76).jpg;185.74;138.51;155.48;188.00;138.00;157.00;41.22;50.58;35.03;1699.38;2558.47;1227.23 
 PAS;PAS-NORMAL  GLOMERULUS  (77).jpg;211.07;164.21;182.60;218.00;171.00;188.00;34.77;46.01;31.59;1208.66;2116.54;997.96 
 PAS;PAS-NORMAL  GLOMERULUS  (78).jpg;188.72;153.98;170.94;190.00;154.00;171.00;26.73;31.59;20.28;714.69;997.89;411.11 
 PAS;PAS-NORMAL  GLOMERULUS  (79).jpg;200.72;162.71;175.77;202.00;163.00;176.00;21.66;26.56;17.19;468.96;705.70;295.35 
 PAS;PAS-NORMAL  GLOMERULUS  (80).jpg;214.15;171.81;190.68;217.00;172.00;192.00;22.63;29.52;18.72;512.15;871.66;350.31 
 PAS;PAS-NORMAL  GLOMERULUS  (81).jpg;197.98;160.75;176.89;201.00;162.00;178.00;29.18;33.98;23.32;851.25;1154.67;543.99 
 PAS;PAS-NORMAL  GLOMERULUS  (82).jpg;200.69;163.77;179.08;203.00;164.00;180.00;25.47;30.57;19.79;648.53;934.73;391.67 
 PAS;PAS-NORMAL  GLOMERULUS  (83).jpg;214.64;176.15;194.77;217.00;178.00;196.00;22.25;29.78;18.84;495.11;886.86;354.76 
 PAS;PAS-NORMAL  GLOMERULUS  (84).jpg;202.08;162.75;179.30;208.00;171.00;184.00;31.29;42.54;28.36;979.11;1809.71;804.32 
 PAS;PAS-NORMAL  GLOMERULUS  (85).jpg;205.15;169.36;184.13;210.00;177.00;188.00;27.34;39.25;25.45;747.61;1540.38;647.89 
 PAS;PAS-NORMAL  GLOMERULUS  (86).jpg;206.33;166.26;182.69;213.00;175.00;188.00;25.56;35.33;22.71;653.39;1248.50;515.52 
 PAS;PAS-NORMAL  GLOMERULUS  (87).jpg;209.02;168.55;189.41;209.00;165.00;188.00;27.52;33.62;21.03;757.35;1130.26;442.17 
 PAS;PAS-NORMAL  GLOMERULUS  (88).jpg;201.50;161.32;183.03;202.00;160.00;183.00;27.25;33.01;21.04;742.36;1089.56;442.48 
 PAS;PAS-NORMAL  GLOMERULUS  (89).jpg;205.78;166.97;186.54;207.00;166.00;186.00;26.08;30.73;19.48;680.34;944.10;379.32 
 PAS;PAS-NORMAL  GLOMERULUS  (90).jpg;209.41;171.80;188.31;213.00;176.00;191.00;27.56;36.94;24.01;759.41;1364.61;576.50 
 PAS;PAS-NORMAL  GLOMERULUS  (91).jpg;207.14;167.18;185.95;211.00;171.00;189.00;27.42;38.68;24.38;751.82;1496.08;594.58 
 PAS;PAS-NORMAL  GLOMERULUS  (92).jpg;200.27;166.52;184.72;205.00;172.00;188.00;35.56;43.52;30.07;1264.28;1894.05;904.41 
 PAS;PAS-NORMAL  GLOMERULUS  (93).jpg;215.41;181.63;196.32;218.00;183.00;198.00;23.69;30.04;18.91;561.14;902.44;357.57 
 PAS;PAS-NORMAL  GLOMERULUS  (94).jpg;186.18;155.29;172.36;188.00;155.00;173.00;21.21;29.56;17.29;450.07;873.76;299.08 
 PAS;PAS-NORMAL  GLOMERULUS  (95).jpg;197.86;176.90;192.45;201.00;179.00;194.00;22.34;26.86;17.12;499.15;721.68;293.03 
 PAS;PAS-NORMAL  GLOMERULUS  (96).jpg;190.10;172.92;196.07;194.00;175.00;198.00;30.43;40.00;24.23;926.22;1600.38;586.96 
 PAS;PAS-NORMAL  GLOMERULUS  (97).jpg;204.99;174.57;197.32;210.00;177.00;201.00;29.18;36.23;24.29;851.48;1312.43;589.77 
 PAS;PAS-NORMAL  GLOMERULUS  (98).jpg;170.42;147.52;171.34;172.00;144.00;170.00;30.26;36.24;21.56;915.66;1313.55;464.69 
 PAS;PAS-NORMAL  GLOMERULUS  (99).jpg;217.90;191.91;213.72;221.00;191.00;215.00;30.09;41.84;25.24;905.37;1750.64;637.10 
