 GROUP;NAME;H(AVERAGE);S(AVERAGE);V(AVERAGE);H(MEDIAN);S(MEDIAN);V(MEDIAN);H(DEVIATION);S(DEVIATION);V(DEVIATION);H(VARIANCE);S(VARIANCE);V(VARIANCE); 
 H&E;H&E-MEMBRANOUS    GLOMERULUS  (1).jpg;281.9127;    35;67.7828;326.2332;36.7906;67.0520;96.8221;15.7727;17.6274;9374.5207;248.7776;310.7262 
 H&E;H&E-MEMBRANOUS    GLOMERULUS  (1).TIF;333.4782;    60;66.3557;339.8107;64.0808;67.5824;37.3238;16.7648;11.3861;1393.0641;281.0597;129.6436 
 H&E;H&E-MEMBRANOUS    GLOMERULUS  (10).jpg;264.2698;    35;62.6563;325.8958;35.4708;61.6279;114.0804;21.4450;16.9361;13014.3444;459.8860;286.8300 
 H&E;H&E-MEMBRANOUS    GLOMERULUS  (10).TIF;331.6140;    61;61.3262;343.3993;65.6663;61.7450;58.6061;17.0337;12.9630;3434.6702;290.1470;168.0397 
 H&E;H&E-MEMBRANOUS    GLOMERULUS  (11).jpg;269.1922;    33;64.9565;326.4096;32.7812;62.5000;118.0951;22.1367;17.7559;13946.4520;490.0354;315.2706 
 H&E;H&E-MEMBRANOUS    GLOMERULUS  (11).TIF;326.4819;    64;60.0677;343.6069;69.6552;60.3896;71.5376;19.0862;13.0391;5117.6325;364.2815;170.0188 
 H&E;H&E-MEMBRANOUS    GLOMERULUS  (12).jpg;271.9983;    35;67.0942;331.3200;36.6702;65.7609;114.0229;17.0257;14.9854;13001.2249;289.8743;224.5623 
 H&E;H&E-MEMBRANOUS    GLOMERULUS  (12).TIF;329.3809;    60;68.7345;343.6372;64.4443;69.4915;64.8878;17.9880;11.5017;4210.4309;323.5690;132.2895 
 H&E;H&E-MEMBRANOUS    GLOMERULUS  (13).jpg;288.0057;    36;57.6176;315.3765;41.2847;54.8571;61.0054;19.2830;16.2322;3721.6584;371.8333;263.4849 
 H&E;H&E-MEMBRANOUS    GLOMERULUS  (13).TIF;334.2683;    63;61.3218;344.5019;67.0989;62.0915;53.5105;17.9735;12.5305;2863.3760;323.0474;157.0134 
 H&E;H&E-MEMBRANOUS    GLOMERULUS  (14).jpg;289.2515;    41;62.4485;328.1351;44.9050;62.1118;94.1257;19.2641;14.7656;8859.6562;371.1062;218.0233 
 H&E;H&E-MEMBRANOUS    GLOMERULUS  (14).TIF;331.5986;    63;59.2217;342.0287;68.5224;60.2649;52.3184;17.3514;13.2764;2737.2105;301.0699;176.2616 
 H&E;H&E-MEMBRANOUS    GLOMERULUS  (15).jpg;303.5502;    45;70.0711;336.5004;48.6279;70.4301;90.1480;18.9048;14.9096;8126.6639;357.3920;222.2973 
 H&E;H&E-MEMBRANOUS    GLOMERULUS  (15).TIF;332.9009;    55;66.4914;339.7546;57.3685;66.6667;44.9403;16.9170;11.3135;2019.6333;286.1843;127.9944 
 H&E;H&E-MEMBRANOUS    GLOMERULUS  (16).jpg;287.6672;    41;65.9691;337.7379;46.9603;68.2353;103.7665;20.5006;17.4858;10767.4952;420.2729;305.7529 
 H&E;H&E-MEMBRANOUS    GLOMERULUS  (16).TIF;337.1914;    58;63.6804;341.5388;61.1580;64.4737;32.9736;15.9658;12.1044;1087.2591;254.9056;146.5169 
 H&E;H&E-MEMBRANOUS    GLOMERULUS  (17).jpg;313.8855;    52;68.3397;344.0369;55.6897;70.8333;86.0930;19.3461;15.2512;7412.0097;374.2720;232.5981 
 H&E;H&E-MEMBRANOUS    GLOMERULUS  (17).TIF;337.5625;    66;60.3954;341.7061;70.2493;61.7021;31.0588;17.6156;12.2428;964.6465;310.3083;149.8870 
 H&E;H&E-MEMBRANOUS    GLOMERULUS  (18).jpg;273.6941;    40;72.8465;339.6578;42.0969;73.6842;117.5914;21.0653;15.5076;13827.7350;443.7462;240.4852 
 H&E;H&E-MEMBRANOUS    GLOMERULUS  (18).TIF;337.5550;    63;61.3691;341.4227;66.5803;62.4161;29.2025;17.1866;12.1280;852.7871;295.3797;147.0892 
 H&E;H&E-MEMBRANOUS    GLOMERULUS  (19).jpg;328.0170;    58;70.0023;345.7703;61.7705;72.5275;68.6844;17.7403;12.4821;4717.5535;314.7167;155.8038 
 H&E;H&E-MEMBRANOUS    GLOMERULUS  (2).jpg;279.4903;    41;58.3972;329.3386;44.0449;56.9767;105.9257;19.6161;16.4508;11220.2609;384.7928;270.6285 
 H&E;H&E-MEMBRANOUS    GLOMERULUS  (2).TIF;330.2735;    55;68.1844;337.8691;59.0640;68.6813;43.6100;17.4370;11.7463;1901.8354;304.0489;137.9761 
 H&E;H&E-MEMBRANOUS    GLOMERULUS  (20).jpg;293.2714;    47;72.5165;342.2999;50.2769;73.7430;105.5826;21.6990;14.4565;11147.6894;470.8477;208.9916 
 H&E;H&E-MEMBRANOUS    GLOMERULUS  (21).jpg;311.8249;    47;66.4442;339.8209;50.4093;68.4783;82.3134;18.5075;15.3258;6775.4892;342.5283;234.8798 
 H&E;H&E-MEMBRANOUS    GLOMERULUS  (22).jpg;262.6662;    36;64.7291;332.2059;37.5136;67.0330;120.6027;21.9867;15.7695;14545.0222;483.4154;248.6769 
 H&E;H&E-MEMBRANOUS    GLOMERULUS  (23).jpg;278.7386;    34;70.3041;335.5666;36.1007;72.6316;108.3827;20.4118;15.6760;11746.8007;416.6419;245.7364 
 H&E;H&E-MEMBRANOUS    GLOMERULUS  (24).jpg;305.0296;    53;71.0536;343.3748;57.0737;73.0769;94.3708;21.1586;16.8463;8905.8476;447.6881;283.7987 
 H&E;H&E-MEMBRANOUS    GLOMERULUS  (25).jpg;285.7642;    53;71.4432;345.1055;62.9102;72.9592;110.0800;26.5225;17.2198;12117.6123;703.4429;296.5218 
 H&E;H&E-MEMBRANOUS    GLOMERULUS  (26).jpg;284.2758;    36;64.0945;339.5149;38.2684;65.2439;113.7995;15.4023;14.7961;12950.3339;237.2309;218.9239 
 H&E;H&E-MEMBRANOUS    GLOMERULUS  (27).jpg;276.1166;    37;62.7679;334.5307;38.5429;62.7027;114.7880;16.3218;16.3447;13176.2744;266.4012;267.1506 
 H&E;H&E-MEMBRANOUS    GLOMERULUS  (28).jpg;275.2771;    39;64.6186;339.5154;40.7709;65.2695;124.1858;16.7933;15.9981;15422.1172;282.0135;255.9398 
 H&E;H&E-MEMBRANOUS    GLOMERULUS  (29).jpg;301.4158;    42;62.9410;340.1895;43.5006;64.5349;98.9144;15.9315;15.1136;9784.0684;253.8112;228.4224 
 H&E;H&E-MEMBRANOUS    GLOMERULUS  (3).jpg;227.0304;    33;65.2167;316.4463;28.1531;62.7907;129.8388;21.4488;19.2766;16858.1241;460.0519;371.5885 
 H&E;H&E-MEMBRANOUS    GLOMERULUS  (3).TIF;329.0196;    50;63.2340;335.6506;52.5783;63.3987;41.0551;16.5248;13.0731;1685.5253;273.0696;170.9052 
 H&E;H&E-MEMBRANOUS    GLOMERULUS  (30).jpg;277.1818;    29;65.3357;329.0027;29.5560;66.2420;107.7826;16.7996;18.2276;11617.0902;282.2259;332.2458 
 H&E;H&E-MEMBRANOUS    GLOMERULUS  (31).jpg;242.7056;    40;75.3513;346.6136;41.3836;76.6234;146.3936;19.4370;13.1508;21431.0928;377.7967;172.9440 
 H&E;H&E-MEMBRANOUS    GLOMERULUS  (32).jpg;271.0734;    37;71.2782;339.6754;44.7205;72.4138;118.4153;23.7220;13.3377;14022.1889;562.7318;177.8948 
 H&E;H&E-MEMBRANOUS    GLOMERULUS  (4).jpg;275.2661;    34;59.2831;323.3590;35.0877;58.0110;104.1291;17.8125;16.7233;10842.8720;317.2862;279.6687 
 H&E;H&E-MEMBRANOUS    GLOMERULUS  (4).TIF;332.7688;    55;60.9591;338.3829;57.9936;61.9355;32.6366;15.7557;13.1044;1065.1500;248.2414;171.7255 
 H&E;H&E-MEMBRANOUS    GLOMERULUS  (5).jpg;242.6135;    31;63.9350;317.6303;27.5835;61.9048;122.9776;19.9162;18.0455;15123.4976;396.6567;325.6414 
 H&E;H&E-MEMBRANOUS    GLOMERULUS  (5).TIF;335.7417;    62;62.0713;340.5673;66.5728;62.8378;27.9457;17.9509;13.0410;780.9613;322.2355;170.0665 
 H&E;H&E-MEMBRANOUS    GLOMERULUS  (6).jpg;269.2836;    33;58.6555;316.6929;33.5706;56.1404;98.0252;19.2126;17.1268;9608.9313;369.1221;293.3267 
 H&E;H&E-MEMBRANOUS    GLOMERULUS  (6).TIF;333.5842;    55;62.6031;340.3986;59.0411;64.0523;37.1204;16.5709;14.0994;1377.9207;274.5952;198.7939 
 H&E;H&E-MEMBRANOUS    GLOMERULUS  (7).jpg;278.0789;    38;59.1693;321.2774;40.8403;56.3536;94.0387;20.1087;16.5213;8843.2780;404.3583;272.9520 
 H&E;H&E-MEMBRANOUS    GLOMERULUS  (7).TIF;335.1538;    63;64.3021;342.0630;67.4557;65.1163;38.9484;17.2684;11.5691;1516.9803;298.1970;133.8439 
 H&E;H&E-MEMBRANOUS    GLOMERULUS  (8).jpg;259.8605;    37;60.4397;326.2590;39.1791;58.7209;121.4450;22.0680;18.9685;14748.8953;486.9945;359.8054 
 H&E;H&E-MEMBRANOUS    GLOMERULUS  (8).TIF;337.0703;    58;64.8957;342.6980;61.6944;66.4596;33.2769;16.2908;12.2113;1107.3496;265.3916;149.1155 
 H&E;H&E-MEMBRANOUS    GLOMERULUS  (9).jpg;263.5666;    39;68.0208;330.9367;40.2923;66.4773;118.9312;18.9165;16.6185;14144.6242;357.8335;276.1744 
 H&E;H&E-MEMBRANOUS    GLOMERULUS  (9).TIF;331.7965;    61;62.1835;339.6331;67.0083;62.3596;43.7985;20.3691;14.1643;1918.3108;414.9002;200.6266 
 H&E;H&E-NORMAL  GLOMERULUS    (100).jpg;268.5002;    45;65.5045;341.7247;46.3618;65.6250;133.8440;18.3365;14.8201;17914.2239;336.2274;219.6365 
 H&E;H&E-NORMAL  GLOMERULUS    (101).jpg;235.1175;    40;65.5991;334.2353;38.9844;64.8485;145.5716;19.4619;16.4551;21191.0981;378.7644;270.7688 
 H&E;H&E-NORMAL  GLOMERULUS    (102).jpg;225.5409;    37;68.5263;333.2563;34.7966;68.5185;148.3410;18.6359;15.9762;22005.0453;347.2962;255.2376 
 H&E;H&E-NORMAL  GLOMERULUS    (103).jpg;258.9453;    44;70.0305;342.0345;44.2904;70.0565;140.2473;17.3218;14.4988;19669.3082;300.0457;210.2150 
 H&E;H&E-NORMAL  GLOMERULUS    (104).jpg;223.8045;    36;68.8477;331.5900;32.5215;68.6747;148.6771;16.9636;15.8701;22104.8659;287.7634;251.8592 
 H&E;H&E-NORMAL  GLOMERULUS    (105).jpg;251.5963;    43;68.6082;339.8209;42.8543;68.6047;143.9772;16.7343;13.8270;20729.4323;280.0362;191.1851 
 H&E;H&E-NORMAL  GLOMERULUS    (106).jpg;284.1964;    49;62.8946;341.2511;52.9823;63.5220;121.5330;19.4134;16.2626;14770.2749;376.8784;264.4709 
 H&E;H&E-NORMAL  GLOMERULUS    (107).jpg;273.8972;    47;65.3885;341.8910;50.9635;66.0920;131.6031;19.4350;14.8525;17319.3716;377.7193;220.5968 
 H&E;H&E-NORMAL  GLOMERULUS    (108).jpg;269.3737;    41;62.3954;337.2651;43.6226;62.2857;128.7256;17.5338;16.9081;16570.2904;307.4327;285.8837 
 H&E;H&E-NORMAL  GLOMERULUS    (109).jpg;246.2201;    43;69.9983;336.4893;43.6859;70.1031;141.1235;20.1942;14.7737;19915.8399;407.8075;218.2627 
 H&E;H&E-NORMAL  GLOMERULUS    (110).jpg;230.0357;    38;70.1816;325.6076;36.6063;70.2128;138.7065;20.4671;18.1533;19239.4840;418.9030;329.5412 
 H&E;H&E-NORMAL  GLOMERULUS    (111).jpg;286.2163;    41;62.7130;331.9496;44.2061;62.5000;106.7843;17.7672;15.9894;11402.8897;315.6724;255.6622 
 H&E;H&E-NORMAL  GLOMERULUS    (112).jpg;300.5220;    44;66.5699;330.9536;46.2402;67.0391;87.5546;16.7007;14.1232;7665.8090;278.9129;199.4638 
 H&E;H&E-NORMAL  GLOMERULUS    (113).jpg;279.3045;    37;61.0432;327.4552;37.9882;61.4815;108.6378;16.1742;16.5363;11802.1726;261.6039;273.4506 
 H&E;H&E-NORMAL  GLOMERULUS    (114).jpg;278.8558;    36;63.9075;326.0445;36.7347;64.1892;107.8787;15.3430;15.4331;11637.8126;235.4062;238.1794 
 H&E;H&E-NORMAL  GLOMERULUS    (115).jpg;272.6061;    33;65.9380;327.1735;33.4521;65.9722;114.6074;15.1125;14.9790;13134.8549;228.3864;224.3705 
 H&E;H&E-NORMAL  GLOMERULUS    (116).jpg;286.9176;    37;71.1264;327.8277;37.3910;71.4286;100.4652;15.1041;12.3176;10093.2532;228.1350;151.7230 
 H&E;H&E-NORMAL  GLOMERULUS    (117).jpg;293.3053;    39;66.3347;330.8351;40.0861;66.8712;95.9611;15.3862;14.6618;9208.5371;236.7337;214.9676 
 H&E;H&E-NORMAL  GLOMERULUS    (118).jpg;266.4094;    33;65.2156;327.8321;33.5283;64.4737;120.9368;15.7320;15.4867;14625.7116;247.4947;239.8370 
 H&E;H&E-NORMAL  GLOMERULUS    (234).jpg;312.6527;    38;78.9062;342.9319;39.6573;79.7297;90.2495;12.0435;12.0935;8144.9779;145.0467;146.2537 
 H&E;H&E-NORMAL  GLOMERULUS    (235).jpg;296.3954;    42;74.8242;342.0634;44.0515;75.8427;110.7291;15.5666;15.5667;12260.9261;242.3191;242.3214 
 H&E;H&E-NORMAL  GLOMERULUS    (236).jpg;328.5069;    55;79.1954;343.5030;58.6024;80.7018;62.7142;14.9016;13.8702;3933.0704;222.0571;192.3826 
 H&E;H&E-NORMAL  GLOMERULUS    (237).jpg;299.1000;    42;62.5958;337.5416;45.9485;64.6341;101.7854;16.8089;16.1616;10360.2580;282.5377;261.1982 
 H&E;H&E-NORMAL  GLOMERULUS    (238).jpg;315.1962;    41;78.2257;343.1893;42.8781;81.2834;84.8309;14.0808;16.8444;7196.2876;198.2701;283.7340 
 H&E;H&E-NORMAL  GLOMERULUS    (239).jpg;309.4030;    40;80.7525;342.9629;43.9228;82.4074;95.2797;14.4605;14.0513;9078.2138;209.1073;197.4396 
 H&E;H&E-NORMAL  GLOMERULUS    (240).jpg;313.3108;    45;69.4215;343.5836;46.9392;69.7674;92.7997;13.6941;14.4934;8611.7861;187.5276;210.0594 
 H&E;H&E-NORMAL  GLOMERULUS    (241).jpg;310.0016;    44;68.5088;344.1665;47.4116;68.9024;98.7526;13.9468;15.0295;9752.0728;194.5126;225.8854 
 H&E;H&E-NORMAL  GLOMERULUS    (242).jpg;308.5854;    41;72.3751;343.2823;42.7051;74.4681;95.8676;12.4790;16.1800;9190.6053;155.7260;261.7915 
 H&E;H&E-NORMAL  GLOMERULUS    (243).jpg;277.1589;    37;74.8275;341.8174;38.7484;75.9777;127.2129;15.0011;17.5934;16183.1310;225.0320;309.5285 
 H&E;H&E-NORMAL  GLOMERULUS    (244).jpg;309.8360;    39;76.0357;344.1439;40.1105;78.6127;96.8517;13.6146;16.2995;9380.2546;185.3569;265.6741 
 H&E;H&E-NORMAL  GLOMERULUS    (245).jpg;316.4986;    50;81.3491;343.3796;54.7126;83.6957;84.8188;17.1583;15.6924;7194.2287;294.4067;246.2522 
 H&E;H&E-NORMAL  GLOMERULUS    (246).jpg;315.4190;    39;77.5531;343.9782;41.3141;79.8969;88.1629;11.2976;15.4692;7772.6997;127.6366;239.2966 
 H&E;H&E-NORMAL  GLOMERULUS    (247).jpg;301.9717;    37;74.7314;343.3905;39.5062;77.1739;104.1358;12.7513;16.6312;10844.2592;162.5963;276.5954 
 H&E;H&E-NORMAL  GLOMERULUS    (248).jpg;261.4735;    30;65.2667;334.4380;30.4336;68.2796;133.3617;13.8785;17.4921;17785.3388;192.6120;305.9746 
 H&E;H&E-NORMAL  GLOMERULUS    (249).jpg;307.8752;    42;74.8893;339.4302;45.1128;76.0638;88.8412;15.3086;16.5073;7892.7518;234.3519;272.4912 
 H&E;H&E-NORMAL  GLOMERULUS    (250).jpg;275.6759;    35;73.7047;335.4482;38.0000;74.5763;119.0047;15.8692;19.7216;14162.1120;251.8327;388.9409 
 H&E;H&E-NORMAL  GLOMERULUS    (251).jpg;299.3365;    36;63.2775;334.3129;37.8297;63.3663;94.6921;14.7001;13.9814;8966.5963;216.0917;195.4803 
 H&E;H&E-NORMAL  GLOMERULUS    (252).jpg;287.8385;    35;66.7918;317.5219;40.8669;64.6154;65.0432;22.4691;23.9765;4230.6230;504.8616;574.8717 
 H&E;H&E-NORMAL  GLOMERULUS    (253).jpg;318.7789;    55;76.6439;345.3784;63.6607;78.2383;83.4071;21.6887;17.2286;6956.7467;470.4013;296.8239 
 H&E;H&E-NORMAL  GLOMERULUS    (254).jpg;309.1143;    41;65.3441;339.7634;46.7353;65.0943;82.1013;17.6616;16.7986;6740.6165;311.9304;282.1923 
 H&E;H&E-NORMAL  GLOMERULUS    (255).jpg;323.6036;    44;62.7357;339.5114;48.8095;62.7451;56.1809;14.7356;14.2551;3156.2919;217.1379;203.2089 
 H&E;H&E-NORMAL  GLOMERULUS    (256).jpg;325.6691;    38;70.6223;334.5779;41.0811;70.9804;36.5194;12.8312;14.3270;1333.6682;164.6410;205.2639 
 H&E;H&E-NORMAL  GLOMERULUS    (257).jpg;288.3537;    33;74.6494;332.8666;40.7767;74.1463;82.1760;21.9786;18.6780;6752.8936;483.0575;348.8691 
 H&E;H&E-NORMAL  GLOMERULUS    (258).jpg;320.4113;    45;62.6289;335.8899;50.9713;63.4146;52.3581;18.7735;17.5700;2741.3746;352.4447;308.7041 
 H&E;H&E-NORMAL  GLOMERULUS    (259).jpg;331.6952;    44;71.6412;345.7784;47.9566;73.2057;58.0738;15.9185;15.8049;3372.5665;253.3990;249.7962 
 H&E;H&E-NORMAL  GLOMERULUS    (260).jpg;324.0444;    47;56.5289;348.1611;51.9181;56.8807;81.2692;16.1344;13.2449;6604.6756;260.3193;175.4274 
 H&E;H&E-NORMAL  GLOMERULUS    (261).jpg;320.6688;    43;58.8370;344.4291;47.6324;59.4340;77.2605;15.8169;14.2892;5969.1905;250.1734;204.1825 
 H&E;H&E-NORMAL  GLOMERULUS    (262).jpg;306.7272;    40;73.2545;329.7977;46.2385;72.2513;59.7034;19.9689;17.8461;3564.4921;398.7586;318.4842 
 H&E;H&E-NORMAL  GLOMERULUS    (263).jpg;321.5764;    47;58.9132;341.8930;52.1569;59.9099;72.8212;17.7447;21.6812;5302.9225;314.8742;470.0751 
 H&E;H&E-NORMAL  GLOMERULUS    (264).jpg;318.2098;    40;63.5989;333.3018;45.1367;62.2642;57.8203;20.4729;25.3279;3343.1926;419.1391;641.5014 
 H&E;H&E-NORMAL  GLOMERULUS    (265).jpg;275.4585;    42;61.4270;339.4246;46.2106;61.4679;128.7098;19.5795;20.4779;16566.2058;383.3553;419.3427 
 H&E;H&E-NORMAL  GLOMERULUS    (266).jpg;302.3841;    40;69.7267;337.9396;43.0075;70.2439;100.3711;18.8404;22.3497;10074.3484;354.9614;499.5072 
 H&E;H&E-NORMAL  GLOMERULUS    (267).jpg;335.2282;    47;77.3775;342.9292;48.4256;81.8627;32.6389;12.1895;18.5084;1065.2946;148.5846;342.5603 
 H&E;H&E-NORMAL  GLOMERULUS    (268).jpg;331.0342;    51;68.7889;338.4023;55.6064;73.7624;19.7756;14.4198;21.3403;391.0750;207.9320;455.4094 
 H&E;H&E-NORMAL  GLOMERULUS    (269).jpg;324.6144;    47;60.0535;347.6477;50.2682;62.2120;79.7236;14.6007;16.8695;6355.8597;213.1802;284.5785 
 H&E;H&E-NORMAL  GLOMERULUS    (270).jpg;312.6692;    40;66.1044;345.4606;43.5153;67.8899;98.1656;15.9562;17.5199;9636.4844;254.5989;306.9452 
 H&E;H&E-NORMAL  GLOMERULUS    (271).jpg;323.0273;    41;59.6953;335.1743;42.0118;63.4146;33.4924;15.4536;23.5175;1121.7414;238.8138;553.0737 
 H&E;H&E-NORMAL  GLOMERULUS    (272).jpg;321.3763;    49;61.7006;347.6245;55.1742;64.2105;86.0079;19.6342;16.2001;7397.3639;385.5016;262.4419 
 H&E;H&E-NORMAL  GLOMERULUS    (273).jpg;289.2941;    54;87.2818;343.8458;58.4409;93.1034;120.4928;15.8587;15.5034;14518.5205;251.4992;240.3566 
 H&E;H&E-NORMAL  GLOMERULUS    (274).jpg;278.2874;    54;86.6070;342.4410;58.9431;92.4779;128.1626;17.4722;16.0440;16425.6621;305.2782;257.4093 
 H&E;H&E-NORMAL  GLOMERULUS    (275).jpg;315.5213;    43;50.9866;345.3595;44.7254;54.7619;78.9084;12.4730;18.0929;6226.5415;155.5746;327.3537 
 H&E;H&E-NORMAL  GLOMERULUS    (276).jpg;301.6111;    36;52.2616;343.3191;38.6754;53.4884;94.2241;14.0071;18.3763;8878.1870;196.1990;337.6874 
 H&E;H&E-NORMAL  GLOMERULUS    (277).jpg;296.0982;    34;50.4147;336.5268;35.1525;50.8929;91.2489;14.7288;17.8817;8326.3676;216.9374;319.7546 
 H&E;H&E-NORMAL  GLOMERULUS    (278).jpg;297.3531;    26;64.2009;345.0641;29.2683;64.6288;105.5239;13.6124;14.6623;11135.2864;185.2962;214.9817 
 H&E;H&E-NORMAL  GLOMERULUS    (279).jpg;316.7887;    60;60.9634;337.4816;61.1111;63.9216;74.2415;16.2109;14.0549;5511.7948;262.7940;197.5414 
 H&E;H&E-NORMAL  GLOMERULUS    (280).jpg;311.5351;    57;61.1477;336.6952;59.8485;64.3137;81.9248;17.6907;14.4149;6711.6660;312.9626;207.7891 
 H&E;H&E-NORMAL  GLOMERULUS    (69).jpg;327.4487;    58;63.1969;344.3572;64.2097;63.7097;71.9163;18.1381;12.9936;5171.9588;328.9916;168.8328 
 H&E;H&E-NORMAL  GLOMERULUS    (70).jpg;319.1977;    52;67.8657;344.2790;57.6898;67.9104;86.5439;18.7751;12.7637;7489.8442;352.5048;162.9112 
 H&E;H&E-NORMAL  GLOMERULUS    (71).jpg;332.6476;    58;64.6018;345.4040;62.7626;65.4867;63.5024;15.9026;11.7767;4032.5608;252.8941;138.6903 
 H&E;H&E-NORMAL  GLOMERULUS    (72).jpg;334.3729;    61;64.8818;345.4954;64.6270;65.8120;59.1433;14.5476;11.5975;3497.9345;211.6320;134.5018 
 H&E;H&E-NORMAL  GLOMERULUS    (73).jpg;329.4990;    60;73.9721;345.9589;65.1020;74.1722;71.6258;16.7046;9.5590;5130.2514;279.0421;91.3749 
 H&E;H&E-NORMAL  GLOMERULUS    (74).jpg;331.0253;    60;61.5401;346.6923;65.2553;62.5000;69.0933;15.8963;12.0513;4773.8868;252.6937;145.2342 
 H&E;H&E-NORMAL  GLOMERULUS    (75).jpg;332.4108;    54;67.2373;347.1776;59.0693;68.5484;67.0640;14.3119;11.3952;4497.5808;204.8318;129.8514 
 H&E;H&E-NORMAL  GLOMERULUS    (76).jpg;317.6019;    55;65.3846;346.6769;60.8289;66.3717;94.4000;17.0449;12.0372;8911.3512;290.5289;144.8936 
 H&E;H&E-NORMAL  GLOMERULUS    (77).jpg;329.0759;    57;66.5440;346.7614;60.6382;67.8571;74.3080;15.9400;12.3335;5521.6863;254.0822;152.1161 
 H&E;H&E-NORMAL  GLOMERULUS    (78).jpg;332.3347;    59;65.1571;347.2001;64.9182;66.0870;67.4263;17.2328;13.1862;4546.3048;296.9707;173.8749 
 H&E;H&E-NORMAL  GLOMERULUS    (79).jpg;335.4767;    61;66.7103;347.1267;67.7181;67.9389;57.8736;17.0295;12.4350;3349.3558;290.0038;154.6283 
 H&E;H&E-NORMAL  GLOMERULUS    (80).jpg;308.2884;    54;68.1478;344.4135;60.2722;68.9922;103.6833;20.5455;12.7396;10750.2350;422.1157;162.2982 
 H&E;H&E-NORMAL  GLOMERULUS    (81).jpg;315.5000;    52;67.5060;344.9248;57.7048;68.2927;94.3019;17.8017;12.3402;8892.8550;316.9017;152.2801 
 H&E;H&E-NORMAL  GLOMERULUS    (82).jpg;316.6866;    55;61.9495;344.1191;60.6401;62.0690;90.2533;18.2444;13.4321;8145.6641;332.8597;180.4203 
 H&E;H&E-NORMAL  GLOMERULUS    (83).jpg;332.8654;    62;61.7374;345.1383;67.7557;62.7119;61.1058;16.8056;12.9871;3733.9218;282.4298;168.6642 
 H&E;H&E-NORMAL  GLOMERULUS    (84).jpg;331.3885;    59;61.6586;344.8399;64.1049;62.7273;65.0266;16.2598;12.9735;4228.4583;264.3796;168.3128 
 H&E;H&E-NORMAL  GLOMERULUS    (85).jpg;326.6795;    59;63.5886;344.5398;64.5771;63.7097;73.4315;18.2240;13.0237;5392.1822;332.1148;169.6177 
 H&E;H&E-NORMAL  GLOMERULUS    (86).jpg;332.5457;    59;65.6543;344.6970;65.5041;66.4000;60.3231;18.6229;13.1659;3638.8747;346.8141;173.3400 
 H&E;H&E-NORMAL  GLOMERULUS    (87).jpg;320.7391;    57;61.3412;344.0026;62.3208;61.7391;83.3791;18.1947;14.1394;6952.0694;331.0463;199.9236 
 H&E;H&E-NORMAL  GLOMERULUS    (88).jpg;334.9878;    62;63.0112;344.1751;65.1856;63.9344;50.3107;14.4163;11.8987;2531.1705;207.8297;141.5784 
 H&E;H&E-NORMAL  GLOMERULUS    (89).jpg;332.6444;    59;65.6781;344.5595;63.6308;66.1290;59.1715;15.1903;11.6195;3501.2680;230.7454;135.0131 
 H&E;H&E-NORMAL  GLOMERULUS    (90).jpg;323.0914;    54;66.5570;340.0503;57.6692;67.8571;70.7531;16.4570;11.3979;5005.9966;270.8322;129.9125 
 H&E;H&E-NORMAL  GLOMERULUS    (91).jpg;310.5759;    47;67.3778;339.8897;51.5896;67.8082;91.0712;17.0025;12.4775;8293.9702;289.0833;155.6875 
 H&E;H&E-NORMAL  GLOMERULUS    (92).jpg;330.8284;    60;63.0363;343.6815;65.3195;64.0625;59.7473;16.4524;13.0177;3569.7444;270.6827;169.4610 
 H&E;H&E-NORMAL  GLOMERULUS    (93).jpg;331.7867;    50;69.0651;344.0810;53.9025;70.2899;60.5586;12.7451;10.3785;3667.3393;162.4365;107.7141 
 H&E;H&E-NORMAL  GLOMERULUS    (94).jpg;319.8956;    52;63.6240;341.8452;57.0817;63.8462;80.5615;16.1085;12.5271;6490.1522;259.4831;156.9271 
 H&E;H&E-NORMAL  GLOMERULUS    (95).jpg;322.1242;    56;61.5619;341.8452;61.7885;62.2951;76.3283;17.2165;13.2049;5826.0124;296.4079;174.3690 
 H&E;H&E-NORMAL  GLOMERULUS    (96).jpg;329.0994;    56;62.4973;342.2514;60.5942;62.6016;62.5763;15.5155;11.9050;3915.7962;240.7314;141.7291 
 H&E;H&E-NORMAL  GLOMERULUS    (97).jpg;317.0328;    55;65.7019;342.5692;60.7231;66.4122;87.1568;17.7136;12.9538;7596.3040;313.7706;167.8001 
 H&E;H&E-NORMAL  GLOMERULUS    (98).jpg;330.5857;    50;71.0166;341.9728;53.6754;72.4359;57.2562;13.3842;9.8749;3278.2705;179.1375;97.5127 
 H&E;H&E-NORMAL  GLOMERULUS    (99).jpg;335.7362;    60;65.7783;342.3632;63.4306;66.9421;42.1209;16.2216;12.7190;1774.1665;263.1391;161.7728 
 H&E;NORMAL  GLOMERULUS  -  AZAN  (1).jpg;293.7794;    43;49.9815;319.0015;44.1603;47.4684;70.5424;19.3764;16.6137;4976.2326;375.4435;276.0140 
 H&E;NORMAL  GLOMERULUS  -  AZAN  (2).jpg;300.7478;    47;46.0186;324.6457;51.7749;41.7722;72.2914;20.2490;17.7688;5226.0524;410.0216;315.7311 
 H&E;NORMAL  GLOMERULUS  -  AZAN  (3).jpg;297.9813;    46;52.8634;322.8270;50.1760;49.1620;72.9523;19.9501;16.1423;5322.0331;398.0069;260.5744 
 PAMS;PAMS-GLOMERULAR  SCLEROSIS  GLOMERULUS  (1).jpg;75.5956;    24;76.0621;29.3811;20.6897;88.6640;99.2179;13.2167;25.7495;9844.1841;174.6808;663.0345 
 PAMS;PAMS-GLOMERULAR  SCLEROSIS  GLOMERULUS  (10).jpg;203.0039;    19;47.0999;224.2271;15.1899;39.8340;72.3884;16.2926;32.6018;5240.0783;265.4484;1062.8752 
 PAMS;PAMS-GLOMERULAR  SCLEROSIS  GLOMERULUS  (11).jpg;201.5633;    18;48.1412;225.8226;13.4615;40.4167;75.8065;15.2987;34.8889;5746.6319;234.0503;1217.2376 
 PAMS;PAMS-GLOMERULAR  SCLEROSIS  GLOMERULUS  (12).jpg;193.2542;    13;63.5220;229.2773;7.7873;67.2269;91.4139;13.4922;31.8323;8356.5047;182.0405;1013.2957 
 PAMS;PAMS-GLOMERULAR  SCLEROSIS  GLOMERULUS  (13).jpg;205.7728;    18;55.6684;249.8983;17.3611;45.4167;106.0407;15.2708;34.7583;11244.6196;233.1985;1208.1382 
 PAMS;PAMS-GLOMERULAR  SCLEROSIS  GLOMERULUS  (14).jpg;208.5563;    17;58.7513;237.7223;15.9091;53.2520;96.3741;14.6992;34.1817;9287.9727;216.0676;1168.3878 
 PAMS;PAMS-GLOMERULAR  SCLEROSIS  GLOMERULUS  (15).jpg;227.1627;    19;52.8374;234.1723;16.4062;44.7154;61.1445;14.7450;32.8598;3738.6526;217.4138;1079.7675 
 PAMS;PAMS-GLOMERULAR  SCLEROSIS  GLOMERULUS  (16).jpg;152.0826;    15;64.3160;198.6602;6.5728;77.7778;109.5216;17.6006;36.4081;11994.9875;309.7802;1325.5520 
 PAMS;PAMS-GLOMERULAR  SCLEROSIS  GLOMERULUS  (17).jpg;165.2706;    16;60.1049;212.8264;7.4074;68.4211;99.9323;17.5226;37.0877;9986.4547;307.0408;1375.4956 
 PAMS;PAMS-GLOMERULAR  SCLEROSIS  GLOMERULUS  (18).jpg;142.5676;    14;61.6163;86.3451;9.5029;72.8033;100.2094;11.8138;26.2644;10041.9258;139.5655;689.8188 
 PAMS;PAMS-GLOMERULAR  SCLEROSIS  GLOMERULUS  (19).jpg;167.2710;    13;50.1831;212.4525;6.2937;57.0175;98.3735;12.9264;29.3555;9677.3439;167.0927;861.7440 
 PAMS;PAMS-GLOMERULAR  SCLEROSIS  GLOMERULUS  (2).jpg;72.7288;    28;81.2342;28.0907;26.1044;95.2381;107.2227;7.7782;26.4583;11496.7144;60.5002;700.0440 
 PAMS;PAMS-GLOMERULAR  SCLEROSIS  GLOMERULUS  (20).jpg;163.0035;    15;51.4879;192.2678;8.0717;58.9958;98.5008;15.7631;28.5052;9702.4077;248.4750;812.5440 
 PAMS;PAMS-GLOMERULAR  SCLEROSIS  GLOMERULUS  (21).jpg;211.0928;    13;63.1051;225.2549;6.5899;71.3693;70.2544;13.6868;31.3810;4935.6868;187.3294;984.7671 
 PAMS;PAMS-GLOMERULAR  SCLEROSIS  GLOMERULUS  (22).jpg;172.4936;    13;61.7985;165.3522;5.9140;75.6863;83.1182;15.2580;29.0728;6908.6385;232.8077;845.2251 
 PAMS;PAMS-GLOMERULAR  SCLEROSIS  GLOMERULUS  (23).jpg;181.8328;    11;61.7665;198.2473;4.2735;74.5098;74.2599;13.7830;28.4040;5514.5288;189.9713;806.7848 
 PAMS;PAMS-GLOMERULAR  SCLEROSIS  GLOMERULUS  (24).jpg;190.1175;    13;44.4759;241.3445;8.6957;41.1765;101.1617;11.8841;24.8422;10233.6963;141.2323;617.1363 
 PAMS;PAMS-GLOMERULAR  SCLEROSIS  GLOMERULUS  (25).jpg;185.8816;    10;61.7397;206.8667;4.7210;69.0196;78.3108;12.1799;27.5870;6132.5792;148.3498;761.0412 
 PAMS;PAMS-GLOMERULAR  SCLEROSIS  GLOMERULUS  (26).jpg;111.6841;    20;59.3463;48.8804;14.9780;75.0000;102.8738;13.1491;32.0401;10583.0167;172.8990;1026.5672 
 PAMS;PAMS-GLOMERULAR  SCLEROSIS  GLOMERULUS  (27).jpg;154.7601;    13;70.3949;179.9410;7.1895;89.1667;124.6587;15.4785;33.5539;15539.7819;239.5853;1125.8625 
 PAMS;PAMS-GLOMERULAR  SCLEROSIS  GLOMERULUS  (28).jpg;168.3793;    16;66.2676;200.9817;9.4118;82.5726;120.2900;17.7451;35.8139;14469.6830;314.8888;1282.6333 
 PAMS;PAMS-GLOMERULAR  SCLEROSIS  GLOMERULUS  (29).jpg;152.9478;    19;68.4148;179.8188;10.6061;87.4494;119.4323;21.3906;35.0926;14264.0839;457.5558;1231.4936 
 PAMS;PAMS-GLOMERULAR  SCLEROSIS  GLOMERULUS  (3).jpg;85.1370;    20;70.4482;28.1540;19.5312;83.3333;112.4216;8.3404;26.8050;12638.6236;69.5626;718.5065 
 PAMS;PAMS-GLOMERULAR  SCLEROSIS  GLOMERULUS  (30).jpg;144.1579;    24;69.7437;164.7784;12.1739;92.4303;111.7650;26.7807;35.3314;12491.4072;717.2043;1248.3107 
 PAMS;PAMS-GLOMERULAR  SCLEROSIS  GLOMERULUS  (31).jpg;166.2642;    19;57.5299;209.9468;12.4183;66.2651;117.4199;18.5590;34.7538;13787.4341;344.4366;1207.8264 
 PAMS;PAMS-GLOMERULAR  SCLEROSIS  GLOMERULUS  (32).jpg;176.2267;    19;53.5718;217.0311;12.8492;57.7236;116.0180;17.1896;34.3575;13460.1658;295.4806;1180.4353 
 PAMS;PAMS-GLOMERULAR  SCLEROSIS  GLOMERULUS  (33).jpg;122.8284;    19;51.9412;40.0223;12.9630;61.6935;117.0470;14.8878;28.2854;13699.9994;221.6479;800.0657 
 PAMS;PAMS-GLOMERULAR  SCLEROSIS  GLOMERULUS  (34).jpg;141.2584;    19;48.2432;80.0159;14.0909;49.5868;119.5238;13.7145;31.1316;14285.9309;188.0871;969.1767 
 PAMS;PAMS-GLOMERULAR  SCLEROSIS  GLOMERULUS  (35).jpg;130.1647;    23;49.9680;59.9582;15.2174;56.8000;115.5748;18.9250;30.9347;13357.5296;358.1567;956.9571 
 PAMS;PAMS-GLOMERULAR  SCLEROSIS  GLOMERULUS  (36).jpg;168.8365;    19;56.4012;209.9634;12.3348;61.5385;118.3737;16.3188;31.5627;14012.3447;266.3041;996.2043 
 PAMS;PAMS-GLOMERULAR  SCLEROSIS  GLOMERULUS  (37).jpg;144.6172;    15;64.3612;85.7621;9.7704;78.8382;112.9639;12.2018;30.9866;12760.8374;148.8850;960.1682 
 PAMS;PAMS-GLOMERULAR  SCLEROSIS  GLOMERULUS  (38).jpg;176.9028;    15;57.7636;210.8038;9.2105;68.0328;115.2637;14.1556;32.5261;13285.7111;200.3818;1057.9488 
 PAMS;PAMS-GLOMERULAR  SCLEROSIS  GLOMERULUS  (39).jpg;167.4809;    16;52.9629;211.3854;11.9760;58.1590;131.9176;12.1507;28.8882;17402.2608;147.6390;834.5284 
 PAMS;PAMS-GLOMERULAR  SCLEROSIS  GLOMERULUS  (4).jpg;91.0959;    24;70.9091;30.5353;20.2312;86.0000;111.8063;14.3780;28.3408;12500.6469;206.7258;803.1995 
 PAMS;PAMS-GLOMERULAR  SCLEROSIS  GLOMERULUS  (40).jpg;157.5504;    15;67.9506;165.5581;8.7379;81.4815;111.4535;14.9476;32.9943;12421.8904;223.4316;1088.6221 
 PAMS;PAMS-GLOMERULAR  SCLEROSIS  GLOMERULUS  (41).jpg;144.7505;    12;73.7363;91.9226;6.8826;92.5311;111.7393;13.8689;31.3639;12485.6776;192.3470;983.6922 
 PAMS;PAMS-GLOMERULAR  SCLEROSIS  GLOMERULUS  (42).jpg;140.0911;    17;60.5870;85.6926;9.6916;74.5020;113.8432;15.9550;31.6668;12960.2700;254.5627;1002.7852 
 PAMS;PAMS-GLOMERULAR  SCLEROSIS  GLOMERULUS  (43).jpg;152.9401;    16;64.0753;113.6644;9.0909;79.8354;114.8174;15.3947;30.5728;13183.0358;236.9955;934.6933 
 PAMS;PAMS-GLOMERULAR  SCLEROSIS  GLOMERULUS  (44).jpg;176.2749;    21;58.8900;212.9552;13.8075;62.6556;121.7471;17.3791;30.7049;14822.3580;302.0332;942.7883 
 PAMS;PAMS-GLOMERULAR  SCLEROSIS  GLOMERULUS  (45).jpg;147.1475;    23;71.1616;106.9783;14.3460;85.3175;121.9113;21.8786;30.8020;14862.3588;478.6747;948.7630 
 PAMS;PAMS-GLOMERULAR  SCLEROSIS  GLOMERULUS  (46).jpg;161.7011;    16;74.5018;147.5494;7.5581;88.5375;114.3935;18.8091;27.8689;13085.8771;353.7828;776.6765 
 PAMS;PAMS-GLOMERULAR  SCLEROSIS  GLOMERULUS  (47).jpg;122.0151;    18;66.4843;59.9374;9.0164;85.3175;110.4193;20.2697;31.2004;12192.4280;410.8592;973.4669 
 PAMS;PAMS-GLOMERULAR  SCLEROSIS  GLOMERULUS  (48).jpg;121.9683;    17;65.5731;51.9439;8.4821;83.8583;113.1365;19.2854;30.2268;12799.8604;371.9258;913.6597 
 PAMS;PAMS-GLOMERULAR  SCLEROSIS  GLOMERULUS  (49).jpg;118.2452;    17;68.0457;52.8859;8.3333;85.0980;109.7978;19.5272;29.0681;12055.5591;381.3108;844.9548 
 PAMS;PAMS-GLOMERULAR  SCLEROSIS  GLOMERULUS  (5).jpg;91.7343;    25;68.9951;29.9652;20.6897;85.5422;110.3330;14.9741;30.0994;12173.3625;224.2249;905.9727 
 PAMS;PAMS-GLOMERULAR  SCLEROSIS  GLOMERULUS  (50).jpg;139.8033;    12;78.5359;70.5511;7.4074;91.0256;114.3229;11.3458;24.1600;13069.7351;128.7282;583.7035 
 PAMS;PAMS-GLOMERULAR  SCLEROSIS  GLOMERULUS  (51).jpg;143.3787;    15;75.4672;63.6964;9.2369;91.7695;129.6282;14.0421;28.6059;16803.4808;197.1801;818.2955 
 PAMS;PAMS-GLOMERULAR  SCLEROSIS  GLOMERULUS  (52).jpg;125.2880;    16;73.9877;51.7001;9.4488;93.4694;118.4790;14.1759;30.8698;14037.2759;200.9556;952.9472 
 PAMS;PAMS-GLOMERULAR  SCLEROSIS  GLOMERULUS  (53).jpg;141.4046;    18;76.2436;67.2468;10.0529;94.4664;121.1935;18.5557;29.7294;14687.8597;344.3150;883.8391 
 PAMS;PAMS-GLOMERULAR  SCLEROSIS  GLOMERULUS  (54).jpg;99.9252;    16;74.7581;32.2995;12.8755;87.6033;122.2450;9.6597;26.4461;14943.8484;93.3096;699.3943 
 PAMS;PAMS-GLOMERULAR  SCLEROSIS  GLOMERULUS  (55).jpg;124.3121;    19;71.6083;42.1814;13.2530;86.4000;129.0874;15.2747;28.5927;16663.5668;233.3177;817.5443 
 PAMS;PAMS-GLOMERULAR  SCLEROSIS  GLOMERULUS  (56).jpg;118.5435;    24;62.2275;31.5570;15.3846;79.3651;127.6122;19.0597;33.7401;16284.8758;363.2725;1138.3931 
 PAMS;PAMS-GLOMERULAR  SCLEROSIS  GLOMERULUS  (57).jpg;120.8879;    23;66.1673;34.2512;15.0794;84.6457;128.7988;18.8730;32.6788;16589.1398;356.1917;1067.9019 
 PAMS;PAMS-GLOMERULAR  SCLEROSIS  GLOMERULUS  (58).jpg;169.7144;    22;56.0647;179.9052;17.2840;56.8548;146.0436;13.4233;29.8705;21328.7412;180.1842;892.2485 
 PAMS;PAMS-GLOMERULAR  SCLEROSIS  GLOMERULUS  (59).jpg;133.4811;    19;63.2214;29.9861;14.3443;75.1020;142.1367;11.3934;29.8444;20202.8519;129.8102;890.6911 
 PAMS;PAMS-GLOMERULAR  SCLEROSIS  GLOMERULUS  (6).jpg;118.0803;    38;52.7655;29.9924;35.0000;48.6275;142.3960;17.0391;31.0631;20276.6340;290.3315;964.9166 
 PAMS;PAMS-GLOMERULAR  SCLEROSIS  GLOMERULUS  (60).jpg;179.7931;    22;53.4103;239.7411;17.8295;56.0976;145.1122;13.9654;26.5984;21057.5566;195.0319;707.4767 
 PAMS;PAMS-GLOMERULAR  SCLEROSIS  GLOMERULUS  (61).jpg;131.9520;    22;66.1768;44.4697;15.2174;78.1746;128.9948;19.1218;32.4701;16639.6577;365.6422;1054.3100 
 PAMS;PAMS-GLOMERULAR  SCLEROSIS  GLOMERULUS  (62).jpg;124.2417;    16;79.6679;43.7907;11.7886;91.3580;131.7094;13.0443;24.0783;17347.3615;170.1532;579.7624 
 PAMS;PAMS-GLOMERULAR  SCLEROSIS  GLOMERULUS  (63).jpg;111.6558;    15;81.3646;34.2512;11.3725;92.9461;132.1335;11.2107;23.1235;17459.2630;125.6807;534.6947 
 PAMS;PAMS-GLOMERULAR  SCLEROSIS  GLOMERULUS  (64).jpg;105.0974;    20;64.4438;28.8598;14.3646;73.7052;125.5643;15.2675;27.6950;15766.3999;233.0954;767.0147 
 PAMS;PAMS-GLOMERULAR  SCLEROSIS  GLOMERULUS  (65).jpg;105.2424;    18;69.3887;29.0616;13.4259;78.6290;129.5966;12.5852;24.7177;16795.2762;158.3862;610.9639 
 PAMS;PAMS-GLOMERULAR  SCLEROSIS  GLOMERULUS  (66).jpg;137.6328;    21;62.1584;43.1699;15.2941;70.0405;139.8681;15.0525;26.4992;19563.0801;226.5779;702.2053 
 PAMS;PAMS-GLOMERULAR  SCLEROSIS  GLOMERULUS  (67).jpg;131.0657;    26;50.8172;51.9562;18.8073;54.4000;125.7026;17.4474;34.0499;15801.1553;304.4134;1159.3936 
 PAMS;PAMS-GLOMERULAR  SCLEROSIS  GLOMERULUS  (68).jpg;120.5793;    23;55.2713;40.6928;17.7340;65.2174;122.1468;16.0167;30.8445;14919.8383;256.5333;951.3819 
 PAMS;PAMS-GLOMERULAR  SCLEROSIS  GLOMERULUS  (69).jpg;109.5555;    24;58.4152;32.7100;18.1416;72.6190;119.3578;16.3777;31.0747;14246.2727;268.2275;965.6366 
 PAMS;PAMS-GLOMERULAR  SCLEROSIS  GLOMERULUS  (7).jpg;115.5223;    20;66.3691;34.9060;17.3913;79.1165;136.5069;12.0650;33.1698;18634.1263;145.5634;1100.2369 
 PAMS;PAMS-GLOMERULAR  SCLEROSIS  GLOMERULUS  (70).jpg;121.4640;    23;54.4916;39.5246;17.8261;63.7795;122.3940;15.3490;30.9722;14980.2866;235.5909;959.2760 
 PAMS;PAMS-GLOMERULAR  SCLEROSIS  GLOMERULUS  (71).jpg;124.0437;    24;55.7353;43.0542;18.1373;65.7480;123.5838;16.6666;30.7472;15272.9646;277.7746;945.3898 
 PAMS;PAMS-GLOMERULAR  SCLEROSIS  GLOMERULUS  (72).jpg;141.4975;    22;59.1370;38.8055;18.5714;64.2276;142.8580;11.7300;27.0302;20408.4191;137.5937;730.6310 
 PAMS;PAMS-GLOMERULAR  SCLEROSIS  GLOMERULUS  (73).jpg;142.5420;    22;58.1012;38.8055;18.6567;63.4146;143.1297;11.8773;27.2831;20486.1236;141.0710;744.3694 
 PAMS;PAMS-GLOMERULAR  SCLEROSIS  GLOMERULUS  (74).jpg;153.8277;    23;52.7432;48.3175;19.7605;55.6911;144.0629;12.9417;27.5622;20754.1105;167.4871;759.6739 
 PAMS;PAMS-GLOMERULAR  SCLEROSIS  GLOMERULUS  (75).jpg;150.5027;    25;54.2251;45.1793;20.5882;57.3123;141.2889;15.8371;30.5775;19962.5419;250.8126;934.9818 
 PAMS;PAMS-GLOMERULAR  SCLEROSIS  GLOMERULUS  (76).jpg;97.9564;    23;67.1799;26.3861;20.8328;72.1698;135.0174;8.9752;19.3281;18229.6893;80.5540;373.5746 
 PAMS;PAMS-GLOMERULAR  SCLEROSIS  GLOMERULUS  (77).jpg;93.1567;    21;73.9627;26.8131;18.8596;80.5195;129.3450;9.7105;17.9552;16730.1164;94.2939;322.3881 
 PAMS;PAMS-GLOMERULAR  SCLEROSIS  GLOMERULUS  (78).jpg;107.1012;    25;62.3315;33.9714;18.1435;79.1339;114.5668;17.9580;33.7013;13125.5563;322.4897;1135.7787 
 PAMS;PAMS-GLOMERULAR  SCLEROSIS  GLOMERULUS  (79).jpg;130.5419;    20;68.0172;33.5061;17.9245;73.1915;145.8362;9.1132;24.2447;21268.1996;83.0506;587.8063 
 PAMS;PAMS-GLOMERULAR  SCLEROSIS  GLOMERULUS  (8).jpg;194.3001;    18;61.2219;235.2809;8.7610;71.3710;99.5677;20.4341;38.3924;9913.7349;417.5510;1473.9792 
 PAMS;PAMS-GLOMERULAR  SCLEROSIS  GLOMERULUS  (80).jpg;159.4722;    25;53.5247;86.5937;19.6429;55.5118;139.4737;15.3985;30.0055;19452.9245;237.1149;900.3323 
 PAMS;PAMS-GLOMERULAR  SCLEROSIS  GLOMERULUS  (81).jpg;91.9139;    21;67.9040;24.6024;18.2243;82.4490;120.5817;11.0522;27.4304;14539.9439;122.1511;752.4259 
 PAMS;PAMS-GLOMERULAR  SCLEROSIS  GLOMERULUS  (82).jpg;123.1139;    21;71.6325;38.6679;15.3285;85.4839;134.1290;15.0019;30.1352;17990.5880;225.0560;908.1286 
 PAMS;PAMS-GLOMERULAR  SCLEROSIS  GLOMERULUS  (83).jpg;137.4206;    24;64.2998;41.4936;17.3333;73.4127;136.3184;17.3444;31.1927;18582.7100;300.8278;972.9818 
 PAMS;PAMS-GLOMERULAR  SCLEROSIS  GLOMERULUS  (84).jpg;115.9699;    30;59.0203;38.7566;21.4765;71.2598;124.7053;21.0500;30.2013;15551.4189;443.1026;912.1196 
 PAMS;PAMS-GLOMERULAR  SCLEROSIS  GLOMERULUS  (85).jpg;119.2272;    24;59.2583;34.2698;18.9427;71.3710;131.9069;13.4916;29.0006;17399.4267;182.0229;841.0351 
 PAMS;PAMS-GLOMERULAR  SCLEROSIS  GLOMERULUS  (86).jpg;118.0286;    28;55.8654;39.1781;20.0000;65.3543;125.1217;20.0748;32.1003;15655.4462;402.9974;1030.4288 
 PAMS;PAMS-GLOMERULAR  SCLEROSIS  GLOMERULUS  (87).jpg;136.1693;    20;58.6458;39.5354;18.7251;62.1849;136.8255;9.1915;31.1442;18721.2107;84.4838;969.9636 
 PAMS;PAMS-GLOMERULAR  SCLEROSIS  GLOMERULUS  (88).jpg;107.1199;    20;69.7169;31.1921;18.9562;84.1880;130.3264;7.7477;29.3008;16984.9826;60.0269;858.5351 
 PAMS;PAMS-GLOMERULAR  SCLEROSIS  GLOMERULUS  (89).jpg;94.0165;    23;69.0568;28.0615;20.0000;79.9197;122.5334;10.9170;25.4779;15014.4367;119.1799;649.1252 
 PAMS;PAMS-GLOMERULAR  SCLEROSIS  GLOMERULUS  (9).jpg;159.6733;    17;56.8307;46.5993;13.8977;58.9431;145.3723;9.8404;29.7299;21133.1143;96.8336;883.8640 
 PAMS;PAMS-GLOMERULAR  SCLEROSIS  GLOMERULUS  (90).jpg;128.7207;    23;54.9133;35.3785;19.5833;60.6557;131.7595;11.9429;30.8560;17360.5700;142.6324;952.0920 
 PAMS;PAMS-GLOMERULAR  SCLEROSIS  GLOMERULUS  (91).jpg;159.3097;    31;35.7880;221.8132;25.0000;22.3529;120.6803;17.9585;30.8667;14563.7313;322.5075;952.7511 
 PAMS;PAMS-GLOMERULAR  SCLEROSIS  GLOMERULUS  (92).jpg;150.4262;    30;39.0909;150.0299;23.3161;32.1429;122.7133;17.1082;31.5117;15058.5589;292.6919;992.9902 
 PAMS;PAMS-GLOMERULAR  SCLEROSIS  GLOMERULUS  (93).jpg;84.4628;    20;76.2284;32.7121;18.0000;93.8525;104.5473;9.3674;31.1073;10930.1387;87.7490;967.6634 
 PAMS;PAMS-MEMBRANOUS  (1).jpg;191.1511;    12;69.9237;165.3522;7.0234;77.4390;96.7495;11.7097;20.0949;9360.4716;137.1179;403.8040 
 PAMS;PAMS-MEMBRANOUS  (2).jpg;108.3092;    15;75.5056;63.8262;12.9630;80.4348;109.9653;9.2801;17.1062;12092.3736;86.1201;292.6227 
 PAMS;PAMS-MEMBRANOUS  (23).jpg;196.1817;    27;58.8325;203.6345;17.2131;65.2361;62.9357;20.6196;33.8692;3960.8995;425.1684;1147.1255 
 PAMS;PAMS-MEMBRANOUS  (24).jpg;200.0446;    31;56.1503;198.6064;22.9030;56.2232;64.5667;20.7402;34.7668;4168.8625;430.1566;1208.7296 
 PAMS;PAMS-MEMBRANOUS  (25).jpg;186.6768;    21;63.6273;165.6032;12.1424;75.9259;74.3716;19.8995;25.8226;5531.1411;395.9899;666.8080 
 PAMS;PAMS-MEMBRANOUS  (26).jpg;191.0991;    19;67.0141;165.2685;10.3909;80.5556;68.2937;18.7646;26.7164;4664.0336;352.1085;713.7660 
 PAMS;PAMS-MEMBRANOUS  (27).jpg;176.4134;    18;68.1545;160.2403;9.0078;80.9756;69.5768;17.8863;24.6207;4840.9281;319.9203;606.1776 
 PAMS;PAMS-MEMBRANOUS  (28).jpg;196.8411;    22;61.6647;193.0756;9.5390;78.9189;72.0331;22.5369;31.1859;5188.7740;507.9101;972.5596 
 PAMS;PAMS-MEMBRANOUS  (29).jpg;186.2568;    19;65.9757;192.2884;7.5650;81.4433;77.9686;20.0416;28.1675;6079.1066;401.6647;793.4068 
 PAMS;PAMS-MEMBRANOUS  (3).jpg;174.3121;    10;75.0920;150.8403;6.1229;80.9859;95.6706;10.0056;16.7470;9152.8575;100.1122;280.4627 
 PAMS;PAMS-MEMBRANOUS  (30).jpg;196.3510;    20;64.9448;193.4821;7.9928;81.7204;72.7179;22.2201;29.8957;5287.8946;493.7325;893.7533 
 PAMS;PAMS-MEMBRANOUS  (31).jpg;139.0447;    23;67.9980;89.9919;16.1213;81.6239;98.6264;15.3158;27.0640;9727.1595;234.5751;732.4603 
 PAMS;PAMS-MEMBRANOUS  (32).jpg;116.1931;    21;64.2643;52.3111;15.2376;80.8612;108.0670;13.2649;28.9615;11678.4661;175.9583;838.7683 
 PAMS;PAMS-MEMBRANOUS  (33).jpg;165.9891;    28;54.6685;113.8550;19.6341;67.0996;91.8644;19.5723;33.1439;8439.0704;383.0757;1098.5198 
 PAMS;PAMS-MEMBRANOUS  (34).jpg;163.4539;    27;53.8854;107.7610;17.9217;67.5556;96.1708;20.6764;32.7356;9248.8190;427.5117;1071.6220 
 PAMS;PAMS-MEMBRANOUS  (35).jpg;144.3070;    23;62.1549;90.0502;15.6607;76.2791;106.6829;16.6169;29.9317;11381.2472;276.1222;895.9089 
 PAMS;PAMS-MEMBRANOUS  (36).jpg;147.1670;    25;57.1930;91.8744;16.8449;72.9730;99.1892;18.3527;31.1747;9838.4948;336.8224;971.8642 
 PAMS;PAMS-MEMBRANOUS  (4).jpg;186.4117;    22;63.1117;152.0887;13.4680;72.1739;79.5829;18.6676;27.1747;6333.4432;348.4787;738.4659 
 PAMS;PAMS-MEMBRANOUS  (5).jpg;126.6805;    17;72.7911;88.2923;14.2564;79.5652;91.2267;12.8570;23.0443;8322.3113;165.3033;531.0389 
 PAMS;PAMS-MEMBRANOUS  (6).jpg;182.2537;    17;66.5315;166.2054;9.1810;79.1469;75.2331;17.1793;26.2586;5660.0172;295.1279;689.5153 
 PAMS;PAMS-MEMBRANOUS  (7).jpg;149.5300;    21;64.7975;96.9424;14.7574;76.8519;103.4073;15.9790;27.5922;10693.0659;255.3275;761.3295 
 PAMS;PAMS-NORMAL  GLOMERULUS  (1).jpg;140.7612;    14;70.6267;40.0478;10.7143;85.7143;139.7834;10.3221;30.2939;19539.3926;106.5463;917.7217 
 PAMS;PAMS-NORMAL  GLOMERULUS  (1).TIF;206.8479;    19;75.3408;300.0440;15.5578;82.4176;156.5479;10.8444;18.9455;24507.2396;117.5999;358.9316 
 PAMS;PAMS-NORMAL  GLOMERULUS  (10).jpg;67.1757;    22;76.8714;21.1807;16.8624;85.2459;109.5130;12.9729;19.3254;11993.1078;168.2966;373.4697 
 PAMS;PAMS-NORMAL  GLOMERULUS  (11).jpg;99.0472;    17;77.6689;54.8131;13.5052;86.6995;97.3274;11.7160;19.8556;9472.6194;137.2645;394.2461 
 PAMS;PAMS-NORMAL  GLOMERULUS  (12).jpg;91.5584;    16;78.8887;51.4117;11.9589;88.6139;93.1314;10.4615;21.6262;8673.4494;109.4425;467.6945 
 PAMS;PAMS-NORMAL  GLOMERULUS  (13).jpg;94.9896;    17;77.6298;51.4572;13.2922;88.0000;97.2946;10.6498;21.4511;9466.2485;113.4191;460.1489 
 PAMS;PAMS-NORMAL  GLOMERULUS  (14).jpg;92.6156;    23;74.9244;29.9902;21.3948;88.0342;119.6708;8.0588;27.8642;14321.1110;64.9441;776.4113 
 PAMS;PAMS-NORMAL  GLOMERULUS  (15).jpg;125.7218;    25;61.0242;43.0407;20.2703;74.5902;123.9217;13.3123;32.7391;15356.5922;177.2184;1071.8513 
 PAMS;PAMS-NORMAL  GLOMERULUS  (16).jpg;82.7352;    23;74.0418;28.0656;21.3160;83.1858;116.0711;8.8154;20.8502;13472.4904;77.7108;434.7325 
 PAMS;PAMS-NORMAL  GLOMERULUS  (17).jpg;99.0668;    22;68.8635;30.6358;19.6347;80.2521;123.9368;9.5708;24.2437;15360.3281;91.6005;587.7568 
 PAMS;PAMS-NORMAL  GLOMERULUS  (18).jpg;104.8214;    21;60.2109;34.2745;19.1672;74.4681;116.2382;8.9915;28.4393;13511.3163;80.8463;808.7947 
 PAMS;PAMS-NORMAL  GLOMERULUS  (19).jpg;82.3637;    18;73.7783;26.8333;16.3090;86.9565;109.2999;7.6734;25.7467;11946.4652;58.8818;662.8935 
 PAMS;PAMS-NORMAL  GLOMERULUS  (2).jpg;77.9064;    28;69.4310;19.1103;22.5219;79.5699;125.1632;14.7714;23.4778;15665.8357;218.1955;551.2063 
 PAMS;PAMS-NORMAL  GLOMERULUS  (20).jpg;130.0049;    23;58.1264;60.0717;18.1328;74.3243;116.1697;13.1241;31.3159;13495.4052;172.2408;980.6858 
 PAMS;PAMS-NORMAL  GLOMERULUS  (21).jpg;77.9999;    20;75.8633;26.5487;17.7011;88.3621;104.9832;9.4397;25.3395;11021.4801;89.1084;642.0893 
 PAMS;PAMS-NORMAL  GLOMERULUS  (22).jpg;126.2762;    20;71.5468;37.2534;15.6425;82.6613;134.6360;14.1047;27.6889;18126.8421;198.9413;766.6744 
 PAMS;PAMS-NORMAL  GLOMERULUS  (23).jpg;75.8368;    17;80.4180;22.2801;15.7480;88.1579;120.1084;5.6943;19.4820;14426.0164;32.4250;379.5491 
 PAMS;PAMS-NORMAL  GLOMERULUS  (24).jpg;92.2951;    26;65.9875;33.6635;17.9916;84.9206;106.4479;19.3664;35.1641;11331.1527;375.0580;1236.5142 
 PAMS;PAMS-NORMAL  GLOMERULUS  (25).jpg;115.2794;    16;69.5982;25.4501;13.9130;77.5000;137.5839;8.2340;22.3389;18929.3230;67.7985;499.0266 
 PAMS;PAMS-NORMAL  GLOMERULUS  (26).jpg;118.3418;    21;61.5546;31.5570;16.2162;74.3902;129.2798;12.7835;27.3057;16713.2704;163.4174;745.6026 
 PAMS;PAMS-NORMAL  GLOMERULUS  (27).jpg;183.1504;    21;50.8838;247.3278;17.2131;46.9136;144.0247;12.9187;27.6463;20743.1084;166.8931;764.3194 
 PAMS;PAMS-NORMAL  GLOMERULUS  (28).jpg;163.0534;    19;53.4624;209.9468;15.2838;55.5102;140.3433;12.5678;28.6911;19696.2426;157.9497;823.1768 
 PAMS;PAMS-NORMAL  GLOMERULUS  (29).jpg;157.3628;    17;73.4239;91.6875;10.5882;89.5833;132.6133;17.1620;31.0732;17586.2878;294.5334;965.5449 
 PAMS;PAMS-NORMAL  GLOMERULUS  (3).jpg;88.0708;    26;68.9478;22.8699;19.1953;77.8378;130.0954;15.5667;22.1422;16924.8154;242.3221;490.2782 
 PAMS;PAMS-NORMAL  GLOMERULUS  (30).jpg;106.9967;    19;73.3053;28.4802;14.2241;86.2500;129.3388;12.5690;26.1528;16728.5307;157.9793;683.9689 
 PAMS;PAMS-NORMAL  GLOMERULUS  (31).jpg;134.5665;    19;73.7464;59.9294;11.7904;87.3518;129.6494;17.2510;28.9307;16808.9788;297.5961;836.9875 
 PAMS;PAMS-NORMAL  GLOMERULUS  (32).jpg;108.8107;    19;75.9900;34.2459;13.2159;91.3934;123.8886;14.8064;27.8545;15348.3755;219.2297;775.8735 
 PAMS;PAMS-NORMAL  GLOMERULUS  (33).jpg;126.1729;    20;60.6124;41.9962;13.0000;77.2358;126.8601;16.6936;27.1497;16093.4961;278.6766;737.1073 
 PAMS;PAMS-NORMAL  GLOMERULUS  (34).jpg;163.2789;    13;68.4815;131.2382;8.5366;83.8174;85.1618;11.4977;31.8535;7252.5271;132.1970;1014.6438 
 PAMS;PAMS-NORMAL  GLOMERULUS  (35).jpg;182.7182;    16;68.3287;209.3549;7.2340;83.4025;85.0014;18.2981;33.2604;7225.2382;334.8211;1106.2522 
 PAMS;PAMS-NORMAL  GLOMERULUS  (4).jpg;74.6186;    28;69.0058;18.9666;22.7292;78.6096;122.9354;14.5197;22.4887;15113.1010;210.8213;505.7426 
 PAMS;PAMS-NORMAL  GLOMERULUS  (5).jpg;81.8626;    23;69.2247;21.1883;17.5336;78.3784;127.7005;12.9853;23.1844;16307.4147;168.6180;537.5150 
 PAMS;PAMS-NORMAL  GLOMERULUS  (6).jpg;77.3929;    27;67.6648;18.9666;22.5834;78.0749;123.9753;14.3347;23.9688;15369.8842;205.4822;574.5045 
 PAMS;PAMS-NORMAL  GLOMERULUS  (7).jpg;59.0414;    31;68.2975;19.0947;25.7515;75.5319;106.2395;16.9183;21.0646;11286.8309;286.2289;443.7168 
 PAMS;PAMS-NORMAL  GLOMERULUS  (8).jpg;66.6108;    21;78.2056;22.2266;16.5289;86.5591;108.4580;12.6624;18.6750;11763.1351;160.3361;348.7549 
 PAMS;PAMS-NORMAL  GLOMERULUS  (9).jpg;63.6734;    21;77.6027;21.1883;16.6778;86.0215;105.7365;12.1400;20.3802;11180.2074;147.3785;415.3518 
 PAS;PAS-GLOMERULAR  SCLEROSIS  GLOMERULUS  (1).jpg;196.1038;    35;78.4904;321.2880;32.6361;81.3765;160.2836;10.2788;13.4675;25690.8301;105.6536;181.3740 
 PAS;PAS-GLOMERULAR  SCLEROSIS  GLOMERULUS  (10).jpg;306.2806;    36;57.7897;319.6258;35.4730;58.8235;53.0767;15.5310;13.5016;2817.1362;241.2114;182.2933 
 PAS;PAS-GLOMERULAR  SCLEROSIS  GLOMERULUS  (11).jpg;308.3506;    34;54.0124;318.5542;33.6264;55.4622;42.5691;14.3767;12.6008;1812.1322;206.6903;158.7798 
 PAS;PAS-GLOMERULAR  SCLEROSIS  GLOMERULUS  (12).jpg;302.0765;    37;54.1417;318.5832;36.0709;55.0459;63.8568;16.1822;16.4569;4077.6905;261.8628;270.8289 
 PAS;PAS-GLOMERULAR  SCLEROSIS  GLOMERULUS  (13).jpg;301.6091;    32;57.6552;319.1626;31.5375;58.1967;62.4975;14.2254;13.8837;3905.9368;202.3607;192.7576 
 PAS;PAS-GLOMERULAR  SCLEROSIS  GLOMERULUS  (14).jpg;296.8891;    28;67.2360;319.1626;27.0979;67.8571;73.0567;13.2383;11.3119;5337.2785;175.2521;127.9586 
 PAS;PAS-GLOMERULAR  SCLEROSIS  GLOMERULUS  (141).jpg;287.5189;    43;50.2799;327.6402;40.1586;48.2759;98.0811;18.6330;17.5575;9619.9010;347.1881;308.2649 
 PAS;PAS-GLOMERULAR  SCLEROSIS  GLOMERULUS  (142).jpg;283.4384;    39;52.7170;317.0516;37.2713;50.2994;88.0540;19.5112;16.2741;7753.5069;380.6852;264.8466 
 PAS;PAS-GLOMERULAR  SCLEROSIS  GLOMERULUS  (143).jpg;266.9189;    34;62.3121;322.4654;29.9228;62.5000;120.6550;17.9230;16.9325;14557.6186;321.2330;286.7101 
 PAS;PAS-GLOMERULAR  SCLEROSIS  GLOMERULUS  (144).jpg;288.5872;    39;60.4108;319.9443;37.1325;59.7561;88.4403;19.0736;15.3456;7821.6828;363.8038;235.4864 
 PAS;PAS-GLOMERULAR  SCLEROSIS  GLOMERULUS  (145).jpg;280.1756;    35;54.9312;314.4280;32.4024;53.7500;88.6007;20.2712;18.4410;7850.0755;410.9231;340.0710 
 PAS;PAS-GLOMERULAR  SCLEROSIS  GLOMERULUS  (146).jpg;294.7113;    27;62.2620;308.3847;25.8227;61.2903;59.4137;14.0869;15.5664;3529.9855;198.4396;242.3131 
 PAS;PAS-GLOMERULAR  SCLEROSIS  GLOMERULUS  (147).jpg;287.2149;    29;72.8914;318.9402;26.9547;72.1591;92.8306;13.2827;11.9999;8617.5125;176.4304;143.9988 
 PAS;PAS-GLOMERULAR  SCLEROSIS  GLOMERULUS  (148).jpg;249.2597;    41;63.7036;337.6976;38.5806;63.3333;147.7351;11.6847;13.4628;21825.6514;136.5323;181.2470 
 PAS;PAS-GLOMERULAR  SCLEROSIS  GLOMERULUS  (149).jpg;217.4298;    40;62.5737;335.0902;36.7579;63.6943;160.0896;11.9663;14.6289;25628.6741;143.1931;214.0042 
 PAS;PAS-GLOMERULAR  SCLEROSIS  GLOMERULUS  (15).jpg;267.3812;    29;58.3402;319.3008;24.9750;58.6207;113.8482;15.5217;16.9917;12961.4212;240.9229;288.7187 
 PAS;PAS-GLOMERULAR  SCLEROSIS  GLOMERULUS  (150).jpg;240.1833;    42;60.5146;337.3434;38.4873;59.7633;152.0732;13.5186;13.5886;23126.2636;182.7532;184.6503 
 PAS;PAS-GLOMERULAR  SCLEROSIS  GLOMERULUS  (151).jpg;224.8864;    40;60.8727;335.0626;36.3636;61.4458;157.8705;11.7950;14.6142;24923.1049;139.1211;213.5754 
 PAS;PAS-GLOMERULAR  SCLEROSIS  GLOMERULUS  (152).jpg;231.7406;    33;65.2917;337.5364;28.8886;65.5556;156.6492;13.3987;12.7658;24538.9835;179.5243;162.9657 
 PAS;PAS-GLOMERULAR  SCLEROSIS  GLOMERULUS  (153).jpg;230.1804;    35;65.6961;337.5731;31.2155;66.3212;157.3696;12.5744;11.8357;24765.1893;158.1167;140.0845 
 PAS;PAS-GLOMERULAR  SCLEROSIS  GLOMERULUS  (154).jpg;220.6607;    25;79.3505;336.3095;22.4771;80.4651;159.8235;9.2434;11.4811;25543.5467;85.4407;131.8155 
 PAS;PAS-GLOMERULAR  SCLEROSIS  GLOMERULUS  (155).jpg;267.3959;    39;70.5834;333.4907;34.4222;70.8791;130.5751;14.1323;16.6933;17049.8452;199.7213;278.6673 
 PAS;PAS-GLOMERULAR  SCLEROSIS  GLOMERULUS  (156).jpg;289.6370;    45;56.7762;330.6829;45.6823;56.0000;103.7426;14.4962;15.5234;10762.5329;210.1402;240.9749 
 PAS;PAS-GLOMERULAR  SCLEROSIS  GLOMERULUS  (157).jpg;264.0722;    43;55.4112;329.9426;41.7515;51.9802;127.8237;15.5146;18.1125;16338.8950;240.7023;328.0615 
 PAS;PAS-GLOMERULAR  SCLEROSIS  GLOMERULUS  (158).jpg;245.8651;    35;67.4156;339.7634;31.7926;66.6667;152.0096;10.2131;12.2386;23106.9074;104.3076;149.7840 
 PAS;PAS-GLOMERULAR  SCLEROSIS  GLOMERULUS  (159).jpg;217.7189;    31;72.5733;336.4081;27.9028;73.1579;161.4746;9.0733;12.1020;26074.0513;82.3249;146.4595 
 PAS;PAS-GLOMERULAR  SCLEROSIS  GLOMERULUS  (16).jpg;273.5537;    28;61.6757;324.0711;23.3167;64.0523;120.5930;16.1852;16.5257;14542.6741;261.9611;273.0998 
 PAS;PAS-GLOMERULAR  SCLEROSIS  GLOMERULUS  (160).jpg;244.4611;    29;76.1039;339.5034;26.2826;75.8454;151.7591;8.9172;10.5517;23030.8321;79.5165;111.3389 
 PAS;PAS-GLOMERULAR  SCLEROSIS  GLOMERULUS  (161).jpg;283.9619;    38;65.3168;339.4342;36.3014;65.8824;123.2419;10.5869;14.3824;15188.5668;112.0819;206.8534 
 PAS;PAS-GLOMERULAR  SCLEROSIS  GLOMERULUS  (162).jpg;269.3402;    36;70.9517;337.4150;34.2890;71.7822;132.2050;10.7529;14.0678;17478.1726;115.6254;197.9019 
 PAS;PAS-GLOMERULAR  SCLEROSIS  GLOMERULUS  (163).jpg;272.3006;    31;66.2022;333.8549;30.1935;68.5567;123.8836;9.5890;15.7310;15347.1526;91.9487;247.4645 
 PAS;PAS-GLOMERULAR  SCLEROSIS  GLOMERULUS  (164).jpg;218.6104;    38;77.7801;333.1098;34.9141;77.8481;156.2815;9.0552;16.8987;24423.9029;81.9974;285.5651 
 PAS;PAS-GLOMERULAR  SCLEROSIS  GLOMERULUS  (165).jpg;227.2981;    32;69.8595;339.5497;30.3387;71.2644;159.1173;7.3088;13.5918;25318.3077;53.4183;184.7367 
 PAS;PAS-GLOMERULAR  SCLEROSIS  GLOMERULUS  (166).jpg;199.9244;    35;68.5426;326.0044;32.9582;69.0058;162.4048;9.4320;15.8567;26375.3111;88.9623;251.4336 
 PAS;PAS-GLOMERULAR  SCLEROSIS  GLOMERULUS  (167).jpg;203.9615;    29;72.7307;326.3854;25.0731;73.0994;159.0937;9.9210;17.1037;25310.7964;98.4256;292.5349 
 PAS;PAS-GLOMERULAR  SCLEROSIS  GLOMERULUS  (168).jpg;281.8211;    37;64.1179;324.8188;33.5145;64.4172;106.5998;20.4850;16.5174;11363.5185;419.6334;272.8255 
 PAS;PAS-GLOMERULAR  SCLEROSIS  GLOMERULUS  (169).jpg;285.0164;    39;58.6816;324.3743;36.3636;58.1699;99.9932;21.0602;17.1953;9998.6445;443.5330;295.6796 
 PAS;PAS-GLOMERULAR  SCLEROSIS  GLOMERULUS  (17).jpg;310.9743;    35;54.1662;317.8684;30.9474;54.5455;24.3589;21.6593;16.0589;593.3582;469.1272;257.8896 
 PAS;PAS-GLOMERULAR  SCLEROSIS  GLOMERULUS  (170).jpg;292.6695;    41;60.3951;325.9739;40.3550;60.0000;94.5698;20.0999;17.3506;8943.4401;404.0046;301.0444 
 PAS;PAS-GLOMERULAR  SCLEROSIS  GLOMERULUS  (171).jpg;280.7423;    36;62.1958;325.5193;32.5603;62.3288;109.6077;19.2790;18.4082;12013.8520;371.6789;338.8634 
 PAS;PAS-GLOMERULAR  SCLEROSIS  GLOMERULUS  (172).jpg;286.8895;    40;56.6112;324.9424;37.6506;56.6667;98.3554;21.1031;17.7774;9673.7873;445.3403;316.0344 
 PAS;PAS-GLOMERULAR  SCLEROSIS  GLOMERULUS  (173).jpg;243.4435;    35;65.5210;321.5565;30.7535;65.8228;131.6518;22.9959;19.6595;17332.2007;528.8119;386.4962 
 PAS;PAS-GLOMERULAR  SCLEROSIS  GLOMERULUS  (174).jpg;283.1451;    39;55.1375;324.1806;36.3509;54.2636;102.3888;20.2688;17.1637;10483.4702;410.8223;294.5912 
 PAS;PAS-GLOMERULAR  SCLEROSIS  GLOMERULUS  (175).jpg;283.5076;    37;59.7398;323.7486;35.7228;59.3103;99.8881;18.2878;15.3359;9977.6416;334.4424;235.1909 
 PAS;PAS-GLOMERULAR  SCLEROSIS  GLOMERULUS  (176).jpg;306.7499;    43;59.8246;328.9833;41.9535;59.7122;76.5564;18.3729;13.2510;5860.8816;337.5637;175.5887 
 PAS;PAS-GLOMERULAR  SCLEROSIS  GLOMERULUS  (177).jpg;303.6523;    39;63.6490;328.9833;36.5625;63.6986;81.5978;18.3828;12.1678;6658.1974;337.9256;148.0547 
 PAS;PAS-GLOMERULAR  SCLEROSIS  GLOMERULUS  (178).jpg;304.3966;    35;62.3677;318.3169;33.1840;62.1622;51.7747;16.8893;13.4972;2680.6185;285.2469;182.1734 
 PAS;PAS-GLOMERULAR  SCLEROSIS  GLOMERULUS  (179).jpg;304.9112;    39;56.3500;319.1804;37.2549;55.9701;51.6614;17.9221;14.4826;2668.8963;321.2029;209.7458 
 PAS;PAS-GLOMERULAR  SCLEROSIS  GLOMERULUS  (18).jpg;242.7020;    41;63.7354;325.6519;38.6675;62.0000;138.7805;20.3516;17.2245;19260.0370;414.1863;296.6845 
 PAS;PAS-GLOMERULAR  SCLEROSIS  GLOMERULUS  (19).jpg;268.5373;    31;63.1623;323.6326;28.3536;63.0058;118.2431;16.2873;18.5344;13981.4255;265.2771;343.5237 
 PAS;PAS-GLOMERULAR  SCLEROSIS  GLOMERULUS  (2).jpg;267.6615;    14;63.5326;294.4018;11.6129;63.1148;71.0145;10.8226;11.2958;5043.0643;117.1277;127.5954 
 PAS;PAS-GLOMERULAR  SCLEROSIS  GLOMERULUS  (20).jpg;284.8349;    34;59.3836;323.0859;32.1363;59.2233;97.6451;14.6830;16.4799;9534.5676;215.5916;271.5887 
 PAS;PAS-GLOMERULAR  SCLEROSIS  GLOMERULUS  (21).jpg;264.4482;    36;61.1148;326.3807;35.0716;60.9890;123.6628;13.8423;17.8720;15292.4946;191.6092;319.4072 
 PAS;PAS-GLOMERULAR  SCLEROSIS  GLOMERULUS  (22).jpg;289.5587;    40;62.9421;314.1879;39.9137;60.1093;63.0862;23.4575;16.9543;3979.8652;550.2562;287.4488 
 PAS;PAS-GLOMERULAR  SCLEROSIS  GLOMERULUS  (23).jpg;282.3043;    36;63.0680;306.6061;34.9946;60.7843;72.1879;21.7994;20.2575;5211.0996;475.2159;410.3661 
 PAS;PAS-GLOMERULAR  SCLEROSIS  GLOMERULUS  (24).jpg;295.6270;    36;53.9757;310.1297;32.3596;53.6913;47.0070;19.1842;13.0159;2209.6547;368.0338;169.4136 
 PAS;PAS-GLOMERULAR  SCLEROSIS  GLOMERULUS  (25).jpg;253.4414;    28;68.0537;301.9359;25.8353;67.0968;96.6340;19.2143;18.3509;9338.1349;369.1908;336.7568 
 PAS;PAS-GLOMERULAR  SCLEROSIS  GLOMERULUS  (26).jpg;265.4972;    26;57.9666;285.0516;24.9238;56.2814;58.0130;19.2583;15.6546;3365.5081;370.8817;245.0657 
 PAS;PAS-GLOMERULAR  SCLEROSIS  GLOMERULUS  (27).jpg;281.2840;    27;62.5994;288.4956;25.2302;61.7143;36.6745;15.3111;16.1962;1345.0181;234.4312;262.3163 
 PAS;PAS-GLOMERULAR  SCLEROSIS  GLOMERULUS  (28).jpg;278.6715;    27;63.2875;287.5691;24.7712;62.4242;39.1272;16.3508;16.7136;1530.9388;267.3496;279.3434 
 PAS;PAS-GLOMERULAR  SCLEROSIS  GLOMERULUS  (29).jpg;283.6036;    25;64.0501;292.3875;22.3423;64.7059;35.3664;14.0599;15.9066;1250.7818;197.6800;253.0209 
 PAS;PAS-GLOMERULAR  SCLEROSIS  GLOMERULUS  (3).jpg;263.2812;    39;78.3402;338.3123;35.9649;80.9322;138.5018;11.0200;12.2020;19182.7545;121.4395;148.8887 
 PAS;PAS-GLOMERULAR  SCLEROSIS  GLOMERULUS  (30).jpg;275.6252;    21;73.4108;287.7558;18.6441;73.3333;43.8805;13.1038;11.6635;1925.5000;171.7095;136.0383 
 PAS;PAS-GLOMERULAR  SCLEROSIS  GLOMERULUS  (31).jpg;274.5682;    18;76.4626;285.4843;15.0485;77.2549;42.5369;11.6858;10.9487;1809.3858;136.5581;119.8735 
 PAS;PAS-GLOMERULAR  SCLEROSIS  GLOMERULUS  (32).jpg;273.8983;    22;72.2343;293.4530;21.2435;71.3725;51.6160;14.6717;12.5667;2664.2097;215.2593;157.9220 
 PAS;PAS-GLOMERULAR  SCLEROSIS  GLOMERULUS  (33).jpg;265.5320;    18;72.6699;278.5934;16.6667;72.1569;46.1267;11.3006;11.9463;2127.6765;127.7038;142.7141 
 PAS;PAS-GLOMERULAR  SCLEROSIS  GLOMERULUS  (34).jpg;269.2008;    18;64.7684;290.1478;15.8824;64.3137;68.8632;11.3032;10.6050;4742.1438;127.7628;112.4663 
 PAS;PAS-GLOMERULAR  SCLEROSIS  GLOMERULUS  (35).jpg;282.9386;    25;58.8142;297.7513;24.4604;57.6471;53.3468;12.7135;11.2029;2845.8828;161.6329;125.5047 
 PAS;PAS-GLOMERULAR  SCLEROSIS  GLOMERULUS  (36).jpg;286.1958;    25;59.2237;298.6639;24.1611;58.0392;49.1261;12.1451;10.2830;2413.3725;147.5034;105.7396 
 PAS;PAS-GLOMERULAR  SCLEROSIS  GLOMERULUS  (37).jpg;272.3404;    22;74.3469;282.1614;21.3198;74.1176;40.4161;12.0070;12.8027;1633.4601;144.1687;163.9092 
 PAS;PAS-GLOMERULAR  SCLEROSIS  GLOMERULUS  (38).jpg;267.7196;    25;76.7668;277.5462;23.8889;76.4706;43.2396;13.1090;13.6346;1869.6663;171.8464;185.9028 
 PAS;PAS-GLOMERULAR  SCLEROSIS  GLOMERULUS  (39).jpg;273.3247;    22;62.4918;306.8320;21.8182;62.3529;85.6562;11.9565;11.2820;7336.9824;142.9583;127.2839 
 PAS;PAS-GLOMERULAR  SCLEROSIS  GLOMERULUS  (4).jpg;292.5875;    28;59.3153;314.1879;25.8932;60.0000;71.2901;14.8198;15.2076;5082.2852;219.6277;231.2707 
 PAS;PAS-GLOMERULAR  SCLEROSIS  GLOMERULUS  (40).jpg;280.3981;    22;61.4823;305.6132;20.6061;61.1765;74.6367;12.2859;11.3443;5570.6415;150.9440;128.6937 
 PAS;PAS-GLOMERULAR  SCLEROSIS  GLOMERULUS  (41).jpg;251.6195;    18;64.6932;300.4506;14.6901;64.7059;102.3962;12.4708;14.1378;10484.9913;155.5203;199.8777 
 PAS;PAS-GLOMERULAR  SCLEROSIS  GLOMERULUS  (42).jpg;266.7537;    22;75.9132;293.7025;19.4805;76.5714;74.2434;15.3818;16.0454;5512.0871;236.5991;257.4563 
 PAS;PAS-GLOMERULAR  SCLEROSIS  GLOMERULUS  (43).jpg;269.5553;    31;57.0418;305.4523;29.0188;55.1724;90.9185;15.8442;17.1107;8266.1662;251.0380;292.7752 
 PAS;PAS-GLOMERULAR  SCLEROSIS  GLOMERULUS  (44).jpg;281.6551;    36;59.5476;308.6575;32.6669;58.7838;75.1621;19.4834;14.8019;5649.3487;379.6021;219.0957 
 PAS;PAS-GLOMERULAR  SCLEROSIS  GLOMERULUS  (45).jpg;282.0432;    26;67.1475;316.8432;23.6897;68.0982;93.3214;13.3108;14.9764;8708.8918;177.1775;224.2926 
 PAS;PAS-GLOMERULAR  SCLEROSIS  GLOMERULUS  (46).jpg;278.9785;    24;66.7682;314.7758;21.6944;68.6667;96.6317;12.5216;14.2439;9337.6801;156.7895;202.8897 
 PAS;PAS-GLOMERULAR  SCLEROSIS  GLOMERULUS  (47).jpg;278.0218;    16;80.8127;318.7844;15.2905;80.8036;102.5257;7.2936;8.9820;10511.5145;53.1965;80.6768 
 PAS;PAS-GLOMERULAR  SCLEROSIS  GLOMERULUS  (48).jpg;275.3941;    25;81.4752;300.6404;24.9227;84.0000;79.3602;15.3632;15.9031;6298.0394;236.0293;252.9074 
 PAS;PAS-GLOMERULAR  SCLEROSIS  GLOMERULUS  (49).jpg;289.3528;    31;66.3049;318.4435;30.3671;67.1053;88.8458;12.0310;13.8576;7893.5723;144.7445;192.0334 
 PAS;PAS-GLOMERULAR  SCLEROSIS  GLOMERULUS  (5).jpg;275.7367;    33;51.3802;297.9427;34.2857;49.2958;69.6945;19.2977;19.6956;4857.3231;372.4027;387.9176 
 PAS;PAS-GLOMERULAR  SCLEROSIS  GLOMERULUS  (50).jpg;294.8486;    34;64.7907;318.9057;32.8093;65.3333;80.4310;12.7493;13.6066;6469.1392;162.5442;185.1401 
 PAS;PAS-GLOMERULAR  SCLEROSIS  GLOMERULUS  (6).jpg;273.9661;    28;81.1740;291.0602;28.5176;86.6197;62.4975;17.0200;18.8087;3905.9327;289.6807;353.7655 
 PAS;PAS-GLOMERULAR  SCLEROSIS  GLOMERULUS  (7).jpg;287.0551;    41;58.7976;292.0337;41.7836;56.8047;25.0978;15.6987;18.6309;629.9013;246.4499;347.1113 
 PAS;PAS-GLOMERULAR  SCLEROSIS  GLOMERULUS  (8).jpg;298.1993;    39;53.4024;328.0921;37.6260;54.3103;88.4007;16.4262;15.1782;7814.6785;269.8212;230.3787 
 PAS;PAS-GLOMERULAR  SCLEROSIS  GLOMERULUS  (9).jpg;249.9449;    32;63.0347;326.1686;29.4083;64.9123;129.0298;17.3274;15.7710;16648.6956;300.2401;248.7258 
 PAS;PAS-NORMAL  GLOMERULUS  (1).jpg;223.7463;    32;51.7083;332.3738;26.7176;53.3333;154.5486;15.8892;11.0523;23885.2747;252.4681;122.1544 
 PAS;PAS-NORMAL  GLOMERULUS  (1).TIF;293.0848;    32;66.3940;316.8428;29.3561;66.8605;87.5380;18.1865;15.0153;7662.9019;330.7488;225.4596 
 PAS;PAS-NORMAL  GLOMERULUS  (100).jpg;250.5481;    20;66.3776;302.1578;15.4762;66.1765;106.1044;13.0306;15.8030;11258.1332;169.7974;249.7335 
 PAS;PAS-NORMAL  GLOMERULUS  (101).jpg;245.0678;    23;66.4390;263.6723;18.0513;66.4516;54.7616;15.1083;17.8471;2998.8278;228.2596;318.5192 
 PAS;PAS-NORMAL  GLOMERULUS  (102).jpg;254.1012;    20;70.7293;273.6864;16.1721;71.5152;62.6954;14.3050;15.3046;3930.7119;204.6317;234.2317 
 PAS;PAS-NORMAL  GLOMERULUS  (103).jpg;272.4766;    19;61.9604;311.1333;16.1315;62.3457;92.7138;12.2574;13.3286;8595.8513;150.2448;177.6526 
 PAS;PAS-NORMAL  GLOMERULUS  (104).jpg;279.1435;    21;55.6817;309.1260;16.1786;55.6180;78.0059;15.8744;13.4857;6084.9129;251.9968;181.8647 
 PAS;PAS-NORMAL  GLOMERULUS  (105).jpg;299.6158;    32;66.6472;313.8890;31.5722;66.2791;48.7425;17.2003;22.1229;2375.8267;295.8515;489.4211 
 PAS;PAS-NORMAL  GLOMERULUS  (106).jpg;309.6391;    32;56.4915;319.4725;30.8179;57.5342;42.5899;13.6491;13.6142;1813.9028;186.2984;185.3472 
 PAS;PAS-NORMAL  GLOMERULUS  (107).jpg;309.4132;    38;59.0246;331.1646;36.1412;59.7122;74.8390;13.5763;13.5857;5600.8696;184.3156;184.5704 
 PAS;PAS-NORMAL  GLOMERULUS  (108).jpg;310.7567;    36;57.3464;329.7927;34.2046;58.6957;67.7828;13.1308;13.5981;4594.5122;172.4183;184.9073 
 PAS;PAS-NORMAL  GLOMERULUS  (109).jpg;255.4441;    22;82.1303;288.4362;21.2918;89.0710;83.8701;17.3241;19.9779;7034.2005;300.1254;399.1167 
 PAS;PAS-NORMAL  GLOMERULUS  (110).jpg;234.5856;    34;78.8426;337.8424;32.2917;81.2766;154.5136;8.5891;12.1417;23874.4545;73.7731;147.4199 
 PAS;PAS-NORMAL  GLOMERULUS  (111).jpg;140.3703;    26;59.4076;44.5084;23.4392;60.3352;151.5183;10.8647;17.4511;22957.8057;118.0414;304.5414 
 PAS;PAS-NORMAL  GLOMERULUS  (2).jpg;257.3208;    31;60.9861;322.2200;27.5443;60.0000;119.4649;16.2793;18.0998;14271.8534;265.0146;327.6012 
 PAS;PAS-NORMAL  GLOMERULUS  (2).TIF;277.4258;    33;64.8196;313.2918;31.1822;64.1176;101.9542;17.3435;13.8999;10394.6662;300.7966;193.2073 
 PAS;PAS-NORMAL  GLOMERULUS  (3).jpg;273.1688;    33;59.2587;324.2581;29.9602;58.8235;107.7817;16.3506;17.0338;11616.9020;267.3407;290.1498 
 PAS;PAS-NORMAL  GLOMERULUS  (3).TIF;293.8998;    33;58.0683;313.2662;31.3450;56.7742;74.9493;14.5032;16.0354;5617.3906;210.3416;257.1330 
 PAS;PAS-NORMAL  GLOMERULUS  (4).jpg;268.9088;    34;67.5671;330.4603;33.3333;67.8082;122.8914;13.1729;13.5730;15102.2987;173.5260;184.2266 
 PAS;PAS-NORMAL  GLOMERULUS  (4).TIF;261.1055;    29;63.7313;313.1982;27.1287;62.9139;118.6980;17.1296;17.8135;14089.2151;293.4243;317.3204 
 PAS;PAS-NORMAL  GLOMERULUS  (5).jpg;257.6567;    32;76.4723;329.3659;30.3902;76.4706;128.7225;12.5684;11.3093;16569.4902;157.9651;127.9003 
 PAS;PAS-NORMAL  GLOMERULUS  (5).TIF;276.3745;    32;60.9305;313.6003;30.0834;60.6061;104.3228;17.8137;17.0637;10883.2505;317.3263;291.1701 
 PAS;PAS-NORMAL  GLOMERULUS  (6).jpg;263.1920;    31;67.8609;325.5930;27.4274;67.7419;122.3377;17.1420;14.0355;14966.5117;293.8475;196.9963 
 PAS;PAS-NORMAL  GLOMERULUS  (62).jpg;266.7700;    29;67.5894;334.2044;25.4132;67.6647;130.2393;10.7265;15.5827;16962.2843;115.0579;242.8215 
 PAS;PAS-NORMAL  GLOMERULUS  (63).jpg;267.1048;    33;58.7921;322.5006;27.8614;59.2357;117.0129;16.8728;18.7636;13692.0255;284.6907;352.0722 
 PAS;PAS-NORMAL  GLOMERULUS  (64).jpg;265.9515;    31;57.0989;325.6360;26.3158;58.8652;123.4031;16.1376;17.0590;15228.3256;260.4230;291.0102 
 PAS;PAS-NORMAL  GLOMERULUS  (65).jpg;249.7314;    30;72.4620;328.9176;25.4525;72.6776;138.9741;13.3039;17.3207;19313.7972;176.9934;300.0051 
 PAS;PAS-NORMAL  GLOMERULUS  (66).jpg;307.1419;    35;59.6507;335.5422;31.6197;62.2093;89.5063;14.7763;15.1378;8011.3865;218.3398;229.1531 
 PAS;PAS-NORMAL  GLOMERULUS  (67).jpg;295.6237;    34;61.1885;334.4359;30.5077;62.5000;105.8432;14.6819;14.1225;11202.7762;215.5577;199.4462 
 PAS;PAS-NORMAL  GLOMERULUS  (68).jpg;296.0626;    33;63.6523;336.2205;29.6339;65.1163;108.2808;13.8613;13.6636;11724.7254;192.1369;186.6948 
 PAS;PAS-NORMAL  GLOMERULUS  (69).jpg;298.8403;    31;65.4318;334.2919;27.8788;66.1017;103.7194;13.9454;16.8765;10757.7213;194.4733;284.8174 
 PAS;PAS-NORMAL  GLOMERULUS  (70).jpg;221.9324;    25;79.8313;328.9376;21.2057;81.8182;153.1454;11.0814;14.2314;23453.5099;122.7968;202.5339 
 PAS;PAS-NORMAL  GLOMERULUS  (71).jpg;294.8292;    33;68.0539;336.1861;30.0821;70.1754;107.4404;13.8685;15.9150;11543.4389;192.3349;253.2882 
 PAS;PAS-NORMAL  GLOMERULUS  (72).jpg;287.4364;    25;69.3585;323.6237;21.1957;70.0893;95.1120;13.8274;15.1950;9046.3017;191.1963;230.8868 
 PAS;PAS-NORMAL  GLOMERULUS  (73).jpg;268.5547;    25;68.0967;322.0614;20.7570;68.5000;114.7190;14.0863;18.2619;13160.4500;198.4234;333.4963 
 PAS;PAS-NORMAL  GLOMERULUS  (74).jpg;262.6493;    26;72.4670;322.8748;20.6127;74.3961;122.6382;14.7071;18.4297;15040.1246;216.2991;339.6540 
 PAS;PAS-NORMAL  GLOMERULUS  (75).jpg;257.0775;    24;72.4844;322.3505;19.5266;74.3842;127.1066;13.8005;19.0654;16156.0767;190.4549;363.4902 
 PAS;PAS-NORMAL  GLOMERULUS  (76).jpg;268.3152;    31;67.8868;331.2551;26.7751;68.3962;125.1503;14.2584;18.5063;15662.6029;203.3020;342.4815 
 PAS;PAS-NORMAL  GLOMERULUS  (77).jpg;289.9204;    29;81.3565;333.7190;24.7266;83.9827;107.2792;13.8257;14.3810;11508.8273;191.1489;206.8143 
 PAS;PAS-NORMAL  GLOMERULUS  (78).jpg;290.0708;    32;62.0980;328.6966;29.3359;61.9883;102.2304;12.7147;13.9255;10451.0487;161.6641;193.9198 
 PAS;PAS-NORMAL  GLOMERULUS  (79).jpg;290.4057;    36;65.6283;335.8733;33.7132;66.2420;112.0483;11.6284;13.3164;12554.8154;135.2205;177.3260 
 PAS;PAS-NORMAL  GLOMERULUS  (80).jpg;303.7124;    32;71.1470;332.3738;30.6770;72.8571;88.8347;11.8574;15.4765;7891.6123;140.5968;239.5209 
 PAS;PAS-NORMAL  GLOMERULUS  (81).jpg;283.8906;    21;75.2436;330.1417;18.6528;76.0000;109.5749;8.3933;11.9326;12006.6519;70.4483;142.3859 
 PAS;PAS-NORMAL  GLOMERULUS  (82).jpg;286.5317;    25;71.4989;331.6560;22.6678;72.3404;109.5537;9.1321;12.7859;12002.0151;83.3955;163.4803 
 PAS;PAS-NORMAL  GLOMERULUS  (83).jpg;299.3574;    27;72.8642;330.0657;24.8698;73.9726;91.8791;11.1100;14.2291;8441.7636;123.4315;202.4659 
 PAS;PAS-NORMAL  GLOMERULUS  (84).jpg;267.6266;    23;73.4341;327.8967;18.7524;75.8974;124.6117;12.4837;15.1989;15528.0773;155.8421;231.0075 
 PAS;PAS-NORMAL  GLOMERULUS  (85).jpg;266.2953;    22;74.1018;327.8489;17.0940;76.1905;125.8909;12.7139;13.8267;15848.5212;161.6429;191.1769 
 PAS;PAS-NORMAL  GLOMERULUS  (86).jpg;297.0301;    26;73.2694;333.1787;22.5718;76.6667;102.5945;12.2092;13.5758;10525.6292;149.0652;184.3027 
 PAS;PAS-NORMAL  GLOMERULUS  (87).jpg;288.7064;    36;73.5785;326.6224;34.1463;72.7811;100.5537;13.1012;14.6028;10111.0483;171.6422;213.2426 
 PAS;PAS-NORMAL  GLOMERULUS  (88).jpg;295.3973;    32;68.9773;325.9552;29.9915;68.4524;90.2005;12.0774;14.6454;8136.1321;145.8630;214.4877 
 PAS;PAS-NORMAL  GLOMERULUS  (89).jpg;296.0662;    30;70.4100;328.3672;28.2758;70.3704;92.7520;10.6947;14.4382;8602.9338;114.3768;208.4627 
 PAS;PAS-NORMAL  GLOMERULUS  (90).jpg;282.3832;    23;77.6272;329.3180;20.0000;79.1045;113.0053;10.9487;13.1116;12770.2033;119.8732;171.9147 
 PAS;PAS-NORMAL  GLOMERULUS  (91).jpg;285.3445;    25;73.1335;327.5430;20.7911;75.0000;108.7710;12.1507;15.0262;11831.1303;147.6393;225.7860 
 PAS;PAS-NORMAL  GLOMERULUS  (92).jpg;276.3354;    21;73.6617;323.8293;17.4426;75.0000;109.9801;11.9065;16.2027;12095.6333;141.7649;262.5285 
 PAS;PAS-NORMAL  GLOMERULUS  (93).jpg;283.5547;    28;76.2319;329.9165;25.2658;77.3006;110.3613;10.8317;13.5831;12179.6254;117.3259;184.4995 
 PAS;PAS-NORMAL  GLOMERULUS  (94).jpg;278.5206;    26;69.3851;323.9294;23.9113;69.8324;109.6901;12.2017;10.9630;12031.9261;148.8809;120.1881 
 PAS;PAS-NORMAL  GLOMERULUS  (95).jpg;278.7170;    18;70.8902;316.6844;16.4889;71.8085;96.0166;9.4272;9.8387;9219.1791;88.8727;96.8008 
 PAS;PAS-NORMAL  GLOMERULUS  (96).jpg;263.4422;    24;60.2687;285.6963;21.4607;61.6438;73.7611;19.1162;16.5587;5440.6974;365.4278;274.1898 
 PAS;PAS-NORMAL  GLOMERULUS  (97).jpg;291.1879;    28;72.0956;314.8586;25.1774;74.7126;79.1702;13.4507;15.3890;6267.9284;180.9212;236.8209 
 PAS;PAS-NORMAL  GLOMERULUS  (98).jpg;261.0450;    28;63.0679;297.6340;27.4390;62.1622;97.6331;15.2428;16.4500;9532.2245;232.3426;270.6040 
 PAS;PAS-NORMAL  GLOMERULUS  (99).jpg;259.0188;    22;77.5222;305.7592;20.5877;78.4314;102.6079;14.0273;17.3140;10528.3897;196.7653;299.7742 
