 GROUP;NAME;L(AVERAGE);A(AVERAGE);B(AVERAGE);L(MEDIAN);A(MEDIAN);B(MEDIAN);L(DEVIATION);A(DEVIATION);B(DEVIATION);L(VARIANCE);A(VARIANCE);B(VARIANCE); 
 H&E;H&E-MEMBRANOUS    GLOMERULUS  (1).jpg;61.01948;20.53380;29.02444;57.74597;32.73998;31.07844;19.03586;44.14213;27.46667;362.36409;1948.52741;754.41812 
 H&E;H&E-MEMBRANOUS    GLOMERULUS  (1).TIF;55.13853;40.61429;28.12993;53.35055;49.98870;31.30173;12.97384;42.08200;22.90944;168.32065;1770.89494;524.84253 
 H&E;H&E-MEMBRANOUS    GLOMERULUS  (10).jpg;59.79860;-2.50156;28.38035;56.27944;9.20271;27.16832;19.96009;54.40477;36.19336;398.40501;2959.87851;1309.95938 
 H&E;H&E-MEMBRANOUS    GLOMERULUS  (10).TIF;49.42053;46.97238;33.03411;46.31096;57.71320;35.79455;15.23086;42.28854;23.80130;231.97896;1788.32071;566.50188 
 H&E;H&E-MEMBRANOUS    GLOMERULUS  (11).jpg;62.41087;1.53240;43.69783;59.38320;7.11015;42.85851;20.71070;53.16149;34.78903;428.93327;2826.14379;1210.27628 
 H&E;H&E-MEMBRANOUS    GLOMERULUS  (11).TIF;48.68525;40.77968;38.83001;44.99423;54.59778;42.42500;16.05380;49.07837;26.83950;257.72456;2408.68660;720.35873 
 H&E;H&E-MEMBRANOUS    GLOMERULUS  (12).jpg;61.16660;15.42941;10.82483;57.43129;30.52854;8.15904;18.29594;51.62288;27.25506;334.74134;2664.92126;742.83827 
 H&E;H&E-MEMBRANOUS    GLOMERULUS  (12).TIF;55.89567;40.62037;41.43236;53.23327;51.30043;44.33117;14.25486;47.72706;25.45682;203.20107;2277.87202;648.04956 
 H&E;H&E-MEMBRANOUS    GLOMERULUS  (13).jpg;56.53130;18.48715;30.17019;51.41799;40.90478;27.65934;18.74743;55.02037;32.33002;351.46621;3027.24130;1045.23002 
 H&E;H&E-MEMBRANOUS    GLOMERULUS  (13).TIF;49.63664;49.20222;37.10056;46.79729;58.85613;39.24249;14.74781;42.09523;22.64979;217.49785;1772.00875;513.01315 
 H&E;H&E-MEMBRANOUS    GLOMERULUS  (14).jpg;56.63891;20.39303;25.56346;53.16174;32.45064;27.62625;17.43508;44.36794;27.17222;303.98197;1968.51410;738.32959 
 H&E;H&E-MEMBRANOUS    GLOMERULUS  (14).TIF;47.40388;49.83973;45.78655;45.09354;60.41572;50.31586;14.95608;42.14308;23.70603;223.68424;1776.03897;561.97571 
 H&E;H&E-MEMBRANOUS    GLOMERULUS  (15).jpg;59.10239;29.97930;32.93278;56.06968;42.22685;34.33604;16.96112;46.42002;25.59423;287.67963;2154.81848;655.06439 
 H&E;H&E-MEMBRANOUS    GLOMERULUS  (15).TIF;53.76190;34.72150;11.62232;51.95197;40.23086;12.84329;13.64430;37.58875;16.94097;186.16691;1412.91378;286.99645 
 H&E;H&E-MEMBRANOUS    GLOMERULUS  (16).jpg;59.31704;19.84458;51.84601;56.42772;39.01079;57.52908;19.51589;52.42394;25.97833;380.87016;2748.26917;674.87344 
 H&E;H&E-MEMBRANOUS    GLOMERULUS  (16).TIF;50.78601;38.50038;42.60519;48.58117;47.89720;45.78006;14.24671;43.21897;24.67316;202.96882;1867.87939;608.76499 
 H&E;H&E-MEMBRANOUS    GLOMERULUS  (17).jpg;54.48662;33.87058;39.73383;52.66531;44.31899;41.83212;16.83512;46.61669;27.97841;283.42139;2173.11610;782.79144 
 H&E;H&E-MEMBRANOUS    GLOMERULUS  (17).TIF;48.12809;45.42556;36.36937;45.73526;54.86766;40.25852;14.27977;41.75414;25.87253;203.91184;1743.40860;669.38783 
 H&E;H&E-MEMBRANOUS    GLOMERULUS  (18).jpg;63.43440;1.96358;41.13991;60.20371;16.79507;41.78477;19.54529;53.50864;27.05125;382.01823;2863.17474;731.77030 
 H&E;H&E-MEMBRANOUS    GLOMERULUS  (18).TIF;49.10613;43.36226;44.16480;47.07197;52.16819;47.61087;14.43363;42.18702;25.85594;208.32978;1779.74440;668.52972 
 H&E;H&E-MEMBRANOUS    GLOMERULUS  (19).jpg;53.56577;47.17987;53.82087;51.75883;54.60339;56.41064;13.55761;38.79220;26.41130;183.80874;1504.83513;697.55653 
 H&E;H&E-MEMBRANOUS    GLOMERULUS  (2).jpg;54.47935;22.11554;35.48842;49.30582;36.23446;35.10061;19.42140;48.84553;29.03988;377.19081;2385.88579;843.31477 
 H&E;H&E-MEMBRANOUS    GLOMERULUS  (2).TIF;58.85768;32.26392;28.29057;56.70159;40.22104;31.01065;13.90862;42.00020;23.25409;193.44980;1764.01655;540.75268 
 H&E;H&E-MEMBRANOUS    GLOMERULUS  (20).jpg;61.62565;21.25926;44.13325;58.66618;35.02308;45.89639;17.36449;53.76033;22.60255;301.52567;2890.17354;510.87548 
 H&E;H&E-MEMBRANOUS    GLOMERULUS  (21).jpg;55.04321;33.49260;43.65157;52.95905;44.99368;48.86105;16.96903;45.03491;31.37073;287.94793;2028.14335;984.12252 
 H&E;H&E-MEMBRANOUS    GLOMERULUS  (22).jpg;61.49445;12.42807;21.05426;60.65603;24.77599;25.80215;19.31274;51.89185;24.85761;372.98184;2692.76392;617.90084 
 H&E;H&E-MEMBRANOUS    GLOMERULUS  (23).jpg;65.22481;15.83531;44.74323;64.09404;31.27750;50.54575;19.03919;55.52462;27.35286;362.49065;3082.98353;748.17921 
 H&E;H&E-MEMBRANOUS    GLOMERULUS  (24).jpg;55.84082;33.18262;40.04466;52.95694;46.59516;42.98866;19.43722;53.54984;26.34700;377.80538;2867.58527;694.16453 
 H&E;H&E-MEMBRANOUS    GLOMERULUS  (25).jpg;57.25901;20.78309;48.50717;51.21133;47.45275;52.42206;22.06310;66.00798;27.18798;486.78054;4357.05395;739.18639 
 H&E;H&E-MEMBRANOUS    GLOMERULUS  (26).jpg;58.29974;15.32403;32.79263;56.60311;25.97643;35.59868;16.42049;42.06361;26.18666;269.63251;1769.34704;685.74137 
 H&E;H&E-MEMBRANOUS    GLOMERULUS  (27).jpg;57.79218;12.80980;22.45786;55.26560;25.04171;22.76899;18.51865;44.69548;27.05921;342.94022;1997.68591;732.20062 
 H&E;H&E-MEMBRANOUS    GLOMERULUS  (28).jpg;59.23191;11.34704;33.51939;57.20220;20.74340;39.33576;17.39307;41.86945;28.40210;302.51903;1753.05101;806.67953 
 H&E;H&E-MEMBRANOUS    GLOMERULUS  (29).jpg;56.69508;35.08489;28.95376;55.67453;43.52385;33.03462;15.92651;38.54206;27.93987;253.65376;1485.49046;780.63652 
 H&E;H&E-MEMBRANOUS    GLOMERULUS  (3).jpg;63.51168;-4.96778;39.02789;60.02717;4.34232;39.98395;23.00420;56.32230;34.58912;529.19303;3172.20187;1196.40740 
 H&E;H&E-MEMBRANOUS    GLOMERULUS  (3).TIF;55.21583;27.08059;27.77412;53.16141;33.71032;29.64613;15.04571;41.94369;22.03240;226.37336;1759.27333;485.42686 
 H&E;H&E-MEMBRANOUS    GLOMERULUS  (30).jpg;63.69062;15.01283;39.81588;62.68578;24.75733;44.11417;19.15400;44.14341;33.79959;366.87553;1948.64099;1142.41218 
 H&E;H&E-MEMBRANOUS    GLOMERULUS  (31).jpg;64.19390;3.13869;31.56396;60.65142;17.57040;32.03494;18.82627;54.15679;26.49876;354.42854;2932.95755;702.18454 
 H&E;H&E-MEMBRANOUS    GLOMERULUS  (32).jpg;63.40595;0.12577;38.66672;58.46742;22.78409;45.13370;18.67650;59.85951;23.84232;348.81152;3583.16148;568.45602 
 H&E;H&E-MEMBRANOUS    GLOMERULUS  (4).jpg;56.60422;7.38348;27.69728;53.40524;17.38462;27.24282;19.07684;44.77552;29.83447;363.92593;2004.84709;890.09560 
 H&E;H&E-MEMBRANOUS    GLOMERULUS  (4).TIF;51.40587;38.60337;24.91156;49.74577;45.70728;28.18064;14.24318;39.14565;24.88604;202.86810;1532.38215;619.31501 
 H&E;H&E-MEMBRANOUS    GLOMERULUS  (5).jpg;62.55316;-3.29487;35.83338;59.47328;3.96831;34.03678;21.15578;47.17867;31.80143;447.56710;2225.82657;1011.33084 
 H&E;H&E-MEMBRANOUS    GLOMERULUS  (5).TIF;51.56538;44.77047;31.44370;49.03920;53.95366;35.29516;14.44992;40.58749;24.28828;208.80032;1647.34473;589.92076 
 H&E;H&E-MEMBRANOUS    GLOMERULUS  (6).jpg;57.66174;9.84342;29.64633;53.13448;21.55983;28.51207;19.98458;47.07269;29.26935;399.38355;2215.83840;856.69472 
 H&E;H&E-MEMBRANOUS    GLOMERULUS  (6).TIF;51.11217;39.03748;28.12870;49.03721;47.22514;31.39034;15.55079;41.91200;23.12113;241.82705;1756.61561;534.58658 
 H&E;H&E-MEMBRANOUS    GLOMERULUS  (7).jpg;56.79533;19.51063;33.02412;51.12110;34.38023;32.52491;19.31566;50.94120;28.63340;373.09489;2595.00623;819.87174 
 H&E;H&E-MEMBRANOUS    GLOMERULUS  (7).TIF;51.90399;43.83776;39.67542;49.68420;54.88314;43.47223;13.44589;43.45603;25.25606;180.79195;1888.42621;637.86840 
 H&E;H&E-MEMBRANOUS    GLOMERULUS  (8).jpg;56.54968;9.82268;29.17594;52.16938;23.87985;29.44090;22.14163;50.66722;29.88619;490.25175;2567.16679;893.18433 
 H&E;H&E-MEMBRANOUS    GLOMERULUS  (8).TIF;51.12559;44.83479;20.32725;48.83104;51.89308;23.75601;14.34344;31.55165;23.67249;205.73435;995.50636;560.38700 
 H&E;H&E-MEMBRANOUS    GLOMERULUS  (9).jpg;61.72121;9.33801;28.89472;57.32154;25.09122;25.95940;19.91800;52.80050;30.84854;396.72660;2787.89276;951.63273 
 H&E;H&E-MEMBRANOUS    GLOMERULUS  (9).TIF;51.12988;41.06693;46.43277;47.34181;54.31897;51.19897;16.08599;48.39347;29.39217;258.75920;2341.92831;863.89967 
 H&E;H&E-NORMAL  GLOMERULUS    (100).jpg;58.13975;14.22933;29.38411;55.50900;23.42955;29.90856;17.99323;41.25811;27.56110;323.75636;1702.23146;759.61408 
 H&E;H&E-NORMAL  GLOMERULUS    (101).jpg;60.94934;2.59585;38.11178;57.93322;12.86022;39.96384;20.73569;52.76933;31.12852;429.96895;2784.60216;968.98507 
 H&E;H&E-NORMAL  GLOMERULUS    (102).jpg;63.68948;1.70601;29.63747;61.39523;10.30429;29.82599;20.33448;51.70814;28.62029;413.49125;2673.73172;819.12098 
 H&E;H&E-NORMAL  GLOMERULUS    (103).jpg;61.02060;8.69665;43.85558;59.05098;17.38235;43.62720;17.31855;46.15924;25.16919;299.93212;2130.67550;633.48802 
 H&E;H&E-NORMAL  GLOMERULUS    (104).jpg;63.91419;3.03243;41.70166;62.32030;9.81097;42.53023;19.30058;50.05510;29.36640;372.51254;2505.51280;862.38554 
 H&E;H&E-NORMAL  GLOMERULUS    (105).jpg;62.22486;8.54833;35.60947;60.61497;16.85091;35.33518;16.45212;46.21851;25.71541;270.67240;2136.15108;661.28221 
 H&E;H&E-NORMAL  GLOMERULUS    (106).jpg;52.56453;21.17594;37.56049;48.67398;34.93959;41.84073;19.06996;45.83363;27.68813;363.66347;2100.72126;766.63267 
 H&E;H&E-NORMAL  GLOMERULUS    (107).jpg;58.10866;14.58141;39.99715;54.63263;27.91836;43.20888;19.00424;49.33095;26.96982;361.16101;2433.54311;727.37132 
 H&E;H&E-NORMAL  GLOMERULUS    (108).jpg;54.71011;16.59541;26.72358;51.18009;30.13300;30.43545;20.04902;48.58959;30.59211;401.96322;2360.94870;935.87718 
 H&E;H&E-NORMAL  GLOMERULUS    (109).jpg;63.52157;8.06365;38.58286;61.00357;20.47893;39.32070;18.47879;50.32167;29.83453;341.46561;2532.27024;890.09914 
 H&E;H&E-NORMAL  GLOMERULUS    (110).jpg;64.26610;-4.83614;41.14241;61.77432;8.98969;41.77547;21.90676;55.77603;34.27595;479.90619;3110.96510;1174.84077 
 H&E;H&E-NORMAL  GLOMERULUS    (111).jpg;55.22629;24.76470;26.45997;52.22024;35.46074;26.64021;18.37435;43.81329;30.30499;337.61688;1919.60474;918.39269 
 H&E;H&E-NORMAL  GLOMERULUS    (112).jpg;60.11574;19.23542;32.94863;58.05748;24.49167;37.02371;15.76815;42.25605;28.41482;248.63460;1785.57403;807.40195 
 H&E;H&E-NORMAL  GLOMERULUS    (113).jpg;58.70353;14.23955;27.85955;56.95319;21.76232;29.47298;18.01697;41.20418;30.58882;324.61128;1697.78471;935.67574 
 H&E;H&E-NORMAL  GLOMERULUS    (114).jpg;61.82948;3.22296;26.02969;60.46137;9.98651;28.51677;16.18012;38.68505;30.66020;261.79626;1496.53297;940.04811 
 H&E;H&E-NORMAL  GLOMERULUS    (115).jpg;62.32759;6.98482;29.83026;60.24153;14.80845;29.04325;16.88893;40.99810;28.12641;285.23605;1680.84437;791.09466 
 H&E;H&E-NORMAL  GLOMERULUS    (116).jpg;65.40345;11.58883;29.65678;64.23927;17.88343;32.20146;14.35987;39.86634;29.24726;206.20600;1589.32518;855.40233 
 H&E;H&E-NORMAL  GLOMERULUS    (117).jpg;61.10394;13.87114;31.94848;59.54575;19.27625;34.68874;16.02441;42.71568;27.11312;256.78183;1824.62942;735.12142 
 H&E;H&E-NORMAL  GLOMERULUS    (118).jpg;62.25426;6.75534;27.87598;59.67290;16.00136;25.84491;18.10031;45.16707;32.93512;327.62139;2040.06460;1084.72204 
 H&E;H&E-NORMAL  GLOMERULUS    (234).jpg;66.26220;33.48857;16.94946;64.32691;38.93703;22.35873;12.77211;37.93991;20.33316;163.12673;1439.43654;413.43745 
 H&E;H&E-NORMAL  GLOMERULUS    (235).jpg;61.84146;12.20394;36.87611;59.33011;18.54111;41.84722;16.72195;38.12545;22.97289;279.62358;1453.55021;527.75381 
 H&E;H&E-NORMAL  GLOMERULUS    (236).jpg;57.75544;36.68926;21.01057;55.51869;45.72353;24.64284;13.71920;33.25269;19.41187;188.21632;1105.74153;376.82069 
 H&E;H&E-NORMAL  GLOMERULUS    (237).jpg;59.99650;22.73251;24.32880;57.54575;31.45691;30.20629;18.11214;34.46611;26.28274;328.04952;1187.91288;690.78234 
 H&E;H&E-NORMAL  GLOMERULUS    (238).jpg;63.05132;14.69353;18.27316;62.33449;19.64783;23.83221;16.11642;31.89069;20.55734;259.73896;1017.01635;422.60434 
 H&E;H&E-NORMAL  GLOMERULUS    (239).jpg;64.37904;21.79953;48.44614;61.91410;31.35597;53.89548;15.11628;39.25337;25.47638;228.50180;1540.82683;649.04585 
 H&E;H&E-NORMAL  GLOMERULUS    (240).jpg;57.69308;25.73510;32.68020;55.25328;32.92091;35.94823;15.32241;31.49884;23.08895;234.77629;992.17718;533.09952 
 H&E;H&E-NORMAL  GLOMERULUS    (241).jpg;53.88699;24.20336;40.04863;50.15134;32.60974;44.08049;16.67367;33.37491;22.90578;278.01141;1113.88451;524.67490 
 H&E;H&E-NORMAL  GLOMERULUS    (242).jpg;60.79567;23.84898;34.29687;59.66936;29.71226;39.82004;15.28844;29.70755;24.99866;233.73640;882.53842;624.93322 
 H&E;H&E-NORMAL  GLOMERULUS    (243).jpg;64.22833;9.57017;36.12062;61.55692;16.78818;39.71436;17.62751;35.28332;26.62405;310.72917;1244.91267;708.84028 
 H&E;H&E-NORMAL  GLOMERULUS    (244).jpg;61.58465;16.57181;29.39683;61.20796;21.16957;32.99175;15.84562;33.41797;22.03644;251.08366;1116.76086;485.60452 
 H&E;H&E-NORMAL  GLOMERULUS    (245).jpg;59.89700;29.75759;28.39257;56.87131;42.08620;33.22443;16.70385;41.68136;25.06103;279.01850;1737.33564;628.05542 
 H&E;H&E-NORMAL  GLOMERULUS    (246).jpg;61.39245;30.43270;23.45373;60.17577;37.51104;27.94098;14.99685;30.46753;21.98481;224.90538;928.27068;483.33195 
 H&E;H&E-NORMAL  GLOMERULUS    (247).jpg;62.37493;8.79714;40.74105;60.95516;16.18474;46.39281;16.28314;34.23931;26.40228;265.14051;1172.33001;697.08038 
 H&E;H&E-NORMAL  GLOMERULUS    (248).jpg;65.64978;3.73389;29.59815;65.40902;11.91291;37.69305;20.13945;38.54615;28.68363;405.59749;1485.80539;822.75046 
 H&E;H&E-NORMAL  GLOMERULUS    (249).jpg;61.43385;20.15818;23.43222;58.63185;28.96022;29.01664;16.59468;36.86321;23.39478;275.38334;1358.89653;547.31586 
 H&E;H&E-NORMAL  GLOMERULUS    (250).jpg;63.77718;-2.34220;30.49056;60.43852;7.79787;34.53992;19.94729;37.04170;30.73989;397.89453;1372.08718;944.94095 
 H&E;H&E-NORMAL  GLOMERULUS    (251).jpg;61.77464;24.05251;18.56370;59.14895;31.04164;23.04530;16.15387;37.85291;24.28242;260.94752;1432.84287;589.63590 
 H&E;H&E-NORMAL  GLOMERULUS    (252).jpg;59.94485;4.54298;29.34432;53.32450;21.00970;35.65028;25.94745;47.69912;33.39976;673.27013;2275.20606;1115.54405 
 H&E;H&E-NORMAL  GLOMERULUS    (253).jpg;52.56279;29.98046;38.14959;47.28169;46.54558;38.24541;20.34363;44.95072;29.55904;413.86336;2020.56750;873.73695 
 H&E;H&E-NORMAL  GLOMERULUS    (254).jpg;53.82625;28.65348;33.67007;49.54692;41.05924;39.55996;18.74773;40.18557;25.13697;351.47746;1614.88021;631.86709 
 H&E;H&E-NORMAL  GLOMERULUS    (255).jpg;47.81756;32.14801;40.89450;44.65318;44.40629;46.51732;16.14537;36.81004;28.90744;260.67311;1354.97937;835.64013 
 H&E;H&E-NORMAL  GLOMERULUS    (256).jpg;55.97210;39.11291;39.14879;53.67640;46.63268;43.70849;15.68456;31.01006;24.52244;246.00529;961.62412;601.35000 
 H&E;H&E-NORMAL  GLOMERULUS    (257).jpg;65.50252;3.39826;32.77310;59.11660;25.34157;36.70816;22.24328;55.29072;21.75717;494.76353;3057.06348;473.37426 
 H&E;H&E-NORMAL  GLOMERULUS    (258).jpg;51.79227;32.22900;37.61835;49.08786;44.24128;41.56130;18.49405;41.70154;24.68733;342.03005;1739.01856;609.46403 
 H&E;H&E-NORMAL  GLOMERULUS    (259).jpg;55.09080;32.11370;37.02877;53.31462;40.24087;38.25871;16.44525;33.63810;24.30062;270.44630;1131.52159;590.52007 
 H&E;H&E-NORMAL  GLOMERULUS    (260).jpg;49.93063;34.19728;13.93101;46.91806;45.29288;16.78727;16.21691;37.17122;22.37306;262.98819;1381.69927;500.55365 
 H&E;H&E-NORMAL  GLOMERULUS    (261).jpg;52.53819;15.25010;17.22130;50.12639;22.86408;20.33250;15.82589;28.01084;18.74541;250.45889;784.60737;351.39043 
 H&E;H&E-NORMAL  GLOMERULUS    (262).jpg;62.79781;18.02009;45.36716;57.86945;35.86264;52.55568;19.91274;52.53609;26.87524;396.51738;2760.04100;722.27837 
 H&E;H&E-NORMAL  GLOMERULUS    (263).jpg;47.46706;37.49218;8.27728;43.63923;44.02593;12.01838;21.36272;35.30158;28.91352;456.36595;1246.20180;835.99156 
 H&E;H&E-NORMAL  GLOMERULUS    (264).jpg;54.84936;-1.42827;7.47037;48.92421;8.44656;13.60452;25.12688;49.06748;30.47449;631.36015;2407.61803;928.69460 
 H&E;H&E-NORMAL  GLOMERULUS    (265).jpg;57.78999;9.10109;44.03632;53.73429;21.40399;52.17010;22.68824;52.22183;30.70150;514.75610;2727.11946;942.58195 
 H&E;H&E-NORMAL  GLOMERULUS    (266).jpg;59.82939;16.41701;42.75488;56.68282;27.21902;52.23181;22.67979;48.44744;33.76207;514.37277;2347.15426;1139.87724 
 H&E;H&E-NORMAL  GLOMERULUS    (267).jpg;57.54248;42.49473;45.03798;57.96417;46.11272;51.03472;15.51150;25.71789;25.43986;240.60679;661.40961;647.18629 
 H&E;H&E-NORMAL  GLOMERULUS    (268).jpg;50.97418;50.71377;21.75029;50.14420;61.55625;27.89255;17.80706;38.99461;34.27659;317.09132;1520.57999;1174.88480 
 H&E;H&E-NORMAL  GLOMERULUS    (269).jpg;52.80377;32.41762;31.99808;50.89976;38.34695;36.73658;17.47430;34.86756;28.98038;305.35102;1215.74688;839.86270 
 H&E;H&E-NORMAL  GLOMERULUS    (270).jpg;59.36858;9.16095;23.28663;56.62420;15.89888;25.07921;19.14346;42.38474;27.59869;366.47223;1796.46600;761.68783 
 H&E;H&E-NORMAL  GLOMERULUS    (271).jpg;47.65409;17.27982;-5.87841;48.42138;24.52494;-2.75185;22.14538;36.64235;28.05696;490.41793;1342.66158;787.19315 
 H&E;H&E-NORMAL  GLOMERULUS    (272).jpg;55.02073;28.44574;32.18380;51.82100;42.06295;33.07746;19.65775;45.91848;33.03132;386.42699;2108.50706;1091.06789 
 H&E;H&E-NORMAL  GLOMERULUS    (273).jpg;62.31888;41.55461;26.57729;60.73762;56.44388;32.20143;15.50546;49.84109;30.06555;240.41933;2484.13388;903.93727 
 H&E;H&E-NORMAL  GLOMERULUS    (274).jpg;61.53074;34.08811;32.66676;58.98700;52.57845;37.81407;16.57790;57.37801;31.08548;274.82661;3292.23590;966.30707 
 H&E;H&E-NORMAL  GLOMERULUS    (275).jpg;44.86051;35.45741;18.09465;45.84584;39.56536;27.72320;16.33562;28.87703;36.28332;266.85245;833.88285;1316.47916 
 H&E;H&E-NORMAL  GLOMERULUS    (276).jpg;48.51486;22.69099;24.02158;46.86339;30.29931;33.76971;18.41452;36.76320;34.11245;339.09448;1351.53306;1163.65891 
 H&E;H&E-NORMAL  GLOMERULUS    (277).jpg;48.24744;31.64531;38.67577;46.47065;39.42393;48.20577;18.75347;40.24813;34.46650;351.69278;1619.91182;1187.93972 
 H&E;H&E-NORMAL  GLOMERULUS    (278).jpg;58.40660;13.55575;60.41995;55.89637;26.67072;64.30424;16.20536;46.03190;17.70751;262.61375;2118.93600;313.55606 
 H&E;H&E-NORMAL  GLOMERULUS    (279).jpg;41.41524;44.06875;23.01505;41.12506;52.87646;29.79245;13.25524;37.36559;29.73768;175.70140;1396.18740;884.32939 
 H&E;H&E-NORMAL  GLOMERULUS    (280).jpg;42.41833;45.73476;29.41299;41.70374;55.09100;36.28918;14.12229;41.09166;31.03102;199.43920;1688.52455;962.92447 
 H&E;H&E-NORMAL  GLOMERULUS    (69).jpg;50.41804;40.74337;54.06481;46.11580;55.56008;56.57540;17.02206;44.67254;24.10384;289.75037;1995.63540;580.99489 
 H&E;H&E-NORMAL  GLOMERULUS    (70).jpg;57.27819;31.26995;49.25854;52.68208;47.19534;52.62150;16.95721;49.06050;24.43915;287.54706;2406.93251;597.27183 
 H&E;H&E-NORMAL  GLOMERULUS    (71).jpg;54.37360;32.68873;45.51516;51.62556;43.15141;48.04168;14.23450;38.21494;21.05601;202.62097;1460.38200;443.35537 
 H&E;H&E-NORMAL  GLOMERULUS    (72).jpg;53.17499;41.84640;43.67128;51.06102;52.66383;45.71623;13.72928;36.05542;24.13832;188.49310;1299.99335;582.65857 
 H&E;H&E-NORMAL  GLOMERULUS    (73).jpg;62.67124;37.24311;35.76941;60.02820;49.47397;37.26897;12.66589;40.66023;22.97602;160.42485;1653.25393;527.89745 
 H&E;H&E-NORMAL  GLOMERULUS    (74).jpg;51.10658;38.25600;42.93598;47.80951;49.71182;48.41476;15.13816;40.29801;24.45520;229.16393;1623.92980;598.05686 
 H&E;H&E-NORMAL  GLOMERULUS    (75).jpg;56.50450;47.11738;34.06805;53.83544;58.78634;38.03406;13.27352;37.55985;23.08794;176.18641;1410.74255;533.05292 
 H&E;H&E-NORMAL  GLOMERULUS    (76).jpg;55.50356;31.67031;44.30955;51.65749;45.33134;45.80993;16.38779;41.58622;23.11947;268.55970;1729.41368;534.51003 
 H&E;H&E-NORMAL  GLOMERULUS    (77).jpg;55.94111;28.02364;46.11973;53.68301;39.43509;46.47312;14.55651;41.38531;23.25790;211.89197;1712.74430;540.92983 
 H&E;H&E-NORMAL  GLOMERULUS    (78).jpg;52.02190;33.30070;39.28253;48.23131;46.75680;42.70922;15.90393;43.17880;24.50571;252.93490;1864.40846;600.53001 
 H&E;H&E-NORMAL  GLOMERULUS    (79).jpg;52.41620;42.10042;30.32212;49.32815;55.06839;34.39622;15.15930;38.81591;25.06611;229.80452;1506.67494;628.31004 
 H&E;H&E-NORMAL  GLOMERULUS    (80).jpg;57.81254;18.04290;31.87588;53.38922;35.40821;37.63027;17.43545;48.70122;25.31901;303.99493;2371.80865;641.05243 
 H&E;H&E-NORMAL  GLOMERULUS    (81).jpg;56.37903;26.28376;34.90055;52.85434;41.28771;40.03054;16.03445;45.06208;25.03677;257.10371;2030.59090;626.83972 
 H&E;H&E-NORMAL  GLOMERULUS    (82).jpg;52.11738;26.66790;29.64433;48.03641;39.99022;35.32585;17.18937;43.31008;25.44752;295.47427;1875.76331;647.57622 
 H&E;H&E-NORMAL  GLOMERULUS    (83).jpg;48.55184;36.79658;39.25846;45.07528;50.60176;43.37829;15.85466;39.18497;28.06851;251.37030;1535.46180;787.84136 
 H&E;H&E-NORMAL  GLOMERULUS    (84).jpg;51.53668;35.52643;34.29112;48.34175;47.91543;36.56256;15.20413;40.44515;25.33668;231.16561;1635.81001;641.94720 
 H&E;H&E-NORMAL  GLOMERULUS    (85).jpg;52.62291;20.88146;37.82225;48.62842;34.66581;44.31354;16.69193;40.93234;26.24752;278.62041;1675.45635;688.93251 
 H&E;H&E-NORMAL  GLOMERULUS    (86).jpg;53.51141;33.13545;39.82188;49.49102;48.53686;45.74832;16.21236;45.16027;25.95841;262.84066;2039.44957;673.83898 
 H&E;H&E-NORMAL  GLOMERULUS    (87).jpg;52.51846;28.18160;27.61371;48.49250;42.49774;33.78897;17.57740;44.58617;24.66642;308.96490;1987.92633;608.43228 
 H&E;H&E-NORMAL  GLOMERULUS    (88).jpg;52.49372;35.18598;36.45277;50.59433;44.70110;41.85084;13.72664;34.87033;21.82214;188.42064;1215.94004;476.20571 
 H&E;H&E-NORMAL  GLOMERULUS    (89).jpg;53.41026;38.81464;34.71056;50.33641;49.44964;41.20332;14.61039;38.25959;26.66629;213.46336;1463.79616;711.09084 
 H&E;H&E-NORMAL  GLOMERULUS    (90).jpg;56.62894;21.13074;42.41239;54.84744;30.04355;43.43471;13.76170;36.08123;20.79254;189.38452;1301.85498;432.32986 
 H&E;H&E-NORMAL  GLOMERULUS    (91).jpg;58.30546;22.62312;32.74300;55.16520;35.83675;34.68758;15.11256;43.99679;25.28662;228.38935;1935.71792;639.41304 
 H&E;H&E-NORMAL  GLOMERULUS    (92).jpg;52.40675;38.14674;35.38738;49.50792;50.30845;44.20335;15.01682;38.64673;25.11566;225.50499;1493.56940;630.79630 
 H&E;H&E-NORMAL  GLOMERULUS    (93).jpg;58.32937;40.60883;28.96089;56.12018;50.95964;33.36706;12.57358;35.44890;24.75837;158.09483;1256.62454;612.97687 
 H&E;H&E-NORMAL  GLOMERULUS    (94).jpg;56.42646;33.65335;35.70264;52.95563;47.91909;40.12703;15.20618;43.19792;24.25570;231.22805;1866.06007;588.33908 
 H&E;H&E-NORMAL  GLOMERULUS    (95).jpg;51.40914;29.18315;32.69980;47.68703;43.06414;36.95933;16.20311;41.34178;24.74917;262.54081;1709.14274;612.52156 
 H&E;H&E-NORMAL  GLOMERULUS    (96).jpg;54.11878;39.34421;23.54809;51.23308;51.05520;27.37310;14.27006;37.52441;22.56080;203.63459;1408.08117;508.98964 
 H&E;H&E-NORMAL  GLOMERULUS    (97).jpg;55.45147;32.62215;27.18328;51.79626;46.40040;31.58546;16.54358;43.64952;26.32967;273.68996;1905.28055;693.25159 
 H&E;H&E-NORMAL  GLOMERULUS    (98).jpg;60.24483;45.61334;41.96522;58.85254;54.69636;46.60414;11.66902;35.26768;25.11203;136.16601;1243.80933;630.61430 
 H&E;H&E-NORMAL  GLOMERULUS    (99).jpg;52.21893;40.74351;34.31812;50.35091;49.29596;37.79819;14.02312;37.53571;21.86039;196.64799;1408.92988;477.87675 
 H&E;NORMAL  GLOMERULUS  -  AZAN  (1).jpg;41.70243;16.05005;13.13401;36.53652;19.23243;19.58704;20.23937;42.75739;37.74790;409.63190;1828.19415;1424.90390 
 H&E;NORMAL  GLOMERULUS  -  AZAN  (2).jpg;39.22183;27.93102;24.21487;32.01392;38.72516;27.76761;20.93184;41.47991;34.29153;438.14181;1720.58329;1175.90909 
 H&E;NORMAL  GLOMERULUS  -  AZAN  (3).jpg;47.36359;20.18251;27.49351;41.00984;30.59026;32.09269;19.35977;46.21326;36.41080;374.80055;2135.66543;1325.74600 
 PAMS;PAMS-GLOMERULAR  SCLEROSIS  GLOMERULUS  (1).jpg;72.19395;3.83085;24.58413;84.43447;4.69959;31.84744;25.61254;16.06740;19.78176;656.00204;258.16133;391.31800 
 PAMS;PAMS-GLOMERULAR  SCLEROSIS  GLOMERULUS  (10).jpg;46.32150;-5.29987;-14.34602;40.11779;-5.60067;-16.66172;33.25597;13.88897;19.44521;1105.95939;192.90347;378.11628 
 PAMS;PAMS-GLOMERULAR  SCLEROSIS  GLOMERULUS  (11).jpg;47.61454;-0.51387;15.16609;40.78722;-1.06064;12.93559;35.44765;15.91705;22.40274;1256.53555;253.35239;501.88284 
 PAMS;PAMS-GLOMERULAR  SCLEROSIS  GLOMERULUS  (12).jpg;62.55432;-21.34841;1.98336;67.10459;-25.23855;4.96215;32.53307;20.55815;22.10801;1058.40081;422.63768;488.76391 
 PAMS;PAMS-GLOMERULAR  SCLEROSIS  GLOMERULUS  (13).jpg;53.75299;-1.62343;17.73089;43.04833;-0.44772;16.05409;35.54057;22.87915;20.29781;1263.13180;523.45559;412.00098 
 PAMS;PAMS-GLOMERULAR  SCLEROSIS  GLOMERULUS  (14).jpg;55.92091;17.26313;-5.56906;49.80603;14.51785;-6.16446;35.47570;18.06579;18.02093;1258.52538;326.37272;324.75375 
 PAMS;PAMS-GLOMERULAR  SCLEROSIS  GLOMERULUS  (15).jpg;50.28201;2.79613;2.38395;42.53327;2.98201;2.28561;33.82170;24.20862;22.64961;1143.90707;586.05721;513.00487 
 PAMS;PAMS-GLOMERULAR  SCLEROSIS  GLOMERULUS  (16).jpg;63.38043;-11.94709;6.04175;77.42571;-14.47598;11.92780;37.14600;13.64067;16.58919;1379.82539;186.06781;275.20116 
 PAMS;PAMS-GLOMERULAR  SCLEROSIS  GLOMERULUS  (17).jpg;59.02772;6.67649;11.34951;68.95927;3.34787;15.07030;38.23165;13.77205;19.89089;1461.65892;189.66948;395.64737 
 PAMS;PAMS-GLOMERULAR  SCLEROSIS  GLOMERULUS  (18).jpg;65.26002;-23.72354;23.45893;78.26440;-28.37426;32.85565;28.71796;21.19177;30.02121;824.72144;449.09110;901.27289 
 PAMS;PAMS-GLOMERULAR  SCLEROSIS  GLOMERULUS  (19).jpg;50.42041;22.65528;10.08460;59.19833;21.93275;16.16520;31.27781;17.13121;27.60529;978.30122;293.47839;762.05214 
 PAMS;PAMS-GLOMERULAR  SCLEROSIS  GLOMERULUS  (2).jpg;78.42854;-6.10907;29.85985;91.41324;-5.96109;37.69055;25.58036;18.99223;28.00335;654.35470;360.70496;784.18758 
 PAMS;PAMS-GLOMERULAR  SCLEROSIS  GLOMERULUS  (20).jpg;53.02219;-11.14130;-1.87868;62.32128;-13.41178;2.57691;31.83783;15.61830;18.31816;1013.64769;243.93136;335.55507 
 PAMS;PAMS-GLOMERULAR  SCLEROSIS  GLOMERULUS  (21).jpg;62.22775;-26.86482;21.74969;71.90386;-32.98907;26.60685;32.41481;27.32899;22.72842;1050.71972;746.87372;516.58098 
 PAMS;PAMS-GLOMERULAR  SCLEROSIS  GLOMERULUS  (22).jpg;60.65964;-24.98912;12.77237;76.47141;-29.43660;19.45619;31.36422;19.31930;20.51104;983.71413;373.23517;420.70275 
 PAMS;PAMS-GLOMERULAR  SCLEROSIS  GLOMERULUS  (23).jpg;61.15653;-11.90545;15.90954;75.94537;-14.19873;22.92108;30.54167;15.64830;27.08408;932.79357;244.86944;733.54713 
 PAMS;PAMS-GLOMERULAR  SCLEROSIS  GLOMERULUS  (24).jpg;44.06570;1.67355;4.15211;41.71448;1.78394;4.52098;27.09195;21.31598;26.99740;733.97390;454.37119;728.85955 
 PAMS;PAMS-GLOMERULAR  SCLEROSIS  GLOMERULUS  (25).jpg;61.24184;-21.31305;26.02707;70.25585;-22.77431;31.55928;29.28680;15.36613;22.45612;857.71653;236.11793;504.27740 
 PAMS;PAMS-GLOMERULAR  SCLEROSIS  GLOMERULUS  (26).jpg;60.03805;-11.77982;21.90663;76.88781;-13.17479;31.86345;33.58214;16.30999;25.23903;1127.76014;266.01581;637.00879 
 PAMS;PAMS-GLOMERULAR  SCLEROSIS  GLOMERULUS  (27).jpg;68.68155;-14.98943;-3.44467;86.46012;-22.40410;3.20445;34.60844;18.57156;18.33445;1197.74422;344.90277;336.15198 
 PAMS;PAMS-GLOMERULAR  SCLEROSIS  GLOMERULUS  (28).jpg;64.47107;-18.26428;-1.13002;80.30900;-24.13345;4.42215;36.84838;18.30606;17.84805;1357.80299;335.11166;318.55282 
 PAMS;PAMS-GLOMERULAR  SCLEROSIS  GLOMERULUS  (29).jpg;65.46342;-11.74235;6.99881;82.88389;-17.92113;10.98052;36.47470;17.97210;19.64226;1330.40408;322.99652;385.81829 
 PAMS;PAMS-GLOMERULAR  SCLEROSIS  GLOMERULUS  (3).jpg;71.32547;-3.77859;24.66554;84.99312;-2.88692;32.63583;26.88997;13.59449;25.65816;723.07073;184.81021;658.34122 
 PAMS;PAMS-GLOMERULAR  SCLEROSIS  GLOMERULUS  (30).jpg;65.43939;-10.94670;6.43091;86.60230;-16.82854;9.96036;37.60521;17.66419;22.79690;1414.15198;312.02348;519.69852 
 PAMS;PAMS-GLOMERULAR  SCLEROSIS  GLOMERULUS  (31).jpg;55.11362;-4.03827;-5.37075;64.31592;-5.93341;-2.57715;36.08130;16.85373;18.34043;1301.85999;284.04838;336.37125 
 PAMS;PAMS-GLOMERULAR  SCLEROSIS  GLOMERULUS  (32).jpg;51.68726;-14.78754;5.20093;56.39699;-15.89826;6.54473;35.22000;17.33479;21.93079;1240.44867;300.49495;480.95976 
 PAMS;PAMS-GLOMERULAR  SCLEROSIS  GLOMERULUS  (33).jpg;55.59981;-6.50840;7.21670;67.50339;-6.88968;10.77431;31.78252;14.19881;20.00988;1010.12858;201.60631;400.39541 
 PAMS;PAMS-GLOMERULAR  SCLEROSIS  GLOMERULUS  (34).jpg;50.39824;-2.36212;20.11110;53.36823;-4.05134;21.69693;33.86231;16.70020;18.53543;1146.65622;278.89673;343.56227 
 PAMS;PAMS-GLOMERULAR  SCLEROSIS  GLOMERULUS  (35).jpg;51.51406;-8.84804;-3.40470;60.18690;-10.03281;-0.99348;33.76021;14.61186;18.76408;1139.75163;213.50631;352.09086 
 PAMS;PAMS-GLOMERULAR  SCLEROSIS  GLOMERULUS  (36).jpg;54.69924;-4.78050;3.34209;60.71259;-5.65170;5.13509;32.69035;19.98540;19.00737;1068.65895;399.41625;361.28012 
 PAMS;PAMS-GLOMERULAR  SCLEROSIS  GLOMERULUS  (37).jpg;63.63478;-26.51057;25.33037;79.18107;-29.06937;32.52879;31.83045;20.39817;29.08995;1013.17724;416.08531;846.22538 
 PAMS;PAMS-GLOMERULAR  SCLEROSIS  GLOMERULUS  (38).jpg;56.80573;-16.28602;0.34888;67.57707;-17.39200;2.40712;33.40465;17.80641;16.77474;1115.87087;317.06817;281.39180 
 PAMS;PAMS-GLOMERULAR  SCLEROSIS  GLOMERULUS  (39).jpg;53.93677;-12.39743;-0.06995;60.18965;-14.25834;1.66361;30.59991;18.14380;16.50824;936.35473;329.19759;272.52208 
 PAMS;PAMS-GLOMERULAR  SCLEROSIS  GLOMERULUS  (4).jpg;68.15372;3.16727;23.23351;83.82187;3.84866;31.13634;28.62377;15.74567;23.43127;819.32045;247.92623;549.02440 
 PAMS;PAMS-GLOMERULAR  SCLEROSIS  GLOMERULUS  (40).jpg;66.25459;-25.80317;-5.10899;79.95096;-30.54416;-0.98106;34.11602;17.08109;20.42626;1163.90271;291.76354;417.23203 
 PAMS;PAMS-GLOMERULAR  SCLEROSIS  GLOMERULUS  (41).jpg;72.07775;-12.62374;9.29853;90.64445;-18.67548;13.67088;32.50346;19.14791;20.17666;1056.47460;366.64257;407.09768 
 PAMS;PAMS-GLOMERULAR  SCLEROSIS  GLOMERULUS  (42).jpg;58.93519;8.58604;15.60153;74.20344;7.65821;20.55312;33.13573;15.71872;20.69250;1097.97645;247.07815;428.17966 
 PAMS;PAMS-GLOMERULAR  SCLEROSIS  GLOMERULUS  (43).jpg;63.23573;-12.93165;17.25953;80.41201;-16.09778;24.11900;31.94198;19.46369;25.37499;1020.29037;378.83526;643.88999 
 PAMS;PAMS-GLOMERULAR  SCLEROSIS  GLOMERULUS  (44).jpg;57.26954;-3.12454;14.61232;62.36105;-5.68618;17.73325;31.63916;23.12379;24.88196;1001.03664;534.70984;619.11198 
 PAMS;PAMS-GLOMERULAR  SCLEROSIS  GLOMERULUS  (45).jpg;66.58706;-10.46454;4.56357;80.29755;-12.33354;6.68774;31.62879;17.23323;20.32458;1000.38067;296.98417;413.08870 
 PAMS;PAMS-GLOMERULAR  SCLEROSIS  GLOMERULUS  (46).jpg;71.83031;-9.17512;4.92744;86.97364;-12.20630;8.17740;29.88955;17.44672;17.30606;893.38534;304.38821;299.49959 
 PAMS;PAMS-GLOMERULAR  SCLEROSIS  GLOMERULUS  (47).jpg;64.88828;1.83948;10.43558;85.11065;0.72670;14.44779;32.86695;14.81386;18.26775;1080.23619;219.45052;333.71087 
 PAMS;PAMS-GLOMERULAR  SCLEROSIS  GLOMERULUS  (48).jpg;63.99931;-15.78467;14.86879;83.73457;-16.97708;17.98842;32.01283;14.02423;16.46981;1024.82157;196.67896;271.25450 
 PAMS;PAMS-GLOMERULAR  SCLEROSIS  GLOMERULUS  (49).jpg;66.20614;-14.59943;13.05271;84.66989;-15.76545;16.91132;30.94942;16.58635;16.43602;957.86686;275.10700;270.14279 
 PAMS;PAMS-GLOMERULAR  SCLEROSIS  GLOMERULUS  (5).jpg;65.21283;2.88239;14.86566;82.16759;3.27312;22.04111;29.87262;15.17223;21.97523;892.37365;230.19669;482.91071 
 PAMS;PAMS-GLOMERULAR  SCLEROSIS  GLOMERULUS  (50).jpg;76.90837;-32.23225;13.68040;90.39008;-37.03487;19.44489;25.30745;20.10027;18.73529;640.46726;404.02092;351.01092 
 PAMS;PAMS-GLOMERULAR  SCLEROSIS  GLOMERULUS  (51).jpg;72.31680;-10.40032;19.93269;89.48105;-13.54152;24.64169;29.64674;19.69749;19.77588;878.92890;387.99116;391.08538 
 PAMS;PAMS-GLOMERULAR  SCLEROSIS  GLOMERULUS  (52).jpg;71.42968;-11.45455;19.19772;91.20761;-14.53175;26.31262;31.50890;17.46534;19.99374;992.81053;305.03804;399.74948 
 PAMS;PAMS-GLOMERULAR  SCLEROSIS  GLOMERULUS  (53).jpg;72.70356;-20.76835;15.05739;91.69831;-25.63247;20.27033;31.61304;19.94919;18.13272;999.38446;397.97014;328.79564 
 PAMS;PAMS-GLOMERULAR  SCLEROSIS  GLOMERULUS  (54).jpg;72.09364;-7.65567;4.18851;84.98797;-9.59128;9.69588;26.39043;16.75027;18.45156;696.45500;280.57152;340.45996 
 PAMS;PAMS-GLOMERULAR  SCLEROSIS  GLOMERULUS  (55).jpg;68.18108;-11.73451;-4.20000;83.96847;-14.39658;-0.08577;29.45502;19.61616;17.18214;867.59833;384.79358;295.22577 
 PAMS;PAMS-GLOMERULAR  SCLEROSIS  GLOMERULUS  (56).jpg;58.62078;-2.84003;-7.35863;75.55387;-3.04071;-3.19416;33.88599;16.20302;17.43276;1148.26006;262.53788;303.90101 
 PAMS;PAMS-GLOMERULAR  SCLEROSIS  GLOMERULUS  (57).jpg;61.77425;-3.74609;21.44556;80.83029;-4.92034;25.79058;33.40174;17.03117;17.32946;1115.67601;290.06065;300.31029 
 PAMS;PAMS-GLOMERULAR  SCLEROSIS  GLOMERULUS  (58).jpg;53.85222;-12.98810;18.29226;55.13564;-15.58851;19.77947;30.70417;20.20647;19.53215;942.74592;408.30153;381.50477 
 PAMS;PAMS-GLOMERULAR  SCLEROSIS  GLOMERULUS  (59).jpg;61.76556;2.02879;16.39367;74.30067;-0.16832;21.56343;30.00784;18.96938;21.15838;900.47050;359.83747;447.67718 
 PAMS;PAMS-GLOMERULAR  SCLEROSIS  GLOMERULUS  (6).jpg;46.97720;5.03704;7.84712;44.32599;4.90623;2.44330;29.83660;21.44875;37.82168;890.22247;460.04900;1430.47913 
 PAMS;PAMS-GLOMERULAR  SCLEROSIS  GLOMERULUS  (60).jpg;50.75929;2.96928;2.27254;53.79098;3.29902;3.73800;26.92917;20.58930;20.15922;725.18013;423.91943;406.39405 
 PAMS;PAMS-GLOMERULAR  SCLEROSIS  GLOMERULUS  (61).jpg;62.11790;-2.55165;18.47121;73.86014;-4.05155;21.27264;32.79073;17.59284;16.78047;1075.23204;309.50816;281.58423 
 PAMS;PAMS-GLOMERULAR  SCLEROSIS  GLOMERULUS  (62).jpg;76.07904;-19.55814;13.94189;88.23372;-22.98607;18.05579;24.68790;20.85518;16.93097;609.49228;434.93848;286.65772 
 PAMS;PAMS-GLOMERULAR  SCLEROSIS  GLOMERULUS  (63).jpg;77.81734;-16.52139;11.79572;89.40874;-20.16033;15.31084;23.45447;19.72496;15.80206;550.11215;389.07402;249.70516 
 PAMS;PAMS-GLOMERULAR  SCLEROSIS  GLOMERULUS  (64).jpg;62.49928;-0.40134;6.74918;72.80571;-1.13673;9.76550;28.25703;15.30342;17.49156;798.45980;234.19459;305.95458 
 PAMS;PAMS-GLOMERULAR  SCLEROSIS  GLOMERULUS  (65).jpg;68.48869;-0.54894;15.34544;78.70188;-2.44932;18.44687;25.50679;19.28066;17.87819;650.59627;371.74375;319.62954 
 PAMS;PAMS-GLOMERULAR  SCLEROSIS  GLOMERULUS  (66).jpg;61.30184;-1.40706;13.12939;70.61715;-2.90171;17.09228;27.61857;17.86209;17.00312;762.78531;319.05421;289.10592 
 PAMS;PAMS-GLOMERULAR  SCLEROSIS  GLOMERULUS  (67).jpg;49.68524;1.56020;10.81175;54.77737;0.35343;16.50931;35.65212;21.89947;26.32039;1271.07351;479.58668;692.76308 
 PAMS;PAMS-GLOMERULAR  SCLEROSIS  GLOMERULUS  (68).jpg;53.55566;-0.52050;17.79304;65.60939;0.16335;21.64052;31.42927;13.76782;19.63389;987.79903;189.55275;385.48947 
 PAMS;PAMS-GLOMERULAR  SCLEROSIS  GLOMERULUS  (69).jpg;56.31763;5.14236;14.45251;71.90900;5.81048;19.33080;31.50711;15.11435;20.20267;992.69796;228.44366;408.14807 
 PAMS;PAMS-GLOMERULAR  SCLEROSIS  GLOMERULUS  (7).jpg;62.69846;-26.06220;19.98973;74.98689;-25.53781;22.88330;32.66092;19.65446;21.11855;1066.73593;386.29762;445.99328 
 PAMS;PAMS-GLOMERULAR  SCLEROSIS  GLOMERULUS  (70).jpg;52.78575;6.67747;20.35069;64.25968;7.23112;24.50996;31.81041;15.23942;21.50006;1011.90243;232.23984;462.25237 
 PAMS;PAMS-GLOMERULAR  SCLEROSIS  GLOMERULUS  (71).jpg;54.38072;-4.18327;14.63778;66.58200;-3.61767;18.77361;32.08687;18.24225;20.31922;1029.56750;332.77976;412.87065 
 PAMS;PAMS-GLOMERULAR  SCLEROSIS  GLOMERULUS  (72).jpg;57.19590;12.02016;0.51618;62.87709;11.58686;4.42649;27.40947;20.04871;24.13501;751.27911;401.95079;582.49893 
 PAMS;PAMS-GLOMERULAR  SCLEROSIS  GLOMERULUS  (73).jpg;56.17207;10.07887;11.60267;61.97281;9.73097;15.72847;27.32130;20.61588;25.06880;746.45366;425.01461;628.44449 
 PAMS;PAMS-GLOMERULAR  SCLEROSIS  GLOMERULUS  (74).jpg;51.41394;0.73268;6.66550;55.27950;0.59435;9.25175;28.46779;17.95110;26.04684;810.41479;322.24195;678.43767 
 PAMS;PAMS-GLOMERULAR  SCLEROSIS  GLOMERULUS  (75).jpg;50.13183;4.05407;12.80545;53.95573;3.49825;14.31240;30.47700;18.06033;19.10432;928.84777;326.17565;364.97494 
 PAMS;PAMS-GLOMERULAR  SCLEROSIS  GLOMERULUS  (76).jpg;69.31622;-9.05491;11.74372;75.25106;-11.54659;15.47564;20.17085;19.04133;17.39050;406.86328;362.57235;302.42943 
 PAMS;PAMS-GLOMERULAR  SCLEROSIS  GLOMERULUS  (77).jpg;71.69488;-11.42240;23.11237;79.07481;-14.73312;26.30980;18.68682;20.44120;15.52745;349.19712;417.84278;241.10167 
 PAMS;PAMS-GLOMERULAR  SCLEROSIS  GLOMERULUS  (78).jpg;58.28972;-8.48323;8.21292;75.91372;-8.23170;13.68054;33.56651;11.80087;19.84743;1126.71058;139.26048;393.92060 
 PAMS;PAMS-GLOMERULAR  SCLEROSIS  GLOMERULUS  (79).jpg;65.63150;6.98693;24.45708;71.36316;5.08097;27.98918;24.02193;21.17251;22.74018;577.05325;448.27530;517.11601 
 PAMS;PAMS-GLOMERULAR  SCLEROSIS  GLOMERULUS  (8).jpg;58.88727;-40.73087;56.68276;68.93373;-45.11863;63.24178;39.90613;14.62839;20.76244;1592.49893;213.98981;431.07894 
 PAMS;PAMS-GLOMERULAR  SCLEROSIS  GLOMERULUS  (80).jpg;49.88526;-3.24856;5.32864;52.92306;-4.27775;5.96196;30.54603;17.87755;21.77576;933.06017;319.60682;474.18394 
 PAMS;PAMS-GLOMERULAR  SCLEROSIS  GLOMERULUS  (81).jpg;66.71745;-18.00233;8.54943;81.30098;-17.67234;15.21274;27.42437;14.54216;20.66123;752.09629;211.47442;426.88648 
 PAMS;PAMS-GLOMERULAR  SCLEROSIS  GLOMERULUS  (82).jpg;67.50579;8.41252;11.24052;80.89940;6.62379;16.05856;30.22627;17.15027;19.12092;913.62758;294.13163;365.60963 
 PAMS;PAMS-GLOMERULAR  SCLEROSIS  GLOMERULUS  (83).jpg;59.83889;-12.23899;10.77492;69.50068;-13.92931;15.50173;31.47040;18.55791;22.04728;990.38611;344.39620;486.08264 
 PAMS;PAMS-GLOMERULAR  SCLEROSIS  GLOMERULUS  (84).jpg;56.20914;-8.31873;8.90430;70.05113;-8.85716;13.53097;32.08108;20.37480;21.18140;1029.19552;415.13257;448.65165 
 PAMS;PAMS-GLOMERULAR  SCLEROSIS  GLOMERULUS  (85).jpg;60.27696;1.79483;17.90492;74.41440;0.27602;25.82061;31.15840;20.37797;25.35021;970.84608;415.26158;642.63316 
 PAMS;PAMS-GLOMERULAR  SCLEROSIS  GLOMERULUS  (86).jpg;53.08317;1.18312;15.12907;64.15905;1.35411;19.90077;33.21358;19.64655;20.69050;1103.14160;385.98691;428.09684 
 PAMS;PAMS-GLOMERULAR  SCLEROSIS  GLOMERULUS  (87).jpg;56.36844;0.54305;15.08930;61.05945;0.30916;17.94106;29.74548;18.40992;27.10557;884.79351;338.92530;734.71197 
 PAMS;PAMS-GLOMERULAR  SCLEROSIS  GLOMERULUS  (88).jpg;67.55355;-2.01499;27.16040;82.45464;-2.14762;36.28912;28.08172;16.95018;24.86743;788.58309;287.30853;618.38886 
 PAMS;PAMS-GLOMERULAR  SCLEROSIS  GLOMERULUS  (89).jpg;66.70240;-1.84339;17.30468;78.04303;-2.73287;22.29259;25.44136;16.21112;18.60234;647.26265;262.80046;346.04688 
 PAMS;PAMS-GLOMERULAR  SCLEROSIS  GLOMERULUS  (9).jpg;55.73896;-4.35070;9.44063;59.42565;-8.04592;13.10363;29.70808;22.44602;27.24727;882.57007;503.82376;742.41345 
 PAMS;PAMS-GLOMERULAR  SCLEROSIS  GLOMERULUS  (90).jpg;54.95272;0.33897;10.25079;62.45055;0.13335;14.43817;31.73316;18.45390;25.63117;1006.99320;340.54656;656.95692 
 PAMS;PAMS-GLOMERULAR  SCLEROSIS  GLOMERULUS  (91).jpg;35.68300;1.03632;4.26618;20.62869;-1.86782;-5.32413;34.26827;17.86443;26.68384;1174.31414;319.13774;712.02714 
 PAMS;PAMS-GLOMERULAR  SCLEROSIS  GLOMERULUS  (92).jpg;39.23343;-4.93697;6.83493;32.25677;-7.55616;-0.00428;34.57449;18.35425;31.45994;1195.39510;336.87846;989.72775 
 PAMS;PAMS-GLOMERULAR  SCLEROSIS  GLOMERULUS  (93).jpg;72.80800;1.54268;13.90836;89.76565;1.77634;22.41006;30.45646;15.15963;23.88054;927.59597;229.81447;570.28003 
 PAMS;PAMS-MEMBRANOUS  (1).jpg;72.45569;-18.25772;38.62524;80.86280;-29.25045;46.68023;20.49595;30.41772;27.25888;420.08403;925.23752;743.04653 
 PAMS;PAMS-MEMBRANOUS  (2).jpg;76.95800;-30.24012;37.21953;82.53011;-36.91066;44.26057;17.53895;27.90982;23.59015;307.61484;778.95801;556.49509 
 PAMS;PAMS-MEMBRANOUS  (23).jpg;58.15771;-13.22865;12.70951;67.00207;-11.69016;16.30713;34.69922;36.53660;36.64474;1204.03562;1334.92345;1342.83687 
 PAMS;PAMS-MEMBRANOUS  (24).jpg;55.28917;-13.15685;21.79838;57.92432;-16.02171;23.67356;35.67593;42.34058;41.02802;1272.77191;1792.72512;1683.29818 
 PAMS;PAMS-MEMBRANOUS  (25).jpg;64.23379;-22.73962;20.40565;78.43198;-34.84748;32.03732;28.27383;35.14798;32.47903;799.40921;1235.38043;1054.88760 
 PAMS;PAMS-MEMBRANOUS  (26).jpg;67.40083;-21.58099;29.35900;82.70041;-31.91951;43.39822;28.74780;32.25620;37.94251;826.43621;1040.46258;1439.63379 
 PAMS;PAMS-MEMBRANOUS  (27).jpg;69.76327;-33.52369;19.24937;84.35050;-44.10995;29.43312;26.16586;31.52102;29.19789;684.65212;993.57439;852.51669 
 PAMS;PAMS-MEMBRANOUS  (28).jpg;62.06775;-8.16920;24.12187;81.38251;-17.79190;36.42067;33.63838;29.35319;33.82733;1131.54033;861.60952;1144.28802 
 PAMS;PAMS-MEMBRANOUS  (29).jpg;66.77556;-23.81124;22.53798;84.80924;-33.30664;29.31668;31.41697;27.78033;27.68555;987.02606;771.74689;766.48958 
 PAMS;PAMS-MEMBRANOUS  (3).jpg;78.69643;-38.82300;40.73230;85.17625;-49.81182;45.62332;16.56975;28.75892;24.49016;274.55659;827.07566;599.76807 
 PAMS;PAMS-MEMBRANOUS  (30).jpg;65.00121;-15.18262;15.92097;83.76834;-24.17634;25.54207;32.20956;30.35497;32.31843;1037.45596;921.42446;1044.48102 
 PAMS;PAMS-MEMBRANOUS  (31).jpg;69.58954;-23.90123;21.10763;84.95537;-34.77789;33.35398;28.78762;32.67235;32.07292;828.72725;1067.48225;1028.67239 
 PAMS;PAMS-MEMBRANOUS  (32).jpg;66.79132;-1.89815;11.99685;85.13768;-5.26402;22.21139;31.23137;25.75824;28.81638;975.39874;663.48684;830.38370 
 PAMS;PAMS-MEMBRANOUS  (33).jpg;55.63426;-10.88808;20.05430;70.85721;-20.30313;30.70826;34.90257;37.19069;38.17118;1218.18949;1383.14759;1457.03929 
 PAMS;PAMS-MEMBRANOUS  (34).jpg;55.20709;-8.79710;15.69316;71.52019;-16.12212;28.07382;34.88844;32.15529;40.64268;1217.20308;1033.96268;1651.82724 
 PAMS;PAMS-MEMBRANOUS  (35).jpg;62.46158;-7.70622;24.81614;78.18513;-14.99077;33.96618;31.67930;31.35199;31.02099;1003.57819;982.94739;962.30158 
 PAMS;PAMS-MEMBRANOUS  (36).jpg;58.54392;-8.44162;20.74657;76.60920;-16.95257;33.54419;33.55726;31.15750;37.69109;1126.08978;970.78954;1420.61791 
 PAMS;PAMS-MEMBRANOUS  (4).jpg;64.29255;-16.81603;25.41700;75.95116;-26.29681;37.93466;28.99773;36.13494;40.04458;840.86822;1305.73365;1603.56817 
 PAMS;PAMS-MEMBRANOUS  (5).jpg;73.65526;-23.26251;28.87481;82.42478;-29.23255;34.93282;24.48027;31.79859;28.11017;599.28338;1011.15041;790.18183 
 PAMS;PAMS-MEMBRANOUS  (6).jpg;67.50984;-19.83025;19.12574;82.11773;-28.18838;27.68948;28.56757;28.51740;32.50774;816.10579;813.24197;1056.75316 
 PAMS;PAMS-MEMBRANOUS  (7).jpg;64.83583;-12.61842;17.09591;78.33301;-21.20033;27.26686;29.39626;32.24607;29.22441;864.13989;1039.80881;854.06630 
 PAMS;PAMS-NORMAL  GLOMERULUS  (1).jpg;68.13661;1.93121;17.62663;83.47835;0.67351;24.22943;29.93488;19.12913;26.67395;896.09678;365.92366;711.49982 
 PAMS;PAMS-NORMAL  GLOMERULUS  (1).TIF;76.73070;-12.41062;9.25140;84.50287;-14.01434;13.25597;19.74258;17.20931;19.73027;389.76950;296.16040;389.28366 
 PAMS;PAMS-NORMAL  GLOMERULUS  (10).jpg;76.58066;-11.52962;28.58714;86.48654;-15.81425;30.42212;21.46453;23.67748;22.91521;460.72613;560.62303;525.10694 
 PAMS;PAMS-NORMAL  GLOMERULUS  (11).jpg;79.35391;-26.27756;31.24783;88.94424;-30.68440;38.41027;21.52137;24.67608;24.12334;463.16921;608.90897;581.93540 
 PAMS;PAMS-NORMAL  GLOMERULUS  (12).jpg;79.50867;-24.35544;24.64967;89.88216;-29.28972;30.79831;22.97389;23.40219;20.94711;527.79968;547.66252;438.78150 
 PAMS;PAMS-NORMAL  GLOMERULUS  (13).jpg;77.74485;-20.81878;24.11022;88.68300;-26.49660;30.61951;22.76976;25.27815;22.69023;518.46179;638.98483;514.84637 
 PAMS;PAMS-NORMAL  GLOMERULUS  (14).jpg;71.63385;0.11692;26.92627;84.81314;0.17278;36.90688;26.63067;18.85198;27.17665;709.19283;355.39708;738.57019 
 PAMS;PAMS-NORMAL  GLOMERULUS  (15).jpg;59.25644;2.88436;6.87946;74.81517;2.58499;17.17797;33.32694;20.27278;30.61605;1110.68512;410.98559;937.34262 
 PAMS;PAMS-NORMAL  GLOMERULUS  (16).jpg;76.66503;-6.17986;22.26366;86.98037;-7.08253;30.98127;21.89214;17.88479;24.84596;479.26600;319.86585;617.32150 
 PAMS;PAMS-NORMAL  GLOMERULUS  (17).jpg;71.09674;-10.63621;10.71678;84.51031;-11.48572;19.10031;25.63129;19.01342;23.97170;656.96303;361.51009;574.64264 
 PAMS;PAMS-NORMAL  GLOMERULUS  (18).jpg;64.98582;-12.84895;20.47068;82.46318;-12.30917;33.91790;31.05672;19.45680;29.55722;964.51958;378.56700;873.62949 
 PAMS;PAMS-NORMAL  GLOMERULUS  (19).jpg;75.30008;1.69479;12.55002;88.71228;2.16495;20.34877;26.13972;15.82621;22.80348;683.28487;250.46887;519.99864 
 PAMS;PAMS-NORMAL  GLOMERULUS  (2).jpg;67.73956;-20.28800;30.21915;78.82226;-24.79179;33.98674;24.53654;23.24137;22.85896;602.04179;540.16129;522.53208 
 PAMS;PAMS-NORMAL  GLOMERULUS  (20).jpg;60.99856;-9.48235;16.88853;81.45361;-9.71698;35.28110;32.85780;22.02397;37.64056;1079.63534;485.05547;1416.81178 
 PAMS;PAMS-NORMAL  GLOMERULUS  (21).jpg;76.80646;-3.98955;29.59468;89.24485;-3.23944;36.71649;25.81961;15.60982;23.39751;666.65205;243.66654;547.44339 
 PAMS;PAMS-NORMAL  GLOMERULUS  (22).jpg;67.55930;2.77626;19.24487;78.89950;0.89910;23.75901;27.75403;18.98199;18.54205;770.28633;360.31609;343.80745 
 PAMS;PAMS-NORMAL  GLOMERULUS  (23).jpg;77.40941;2.97859;7.99026;84.45254;1.43244;11.88631;18.30883;16.38572;15.66504;335.21336;268.49193;245.39346 
 PAMS;PAMS-NORMAL  GLOMERULUS  (24).jpg;61.45104;1.08273;24.94528;80.22795;0.79462;29.53266;34.91793;14.33553;20.05563;1219.26186;205.50747;402.22845 
 PAMS;PAMS-NORMAL  GLOMERULUS  (25).jpg;71.44324;7.40867;13.96989;79.80869;6.09581;18.85760;23.05188;13.01979;17.92759;531.38907;169.51494;321.39853 
 PAMS;PAMS-NORMAL  GLOMERULUS  (26).jpg;63.86898;-11.89130;15.73752;78.90637;-12.98126;23.82160;30.13985;17.31035;22.72969;908.41035;299.64835;516.63886 
 PAMS;PAMS-NORMAL  GLOMERULUS  (27).jpg;50.20066;0.66825;7.44487;47.19058;0.51307;8.23235;28.29285;17.62038;23.93530;800.48535;310.47791;572.89873 
 PAMS;PAMS-NORMAL  GLOMERULUS  (28).jpg;52.03039;-3.82050;18.26960;55.21232;-4.10395;20.49030;29.14949;15.22855;19.64139;849.69251;231.90887;385.78424 
 PAMS;PAMS-NORMAL  GLOMERULUS  (29).jpg;70.40499;-0.53373;2.63828;85.76895;-6.57997;5.66580;32.37330;24.26916;21.12046;1048.03071;588.99201;446.07394 
 PAMS;PAMS-NORMAL  GLOMERULUS  (3).jpg;68.75211;-9.62345;15.08020;79.76948;-14.34790;17.89930;24.22920;23.02510;26.25050;587.05394;530.15528;689.08876 
 PAMS;PAMS-NORMAL  GLOMERULUS  (30).jpg;71.82199;-3.88086;19.48444;85.65722;-7.02437;27.10557;26.58650;21.00102;24.64349;706.84189;441.04297;607.30159 
 PAMS;PAMS-NORMAL  GLOMERULUS  (31).jpg;70.14936;-19.00294;32.43380;83.93984;-22.53653;36.61596;30.34461;22.36309;17.55235;920.79521;500.10766;308.08516 
 PAMS;PAMS-NORMAL  GLOMERULUS  (32).jpg;72.02832;-20.90162;18.31598;88.15237;-23.66074;22.56678;28.15299;17.70618;18.69898;792.59110;313.50895;349.65202 
 PAMS;PAMS-NORMAL  GLOMERULUS  (33).jpg;62.94590;0.42057;37.09136;81.96665;-2.17991;44.85029;30.01669;20.48633;20.15889;901.00161;419.68986;406.38098 
 PAMS;PAMS-NORMAL  GLOMERULUS  (34).jpg;67.73782;-28.70849;8.32042;84.36611;-36.16484;14.78546;32.23602;26.28566;21.91877;1039.16101;690.93616;480.43242 
 PAMS;PAMS-NORMAL  GLOMERULUS  (35).jpg;66.54216;-9.80813;11.87533;82.38939;-12.80680;17.50219;34.29484;16.19413;20.31264;1176.13637;262.24983;412.60336 
 PAMS;PAMS-NORMAL  GLOMERULUS  (4).jpg;67.55350;-10.80013;19.07116;77.62647;-14.94915;21.67060;23.52615;23.19015;22.16713;553.47984;537.78287;491.38153 
 PAMS;PAMS-NORMAL  GLOMERULUS  (5).jpg;68.27914;-29.87013;10.49333;78.36657;-34.65871;13.15732;24.23764;24.68373;19.52396;587.46297;609.28656;381.18496 
 PAMS;PAMS-NORMAL  GLOMERULUS  (6).jpg;67.06035;-18.68134;16.59199;77.72658;-22.09868;20.83663;24.37370;24.87633;25.14766;594.07745;618.83199;632.40505 
 PAMS;PAMS-NORMAL  GLOMERULUS  (7).jpg;65.71486;-12.61562;23.76530;73.58148;-16.48685;23.85322;22.48572;27.05975;20.24231;505.60743;732.22989;409.75100 
 PAMS;PAMS-NORMAL  GLOMERULUS  (8).jpg;78.68665;-17.26116;25.31222;87.98916;-23.27359;27.75619;20.54271;25.62943;23.61628;422.00283;656.86743;557.72888 
 PAMS;PAMS-NORMAL  GLOMERULUS  (9).jpg;78.23157;-34.80582;20.36783;87.74622;-39.74027;22.75899;21.86484;20.04537;23.14368;478.07107;401.81676;535.62987 
 PAS;PAS-GLOMERULAR  SCLEROSIS  GLOMERULUS  (1).jpg;68.38385;-35.15767;17.35595;69.75045;-38.30322;15.35479;14.80876;41.20678;35.35748;219.29927;1697.99897;1250.15115 
 PAS;PAS-GLOMERULAR  SCLEROSIS  GLOMERULUS  (10).jpg;58.97552;-6.70671;6.50189;58.85248;-8.28279;6.98352;15.58063;40.59117;29.15222;242.75608;1647.64338;849.85170 
 PAS;PAS-GLOMERULAR  SCLEROSIS  GLOMERULUS  (11).jpg;53.88407;-9.90140;6.36000;54.75711;-11.29401;7.62315;16.04829;39.10800;30.86448;257.54761;1529.43600;952.61608 
 PAS;PAS-GLOMERULAR  SCLEROSIS  GLOMERULUS  (12).jpg;52.83555;0.71890;7.89536;51.89493;-0.08081;6.65236;18.47450;39.81982;27.79352;341.30718;1585.61796;772.47976 
 PAS;PAS-GLOMERULAR  SCLEROSIS  GLOMERULUS  (13).jpg;56.23672;-6.51609;11.75009;56.12538;-9.50239;11.36114;17.02616;36.88957;29.50189;289.89019;1360.84057;870.36126 
 PAS;PAS-GLOMERULAR  SCLEROSIS  GLOMERULUS  (14).jpg;68.51961;-17.10074;22.32606;68.64899;-19.12928;21.65226;13.17039;40.29951;30.25907;173.45929;1624.05047;915.61137 
 PAS;PAS-GLOMERULAR  SCLEROSIS  GLOMERULUS  (141).jpg;48.36473;1.45629;2.89838;45.79832;-1.64038;3.11029;19.45783;47.00503;28.40080;378.60722;2209.47329;806.60556 
 PAS;PAS-GLOMERULAR  SCLEROSIS  GLOMERULUS  (142).jpg;46.71638;10.35991;5.41402;44.24758;8.83976;2.09501;19.52424;46.87685;34.18980;381.19614;2197.43933;1168.94242 
 PAS;PAS-GLOMERULAR  SCLEROSIS  GLOMERULUS  (143).jpg;61.03473;-0.06234;12.16898;60.85162;-2.52709;10.82999;19.87777;41.32196;28.58998;395.12570;1707.50402;817.38707 
 PAS;PAS-GLOMERULAR  SCLEROSIS  GLOMERULUS  (144).jpg;53.89251;2.15801;9.12813;52.54164;2.15479;7.25769;19.30590;45.65794;31.63531;372.71785;2084.64752;1000.79311 
 PAS;PAS-GLOMERULAR  SCLEROSIS  GLOMERULUS  (145).jpg;50.51662;4.49821;4.51122;49.26364;2.25820;3.24777;21.62499;48.30200;31.74262;467.64003;2333.08338;1007.59419 
 PAS;PAS-GLOMERULAR  SCLEROSIS  GLOMERULUS  (146).jpg;62.74188;-15.46219;14.53104;62.30861;-15.49411;15.18854;16.82928;33.11669;33.40666;283.22462;1096.71502;1116.00478 
 PAS;PAS-GLOMERULAR  SCLEROSIS  GLOMERULUS  (147).jpg;70.66579;-13.59143;16.76892;70.35014;-14.41742;18.09584;14.13157;32.44067;31.92565;199.70117;1052.39697;1019.24741 
 PAS;PAS-GLOMERULAR  SCLEROSIS  GLOMERULUS  (148).jpg;61.25953;-3.80050;7.19408;59.92853;-6.62171;4.63168;16.26612;38.78314;24.53786;264.58652;1504.13166;602.10659 
 PAS;PAS-GLOMERULAR  SCLEROSIS  GLOMERULUS  (149).jpg;60.32701;-3.05525;24.26539;60.11521;-8.12914;23.05767;16.70760;34.83288;23.55124;279.14394;1213.32931;554.66111 
 PAS;PAS-GLOMERULAR  SCLEROSIS  GLOMERULUS  (15).jpg;58.75278;-0.57839;13.37688;58.76119;-3.64765;11.63905;20.86081;40.07614;31.11945;435.17330;1606.09660;968.42038 
 PAS;PAS-GLOMERULAR  SCLEROSIS  GLOMERULUS  (150).jpg;60.40098;-2.82807;4.21439;58.95177;-4.15060;-0.07479;16.64135;31.02266;28.04466;276.93457;962.40529;786.50323 
 PAS;PAS-GLOMERULAR  SCLEROSIS  GLOMERULUS  (151).jpg;62.94113;-10.71073;32.69445;63.18472;-14.08281;32.18088;16.73049;35.19237;27.08591;279.90941;1238.50284;733.64662 
 PAS;PAS-GLOMERULAR  SCLEROSIS  GLOMERULUS  (152).jpg;64.67481;-11.39562;1.19191;65.21265;-15.10484;-0.93006;16.50996;36.08743;27.33592;272.57866;1302.30277;747.25266 
 PAS;PAS-GLOMERULAR  SCLEROSIS  GLOMERULUS  (153).jpg;66.50077;1.25558;8.30816;67.10743;-2.10494;8.33910;15.82692;33.82726;22.60873;250.49151;1144.28369;511.15479 
 PAS;PAS-GLOMERULAR  SCLEROSIS  GLOMERULUS  (154).jpg;71.44929;-3.16530;14.11588;72.50660;-7.11566;14.02944;13.16464;30.45560;17.90745;173.30783;927.54380;320.67664 
 PAS;PAS-GLOMERULAR  SCLEROSIS  GLOMERULUS  (155).jpg;62.27922;2.52074;15.55549;62.42303;-3.56550;16.62019;16.81689;36.34708;27.90465;282.80794;1321.10988;778.66926 
 PAS;PAS-GLOMERULAR  SCLEROSIS  GLOMERULUS  (156).jpg;53.11410;25.23036;7.86006;50.75861;30.25457;6.29103;17.46444;37.40829;25.11848;305.00678;1399.38030;630.93780 
 PAS;PAS-GLOMERULAR  SCLEROSIS  GLOMERULUS  (157).jpg;54.90288;7.38628;19.83548;50.23987;12.16556;13.63915;21.02762;40.92078;27.12549;442.16067;1674.51043;735.79228 
 PAS;PAS-GLOMERULAR  SCLEROSIS  GLOMERULUS  (158).jpg;64.44034;-6.45654;-6.18998;63.31655;-8.70930;-8.72038;13.85887;29.24726;24.58008;192.06819;855.40227;604.18047 
 PAS;PAS-GLOMERULAR  SCLEROSIS  GLOMERULUS  (159).jpg;66.75280;-9.80446;0.82608;67.03046;-14.48471;0.99078;12.52181;28.81566;21.47471;156.79576;830.34251;461.16316 
 PAS;PAS-GLOMERULAR  SCLEROSIS  GLOMERULUS  (16).jpg;67.15400;-26.56728;29.73872;69.05211;-36.07761;33.66465;18.95618;41.32094;38.48953;359.33687;1707.42036;1481.44397 
 PAS;PAS-GLOMERULAR  SCLEROSIS  GLOMERULUS  (160).jpg;72.08114;-20.52434;2.42445;71.33379;-23.59248;0.20029;11.45790;34.47016;27.35356;131.28341;1188.19188;748.21728 
 PAS;PAS-GLOMERULAR  SCLEROSIS  GLOMERULUS  (161).jpg;58.22899;-8.75322;11.97085;57.68103;-10.49468;13.50488;14.98240;29.72958;25.94276;224.47244;883.84801;673.02664 
 PAS;PAS-GLOMERULAR  SCLEROSIS  GLOMERULUS  (162).jpg;66.28235;-0.37238;17.73333;65.66697;-2.05732;18.64033;13.48357;25.09281;20.28247;181.80667;629.64897;411.37844 
 PAS;PAS-GLOMERULAR  SCLEROSIS  GLOMERULUS  (163).jpg;64.16082;-3.82468;18.17001;65.34324;-3.29345;22.33851;14.49795;22.47161;29.36361;210.19064;504.97344;862.22187 
 PAS;PAS-GLOMERULAR  SCLEROSIS  GLOMERULUS  (164).jpg;71.79721;-3.68388;12.58834;70.58479;-3.53405;10.62623;16.91340;36.90718;26.28017;286.06318;1362.13996;690.64742 
 PAS;PAS-GLOMERULAR  SCLEROSIS  GLOMERULUS  (165).jpg;68.76379;-10.68749;33.64511;68.77817;-10.83434;34.28113;13.65762;27.60042;25.39176;186.53057;761.78334;644.74159 
 PAS;PAS-GLOMERULAR  SCLEROSIS  GLOMERULUS  (166).jpg;68.29831;-19.10746;24.90680;67.65609;-20.76976;26.66358;16.66706;31.77388;29.93107;277.79098;1009.57950;895.86880 
 PAS;PAS-GLOMERULAR  SCLEROSIS  GLOMERULUS  (167).jpg;70.07359;-23.09274;22.57526;69.75210;-25.82556;23.12997;16.82436;30.77436;31.54562;283.05900;947.06106;995.12634 
 PAS;PAS-GLOMERULAR  SCLEROSIS  GLOMERULUS  (168).jpg;57.02626;-5.74740;13.24017;56.47028;-7.87003;10.36192;20.22507;48.55956;30.99253;409.05343;2358.03113;960.53704 
 PAS;PAS-GLOMERULAR  SCLEROSIS  GLOMERULUS  (169).jpg;53.44560;8.49223;4.92274;52.21114;8.65245;-0.81465;20.11136;50.98457;32.35665;404.46673;2599.42597;1046.95286 
 PAS;PAS-GLOMERULAR  SCLEROSIS  GLOMERULUS  (17).jpg;54.68276;-7.63906;26.01349;54.53997;-14.26114;23.97904;21.46673;55.91618;28.91116;460.82043;3126.61961;835.85491 
 PAS;PAS-GLOMERULAR  SCLEROSIS  GLOMERULUS  (170).jpg;54.17314;3.98234;15.31400;52.14184;6.28496;11.67349;20.16175;51.63691;30.10688;406.49629;2666.36996;906.42423 
 PAS;PAS-GLOMERULAR  SCLEROSIS  GLOMERULUS  (171).jpg;57.63330;-4.38990;23.76855;57.36146;-6.68543;20.03384;21.34477;51.29375;32.42459;455.59916;2631.04848;1051.35372 
 PAS;PAS-GLOMERULAR  SCLEROSIS  GLOMERULUS  (172).jpg;50.58380;10.92552;2.25728;49.34187;11.56823;-2.93878;20.55088;49.63255;32.28865;422.33855;2463.39048;1042.55711 
 PAS;PAS-GLOMERULAR  SCLEROSIS  GLOMERULUS  (173).jpg;60.36646;-7.00914;25.50917;59.32049;-7.82230;22.13600;24.54209;59.07921;32.82121;602.31396;3490.35302;1077.23194 
 PAS;PAS-GLOMERULAR  SCLEROSIS  GLOMERULUS  (174).jpg;50.89190;5.86118;0.64993;48.92354;4.40772;-1.06787;20.83236;47.25467;30.18619;433.98739;2233.00385;911.20622 
 PAS;PAS-GLOMERULAR  SCLEROSIS  GLOMERULUS  (175).jpg;55.34432;1.24310;20.57093;53.32302;2.25376;20.06528;18.97388;45.31481;29.66560;360.00812;2053.43210;880.04755 
 PAS;PAS-GLOMERULAR  SCLEROSIS  GLOMERULUS  (176).jpg;51.55004;18.98566;9.47762;49.94781;21.09004;7.95485;16.49286;44.56967;26.54247;272.01438;1986.45539;704.50294 
 PAS;PAS-GLOMERULAR  SCLEROSIS  GLOMERULUS  (177).jpg;54.70573;1.08514;18.01410;53.86522;-0.45292;15.26056;16.21916;48.28488;24.61725;263.06127;2331.42916;606.00884 
 PAS;PAS-GLOMERULAR  SCLEROSIS  GLOMERULUS  (178).jpg;59.56133;-1.39081;27.84416;59.37580;-1.81445;29.76335;15.51506;36.74012;24.38859;240.71715;1349.83661;594.80339 
 PAS;PAS-GLOMERULAR  SCLEROSIS  GLOMERULUS  (179).jpg;52.71905;13.40344;24.12270;52.32559;12.08351;25.69326;16.55574;37.83514;28.09305;274.09246;1431.49745;789.21954 
 PAS;PAS-GLOMERULAR  SCLEROSIS  GLOMERULUS  (18).jpg;61.29660;-16.49924;22.48902;57.05807;-14.02747;13.19408;21.82251;55.59096;42.74775;476.22173;3090.35437;1827.37033 
 PAS;PAS-GLOMERULAR  SCLEROSIS  GLOMERULUS  (19).jpg;60.20283;-10.82684;23.82858;60.45924;-14.97183;25.65100;21.03775;41.06440;34.46334;442.58682;1686.28456;1187.72214 
 PAS;PAS-GLOMERULAR  SCLEROSIS  GLOMERULUS  (2).jpg;62.25687;-29.77800;30.97160;62.04707;-34.96292;31.66407;13.08691;34.42453;24.13798;171.26710;1185.04843;582.64215 
 PAS;PAS-GLOMERULAR  SCLEROSIS  GLOMERULUS  (20).jpg;60.17659;-6.71674;16.21978;59.40056;-8.63539;15.82783;18.16866;33.36071;31.25076;330.10029;1112.93725;976.60990 
 PAS;PAS-GLOMERULAR  SCLEROSIS  GLOMERULUS  (21).jpg;59.66805;-6.82490;18.44948;57.55291;-6.43426;18.25312;19.14357;36.23482;33.56818;366.47632;1312.96220;1126.82255 
 PAS;PAS-GLOMERULAR  SCLEROSIS  GLOMERULUS  (22).jpg;54.96917;4.37091;19.74787;50.67652;9.20483;15.05311;20.75935;49.63037;27.83674;430.95057;2463.17388;774.88402 
 PAS;PAS-GLOMERULAR  SCLEROSIS  GLOMERULUS  (23).jpg;56.43128;0.12314;7.00665;53.46959;-0.82837;0.82667;22.39009;50.45686;31.24862;501.31598;2545.89478;976.47613 
 PAS;PAS-GLOMERULAR  SCLEROSIS  GLOMERULUS  (24).jpg;55.14150;10.82320;5.65598;55.15396;3.09499;3.04283;15.54270;41.93966;29.20674;241.57549;1758.93496;853.03384 
 PAS;PAS-GLOMERULAR  SCLEROSIS  GLOMERULUS  (25).jpg;64.61633;-2.50183;10.73032;62.92506;-2.86071;3.97268;20.93653;46.35957;41.44807;438.33814;2149.20941;1717.94277 
 PAS;PAS-GLOMERULAR  SCLEROSIS  GLOMERULUS  (26).jpg;58.05689;-16.90293;13.72281;55.99269;-17.63207;10.04553;19.16468;42.92885;32.96530;367.28481;1842.88649;1086.71079 
 PAS;PAS-GLOMERULAR  SCLEROSIS  GLOMERULUS  (27).jpg;59.69583;-17.20840;11.07490;59.39902;-20.96519;12.04011;17.17342;34.65569;29.41625;294.92652;1201.01716;865.31571 
 PAS;PAS-GLOMERULAR  SCLEROSIS  GLOMERULUS  (28).jpg;60.36132;-17.61682;17.66139;59.90751;-21.59145;17.60761;17.87291;38.45471;26.53215;319.44079;1478.76462;703.95510 
 PAS;PAS-GLOMERULAR  SCLEROSIS  GLOMERULUS  (29).jpg;61.42849;-23.35501;25.31324;62.01379;-26.07993;26.62572;16.70546;31.97423;25.04077;279.07240;1022.35131;627.04000 
 PAS;PAS-GLOMERULAR  SCLEROSIS  GLOMERULUS  (3).jpg;69.42932;-8.99208;9.63288;69.60624;-13.20539;8.27004;12.02852;43.78205;33.24324;144.68538;1916.86781;1105.11274 
 PAS;PAS-GLOMERULAR  SCLEROSIS  GLOMERULUS  (30).jpg;66.21226;-6.05205;13.46799;66.13216;-11.94612;11.35975;15.02822;40.19232;28.86285;225.84728;1615.42269;833.06395 
 PAS;PAS-GLOMERULAR  SCLEROSIS  GLOMERULUS  (31).jpg;70.05934;-20.10793;2.70190;71.33684;-26.63421;3.50224;13.87728;36.08639;26.72585;192.57886;1302.22746;714.27128 
 PAS;PAS-GLOMERULAR  SCLEROSIS  GLOMERULUS  (32).jpg;64.89451;-5.86349;15.32897;63.56661;-6.00039;9.32610;16.61994;49.15648;33.24343;276.22229;2416.35998;1105.12535 
 PAS;PAS-GLOMERULAR  SCLEROSIS  GLOMERULUS  (33).jpg;66.64944;-8.27616;9.72543;66.16130;-10.34058;8.87221;15.13090;38.55944;32.22901;228.94427;1486.83019;1038.70935 
 PAS;PAS-GLOMERULAR  SCLEROSIS  GLOMERULUS  (34).jpg;60.21799;-8.63646;7.89282;60.03812;-13.04231;6.83641;13.48586;35.25487;28.02276;181.86831;1242.90597;785.27529 
 PAS;PAS-GLOMERULAR  SCLEROSIS  GLOMERULUS  (35).jpg;52.29942;11.48113;8.70535;50.60809;10.53952;5.39448;14.08826;37.65485;27.01738;198.47902;1417.88783;729.93888 
 PAS;PAS-GLOMERULAR  SCLEROSIS  GLOMERULUS  (36).jpg;52.60184;-5.70664;1.63173;51.09180;-8.37072;-1.42536;13.01041;40.99391;24.86133;169.27071;1680.50094;618.08567 
 PAS;PAS-GLOMERULAR  SCLEROSIS  GLOMERULUS  (37).jpg;65.74409;-6.09865;-3.26630;65.12747;-9.02239;-6.33597;15.96634;38.91957;32.60848;254.92398;1514.73324;1063.31265 
 PAS;PAS-GLOMERULAR  SCLEROSIS  GLOMERULUS  (38).jpg;66.48984;-9.58810;-13.45914;65.64999;-12.48850;-18.94548;17.15715;44.74768;31.73143;294.36776;2002.35462;1006.88390 
 PAS;PAS-GLOMERULAR  SCLEROSIS  GLOMERULUS  (39).jpg;56.61771;2.39888;-1.39166;56.17943;6.35020;-3.98963;14.20579;37.66693;28.88220;201.80434;1418.79728;834.18157 
 PAS;PAS-GLOMERULAR  SCLEROSIS  GLOMERULUS  (4).jpg;60.32083;-18.78401;14.75345;61.03265;-21.05741;12.33774;16.52975;35.01665;28.94084;273.23271;1226.16568;837.57246 
 PAS;PAS-GLOMERULAR  SCLEROSIS  GLOMERULUS  (40).jpg;55.88206;-0.84060;12.30186;55.19758;-2.82334;10.06917;14.22722;34.52571;26.78310;202.41384;1192.02450;717.33450 
 PAS;PAS-GLOMERULAR  SCLEROSIS  GLOMERULUS  (41).jpg;66.13937;-18.23666;4.77217;67.08090;-19.68675;6.15175;15.62511;28.67696;25.07023;244.14397;822.36816;628.51621 
 PAS;PAS-GLOMERULAR  SCLEROSIS  GLOMERULUS  (42).jpg;71.03935;-15.56728;31.10975;72.07560;-17.79259;30.35285;18.31960;37.13470;27.00796;335.60760;1378.98570;729.43000 
 PAS;PAS-GLOMERULAR  SCLEROSIS  GLOMERULUS  (43).jpg;56.17287;0.61973;2.27048;54.66389;0.81947;-1.30007;18.22611;34.14059;32.11923;332.19107;1165.58020;1031.64497 
 PAS;PAS-GLOMERULAR  SCLEROSIS  GLOMERULUS  (44).jpg;59.44734;-6.73664;15.07169;58.79264;-13.78026;11.61254;17.15569;42.35389;34.65815;294.31773;1793.85198;1201.18743 
 PAS;PAS-GLOMERULAR  SCLEROSIS  GLOMERULUS  (45).jpg;65.78662;-15.25259;7.58177;66.56978;-18.30574;8.08372;15.89155;30.58474;30.54639;252.54141;935.42616;933.08199 
 PAS;PAS-GLOMERULAR  SCLEROSIS  GLOMERULUS  (46).jpg;64.94549;-21.69256;20.29624;66.50013;-24.11020;20.98089;15.53311;31.86573;27.40889;241.27748;1015.42459;751.24752 
 PAS;PAS-GLOMERULAR  SCLEROSIS  GLOMERULUS  (47).jpg;76.57444;-12.35881;23.46051;76.60361;-12.52267;23.33821;10.10490;27.81510;24.30746;102.10910;773.67973;590.85258 
 PAS;PAS-GLOMERULAR  SCLEROSIS  GLOMERULUS  (48).jpg;74.27027;-24.42571;22.11046;75.34279;-23.31278;21.25626;17.78202;35.03913;32.34678;316.20041;1227.74079;1046.31436 
 PAS;PAS-GLOMERULAR  SCLEROSIS  GLOMERULUS  (49).jpg;63.94770;-0.09263;17.35240;63.61961;-0.08633;16.12610;13.31442;29.47332;26.39277;177.27382;868.67668;696.57825 
 PAS;PAS-GLOMERULAR  SCLEROSIS  GLOMERULUS  (5).jpg;53.17569;-2.69927;14.76456;50.16770;-1.03562;8.44314;21.28001;43.52662;35.36071;452.83889;1894.56675;1250.37997 
 PAS;PAS-GLOMERULAR  SCLEROSIS  GLOMERULUS  (50).jpg;60.81738;-4.66967;-3.09313;60.80840;-5.49116;-3.56579;13.51969;29.57225;26.05905;182.78215;874.51818;679.07392 
 PAS;PAS-GLOMERULAR  SCLEROSIS  GLOMERULUS  (6).jpg;72.23344;-14.44014;-2.23546;74.73066;-15.05832;-9.63362;19.64178;40.28010;33.81019;385.79970;1622.48658;1143.12921 
 PAS;PAS-GLOMERULAR  SCLEROSIS  GLOMERULUS  (7).jpg;52.36433;16.47230;-6.50578;49.89243;17.13071;-9.89206;18.06513;42.69836;29.05191;326.34908;1823.15026;844.01336 
 PAS;PAS-GLOMERULAR  SCLEROSIS  GLOMERULUS  (8).jpg;50.49412;7.18369;9.78169;49.40732;7.41207;11.37322;17.13240;41.69310;31.02252;293.51907;1738.31454;962.39664 
 PAS;PAS-GLOMERULAR  SCLEROSIS  GLOMERULUS  (9).jpg;62.28290;-19.54236;34.70032;62.23143;-18.56260;32.51334;20.17346;53.46228;35.37480;406.96831;2858.21548;1251.37620 
 PAS;PAS-NORMAL  GLOMERULUS  (1).jpg;44.79753;-24.75601;-11.33479;46.14446;-28.17069;-14.57056;12.18449;41.23518;29.51580;148.46169;1700.33989;871.18260 
 PAS;PAS-NORMAL  GLOMERULUS  (1).TIF;63.58946;-7.46778;-5.84450;64.06640;-8.82633;-7.68373;18.44430;44.49363;27.63887;340.19211;1979.68332;763.90686 
 PAS;PAS-NORMAL  GLOMERULUS  (100).jpg;65.74275;-3.76982;7.20532;66.82470;-5.51880;7.33232;17.97841;26.86277;26.46761;323.22311;721.60819;700.53441 
 PAS;PAS-NORMAL  GLOMERULUS  (101).jpg;66.63869;-13.25580;4.43669;67.14560;-14.25092;4.60398;19.35160;40.16385;36.51011;374.48461;1613.13446;1332.98835 
 PAS;PAS-NORMAL  GLOMERULUS  (102).jpg;69.50213;-20.58619;11.15148;71.34521;-22.92748;13.41654;16.70483;29.61868;29.67247;279.05131;877.26613;880.45562 
 PAS;PAS-NORMAL  GLOMERULUS  (103).jpg;65.66138;-21.96453;22.30292;66.68050;-24.05695;27.92018;14.73640;30.02295;26.81845;217.16147;901.37765;719.22915 
 PAS;PAS-NORMAL  GLOMERULUS  (104).jpg;59.19788;-9.64833;23.97413;60.45302;-16.95825;25.77152;16.40043;31.89893;23.20069;268.97403;1017.54203;538.27190 
 PAS;PAS-NORMAL  GLOMERULUS  (105).jpg;60.88519;-5.41320;26.43340;60.66924;-6.86276;29.81627;21.87120;44.62879;35.31767;478.34934;1991.72924;1247.33801 
 PAS;PAS-NORMAL  GLOMERULUS  (106).jpg;61.65718;-3.70824;13.95426;62.78504;-8.21484;19.11031;13.91610;30.80355;28.51219;193.65792;948.85871;812.94513 
 PAS;PAS-NORMAL  GLOMERULUS  (107).jpg;61.38162;-21.37599;11.95441;62.15903;-25.57537;16.03408;14.28322;31.84953;28.29310;204.01039;1014.39250;800.49953 
 PAS;PAS-NORMAL  GLOMERULUS  (108).jpg;59.46899;-22.78004;22.84604;60.60216;-27.71644;28.76780;14.24162;30.83993;29.93754;202.82369;951.10098;896.25621 
 PAS;PAS-NORMAL  GLOMERULUS  (109).jpg;76.02239;-17.26661;20.12131;79.79170;-16.56825;14.65265;21.24248;42.03733;40.82484;451.24279;1767.13747;1666.66733 
 PAS;PAS-NORMAL  GLOMERULUS  (110).jpg;70.12883;-12.51176;20.43475;71.28692;-17.05966;21.35921;11.38456;39.00605;32.79786;129.60826;1521.47231;1075.69968 
 PAS;PAS-NORMAL  GLOMERULUS  (111).jpg;58.80653;-18.56058;10.04244;59.07533;-20.55704;7.74235;17.96798;37.00938;31.55446;322.84837;1369.69403;995.68364 
 PAS;PAS-NORMAL  GLOMERULUS  (2).jpg;58.53206;-5.17169;19.68676;57.04910;-2.18678;16.33473;20.57208;43.07333;34.85530;423.21063;1855.31202;1214.89200 
 PAS;PAS-NORMAL  GLOMERULUS  (2).TIF;61.56276;-11.20637;-0.22808;60.85484;-10.33503;-3.60433;16.79851;45.37924;31.43898;282.19009;2059.27559;988.40948 
 PAS;PAS-NORMAL  GLOMERULUS  (3).jpg;56.52053;6.70749;20.37344;55.97860;9.11739;19.07534;19.13884;41.73735;33.24222;366.29524;1742.00664;1105.04525 
 PAS;PAS-NORMAL  GLOMERULUS  (3).TIF;55.73212;-9.97121;14.19378;54.69574;-11.15004;12.16468;16.99583;39.13059;32.82897;288.85839;1531.20284;1077.74121 
 PAS;PAS-NORMAL  GLOMERULUS  (4).jpg;63.88490;-4.88917;20.33442;62.83618;-1.05492;17.04689;15.33393;37.29146;31.62608;235.12954;1390.65281;1000.20892 
 PAS;PAS-NORMAL  GLOMERULUS  (4).TIF;61.57073;-17.90070;31.76377;60.47313;-15.84808;30.80733;19.76058;48.12665;33.14510;390.48040;2316.17419;1098.59750 
 PAS;PAS-NORMAL  GLOMERULUS  (5).jpg;71.96924;1.59817;9.90672;70.93355;5.62727;6.36731;13.36086;35.87488;29.02179;178.51255;1287.00721;842.26433 
 PAS;PAS-NORMAL  GLOMERULUS  (5).TIF;59.02773;-9.78102;4.53375;58.46079;-8.24266;0.12756;19.70315;48.82860;30.61094;388.21414;2384.23249;937.02986 
 PAS;PAS-NORMAL  GLOMERULUS  (6).jpg;61.59842;-11.88834;8.70700;60.60767;-14.36794;6.22893;17.43628;47.15001;32.73474;304.02376;2223.12372;1071.56301 
 PAS;PAS-NORMAL  GLOMERULUS  (62).jpg;64.45694;-27.31391;22.09507;65.15337;-33.50278;22.24670;15.75653;30.58127;26.59411;248.26810;935.21398;707.24685 
 PAS;PAS-NORMAL  GLOMERULUS  (63).jpg;60.77271;-7.30291;17.83930;61.48894;-15.85610;17.58791;19.73569;39.79622;33.91047;389.49766;1583.73928;1149.91979 
 PAS;PAS-NORMAL  GLOMERULUS  (64).jpg;58.77192;-11.51060;18.16335;61.37555;-20.57535;20.06212;20.27417;36.94021;36.60171;411.04210;1364.57894;1339.68504 
 PAS;PAS-NORMAL  GLOMERULUS  (65).jpg;67.05181;-15.67927;19.90995;67.33523;-21.07930;19.27763;17.45531;31.52783;24.33733;304.68789;994.00420;592.30547 
 PAS;PAS-NORMAL  GLOMERULUS  (66).jpg;56.70395;1.23746;16.66492;58.46423;-3.59413;17.11172;17.52239;35.16698;22.83677;307.03413;1236.71641;521.51810 
 PAS;PAS-NORMAL  GLOMERULUS  (67).jpg;58.64458;-5.52110;2.35185;59.53310;-8.56878;1.08339;16.90705;33.97008;27.83490;285.84823;1153.96653;774.78155 
 PAS;PAS-NORMAL  GLOMERULUS  (68).jpg;60.33806;0.50058;24.25024;61.86445;-4.64346;24.65528;15.61513;33.34478;21.06766;243.83214;1111.87450;443.84614 
 PAS;PAS-NORMAL  GLOMERULUS  (69).jpg;56.32772;14.11583;-24.23740;57.24504;10.36110;-25.16727;17.66172;32.92725;18.11221;311.93619;1084.20364;328.05203 
 PAS;PAS-NORMAL  GLOMERULUS  (70).jpg;71.29993;-19.80739;15.58259;73.53423;-23.80626;16.92495;15.19817;26.12247;17.33698;230.98433;682.38367;300.57088 
 PAS;PAS-NORMAL  GLOMERULUS  (71).jpg;62.70868;-15.03915;17.77225;64.30144;-18.17787;19.24695;16.26520;32.00215;27.08864;264.55683;1024.13754;733.79456 
 PAS;PAS-NORMAL  GLOMERULUS  (72).jpg;61.77177;2.49659;-0.06601;63.04734;-3.16096;0.80827;16.71968;30.26796;20.26961;279.54781;916.14966;410.85716 
 PAS;PAS-NORMAL  GLOMERULUS  (73).jpg;63.30107;0.51971;1.93426;64.06928;-2.82165;1.50255;18.40838;29.07729;24.41644;338.86852;845.48860;596.16232 
 PAS;PAS-NORMAL  GLOMERULUS  (74).jpg;65.26181;-11.57948;-2.41510;67.56753;-17.25599;-1.75454;19.06298;29.31626;20.01250;363.39702;859.44290;400.50030 
 PAS;PAS-NORMAL  GLOMERULUS  (75).jpg;65.53462;-10.22242;7.37175;67.85297;-15.76792;7.73969;19.48012;27.62340;22.52218;379.47515;763.05196;507.24876 
 PAS;PAS-NORMAL  GLOMERULUS  (76).jpg;60.20193;-4.55041;-5.74688;60.50415;-7.76829;-6.54064;18.72889;32.86647;19.79900;350.77147;1080.20481;392.00046 
 PAS;PAS-NORMAL  GLOMERULUS  (77).jpg;70.92900;-8.47124;18.78733;73.54593;-12.26665;21.98035;15.86708;30.69646;25.01500;251.76431;942.27254;625.75003 
 PAS;PAS-NORMAL  GLOMERULUS  (78).jpg;64.60134;-8.52776;30.42784;64.71122;-12.20552;30.67321;14.81645;30.23526;25.62296;219.52724;914.17100;656.53625 
 PAS;PAS-NORMAL  GLOMERULUS  (79).jpg;64.02274;-7.72672;34.47688;64.18647;-10.21865;34.67860;13.96319;29.47717;20.65687;194.97068;868.90331;426.70642 
 PAS;PAS-NORMAL  GLOMERULUS  (80).jpg;61.54633;-13.17110;16.35747;62.23145;-14.54079;15.97813;14.81645;27.17187;25.46220;219.52731;738.31047;648.32357 
 PAS;PAS-NORMAL  GLOMERULUS  (81).jpg;69.00172;-15.45139;0.64854;69.74696;-18.40006;0.33595;12.42946;25.14763;16.95894;154.49147;632.40345;287.60569 
 PAS;PAS-NORMAL  GLOMERULUS  (82).jpg;69.02698;-11.25559;19.02570;69.45911;-14.12418;19.42996;13.03453;26.31902;25.91221;169.89903;692.69093;671.44272 
 PAS;PAS-NORMAL  GLOMERULUS  (83).jpg;64.88234;-19.65558;4.45792;65.74225;-23.13610;5.38057;14.25458;24.33739;25.10161;203.19300;592.30832;630.09086 
 PAS;PAS-NORMAL  GLOMERULUS  (84).jpg;67.87974;-11.74266;6.84692;70.99458;-17.27477;8.50522;15.98220;26.68145;22.02171;255.43062;711.89975;484.95570 
 PAS;PAS-NORMAL  GLOMERULUS  (85).jpg;69.60806;-20.75881;6.99133;72.57646;-27.34930;9.53105;15.10432;26.38170;23.70119;228.14040;695.99434;561.74662 
 PAS;PAS-NORMAL  GLOMERULUS  (86).jpg;69.04356;-7.63590;8.28285;72.97550;-14.10295;12.85984;15.26212;29.70353;20.90189;232.93237;882.29962;436.88919 
 PAS;PAS-NORMAL  GLOMERULUS  (87).jpg;64.22852;-13.57669;25.14255;63.07196;-13.98710;23.45337;14.93458;30.04530;26.72520;223.04153;902.72000;714.23628 
 PAS;PAS-NORMAL  GLOMERULUS  (88).jpg;63.46508;-11.16851;6.82870;62.97996;-13.18558;6.27833;14.34936;26.50428;23.87298;205.90424;702.47671;569.91929 
 PAS;PAS-NORMAL  GLOMERULUS  (89).jpg;62.46761;-9.18703;15.28462;62.15036;-11.31862;16.26763;14.62781;32.48230;25.12143;213.97293;1055.09975;631.08630 
 PAS;PAS-NORMAL  GLOMERULUS  (90).jpg;72.04627;-11.73090;20.19262;73.65786;-17.48782;22.07638;13.78689;29.02405;26.45537;190.07839;842.39555;699.88681 
 PAS;PAS-NORMAL  GLOMERULUS  (91).jpg;67.11529;-16.31910;12.52507;68.96606;-22.70676;13.19369;15.92846;30.98212;28.14133;253.71582;959.89192;791.93428 
 PAS;PAS-NORMAL  GLOMERULUS  (92).jpg;66.97849;-9.30252;20.59453;69.40881;-15.83411;22.87200;17.26758;30.05664;22.30968;298.16935;903.40154;497.72196 
 PAS;PAS-NORMAL  GLOMERULUS  (93).jpg;69.19923;-13.35621;7.97936;70.10752;-16.29326;8.95052;13.47181;25.15949;26.37986;181.48968;633.00001;695.89694 
 PAS;PAS-NORMAL  GLOMERULUS  (94).jpg;72.58468;-0.94687;11.29657;72.84091;-3.52468;13.07636;13.45772;31.80124;29.57680;181.11025;1011.31863;874.78715 
 PAS;PAS-NORMAL  GLOMERULUS  (95).jpg;73.15612;-14.63433;15.72519;74.31238;-17.61138;18.05025;11.25287;28.34517;25.19015;126.62706;803.44880;634.54366 
 PAS;PAS-NORMAL  GLOMERULUS  (96).jpg;63.82915;-29.37255;25.77506;65.21619;-35.45300;29.00478;19.73198;41.97978;37.99427;389.35101;1762.30168;1443.56490 
 PAS;PAS-NORMAL  GLOMERULUS  (97).jpg;66.90629;-11.75762;10.49942;68.62316;-14.52066;10.44220;15.76903;32.37617;26.61822;248.66222;1048.21622;708.52959 
 PAS;PAS-NORMAL  GLOMERULUS  (98).jpg;62.83718;-2.95053;15.82294;61.74105;-1.63840;13.12234;18.62193;35.49826;37.01492;346.77639;1260.12679;1370.10412 
 PAS;PAS-NORMAL  GLOMERULUS  (99).jpg;72.81593;-30.73562;20.16494;73.23434;-29.93276;18.96021;18.56127;36.73901;35.82688;344.52082;1349.75453;1283.56567 
