 GROUP;NAME;L(AVARAGE);A(AVARAGE);B(AVARAGE);L(VARIANCE);A(VARIANCE);B(VARIANCE);L(DEVIATION);A(DEVIATION);B(DEVIATION) 
 H&E;H&E-MEMBRANOUS    GLOMERULUS  (1).jpg;68;18;-6;144877267.81628162;-1.0;-1.0;12036.497323402753;(6.123233995736766e-17+1j);(6.123233995736766e-17+1j) 
 H&E;H&E-MEMBRANOUS    GLOMERULUS  (1).TIF;45;26;-2;217731668.23257095;-1.0;-1.0;14755.73340205667;(6.123233995736766e-17+1j);(6.123233995736766e-17+1j) 
 H&E;H&E-MEMBRANOUS    GLOMERULUS  (10).jpg;62;14;-4;123404921.0183042;-1.0;-1.0;11108.77675616466;(6.123233995736766e-17+1j);(6.123233995736766e-17+1j) 
 H&E;H&E-MEMBRANOUS    GLOMERULUS  (10).TIF;47;28;1;238657323.88281378;-1.0;-1.0;15448.53792055461;(6.123233995736766e-17+1j);(6.123233995736766e-17+1j) 
 H&E;H&E-MEMBRANOUS    GLOMERULUS  (11).jpg;54;12;-4;74812878.6650238;-1.0;-1.0;8649.443835589882;(6.123233995736766e-17+1j);(6.123233995736766e-17+1j) 
 H&E;H&E-MEMBRANOUS    GLOMERULUS  (11).TIF;47;28;1;284485153.6436304;-1.0;-1.0;16866.687690344846;(6.123233995736766e-17+1j);(6.123233995736766e-17+1j) 
 H&E;H&E-MEMBRANOUS    GLOMERULUS  (12).jpg;68;15;-2;137496277.54356766;-1.0;-1.0;11725.88067240869;(6.123233995736766e-17+1j);(6.123233995736766e-17+1j) 
 H&E;H&E-MEMBRANOUS    GLOMERULUS  (12).TIF;47;28;1;256407017.01056892;-1.0;-1.0;16012.714229966416;(6.123233995736766e-17+1j);(6.123233995736766e-17+1j) 
 H&E;H&E-MEMBRANOUS    GLOMERULUS  (13).jpg;64;15;-8;116784253.38459396;-1.0;-1.0;10806.676333850013;(6.123233995736766e-17+1j);(6.123233995736766e-17+1j) 
 H&E;H&E-MEMBRANOUS    GLOMERULUS  (13).TIF;47;28;2;254600633.27807015;-1.0;-1.0;15956.209865693987;(6.123233995736766e-17+1j);(6.123233995736766e-17+1j) 
 H&E;H&E-MEMBRANOUS    GLOMERULUS  (14).jpg;63;19;-5;118973021.96775308;-1.0;-1.0;10907.475508464508;(6.123233995736766e-17+1j);(6.123233995736766e-17+1j) 
 H&E;H&E-MEMBRANOUS    GLOMERULUS  (14).TIF;45;27;0;222487493.10679215;-1.0;-1.0;14916.014652271971;(6.123233995736766e-17+1j);(6.123233995736766e-17+1j) 
 H&E;H&E-MEMBRANOUS    GLOMERULUS  (15).jpg;66;22;-2;120527700.02370326;-1.0;-1.0;10978.510829056155;(6.123233995736766e-17+1j);(6.123233995736766e-17+1j) 
 H&E;H&E-MEMBRANOUS    GLOMERULUS  (15).TIF;55;26;-2;205433608.92464033;-1.0;-1.0;14332.955345100338;(6.123233995736766e-17+1j);(6.123233995736766e-17+1j) 
 H&E;H&E-MEMBRANOUS    GLOMERULUS  (16).jpg;63;19;-2;134543330.77209854;-1.0;-1.0;11599.281476544076;(6.123233995736766e-17+1j);(6.123233995736766e-17+1j) 
 H&E;H&E-MEMBRANOUS    GLOMERULUS  (16).TIF;52;28;-1;208302806.54081947;-1.0;-1.0;14432.699211887548;(6.123233995736766e-17+1j);(6.123233995736766e-17+1j) 
 H&E;H&E-MEMBRANOUS    GLOMERULUS  (17).jpg;65;25;1;122600727.7470576;-1.0;-1.0;11072.52129133458;(6.123233995736766e-17+1j);(6.123233995736766e-17+1j) 
 H&E;H&E-MEMBRANOUS    GLOMERULUS  (17).TIF;50;29;-1;194392699.7341372;-1.0;-1.0;13942.478249369342;(6.123233995736766e-17+1j);(6.123233995736766e-17+1j) 
 H&E;H&E-MEMBRANOUS    GLOMERULUS  (18).jpg;71;18;1;190406684.8353755;-1.0;-1.0;13798.792876022724;(6.123233995736766e-17+1j);(6.123233995736766e-17+1j) 
 H&E;H&E-MEMBRANOUS    GLOMERULUS  (18).TIF;51;29;-1;201868801.1899465;-1.0;-1.0;14208.054095827003;(6.123233995736766e-17+1j);(6.123233995736766e-17+1j) 
 H&E;H&E-MEMBRANOUS    GLOMERULUS  (19).jpg;62;28;2;94820374.5983162;-1.0;-1.0;9737.575396284035;(6.123233995736766e-17+1j);(6.123233995736766e-17+1j) 
 H&E;H&E-MEMBRANOUS    GLOMERULUS  (2).jpg;62;18;-4;140395925.39388913;-1.0;-1.0;11848.8786555475;(6.123233995736766e-17+1j);(6.123233995736766e-17+1j) 
 H&E;H&E-MEMBRANOUS    GLOMERULUS  (2).TIF;48;23;-3;215072391.09017053;-1.0;-1.0;14665.346606547373;(6.123233995736766e-17+1j);(6.123233995736766e-17+1j) 
 H&E;H&E-MEMBRANOUS    GLOMERULUS  (20).jpg;68;21;1;157158548.64881897;-1.0;-1.0;12536.289269509498;(6.123233995736766e-17+1j);(6.123233995736766e-17+1j) 
 H&E;H&E-MEMBRANOUS    GLOMERULUS  (21).jpg;59;24;-1;116185445.36177444;-1.0;-1.0;10778.93526104385;(6.123233995736766e-17+1j);(6.123233995736766e-17+1j) 
 H&E;H&E-MEMBRANOUS    GLOMERULUS  (22).jpg;66;16;-2;158693684.30398178;-1.0;-1.0;12597.368149894715;(6.123233995736766e-17+1j);(6.123233995736766e-17+1j) 
 H&E;H&E-MEMBRANOUS    GLOMERULUS  (23).jpg;66;16;-2;136805802.308829;-1.0;-1.0;11696.401254609429;(6.123233995736766e-17+1j);(6.123233995736766e-17+1j) 
 H&E;H&E-MEMBRANOUS    GLOMERULUS  (24).jpg;64;25;2;172007188.88409552;-1.0;-1.0;13115.151119376991;(6.123233995736766e-17+1j);(6.123233995736766e-17+1j) 
 H&E;H&E-MEMBRANOUS    GLOMERULUS  (25).jpg;63;25;4;280784433.3041916;-1.0;-1.0;16756.62356515153;(6.123233995736766e-17+1j);(6.123233995736766e-17+1j) 
 H&E;H&E-MEMBRANOUS    GLOMERULUS  (26).jpg;63;15;-1;80293996.86529288;-1.0;-1.0;8960.691762653867;(6.123233995736766e-17+1j);(6.123233995736766e-17+1j) 
 H&E;H&E-MEMBRANOUS    GLOMERULUS  (27).jpg;62;13;-2;85760159.21150716;-1.0;-1.0;9260.678118340316;(6.123233995736766e-17+1j);(6.123233995736766e-17+1j) 
 H&E;H&E-MEMBRANOUS    GLOMERULUS  (28).jpg;62;14;-1;74544835.62146759;-1.0;-1.0;8633.9351179788;(6.123233995736766e-17+1j);(6.123233995736766e-17+1j) 
 H&E;H&E-MEMBRANOUS    GLOMERULUS  (29).jpg;60;17;-1;66973771.24011357;-1.0;-1.0;8183.750438528387;(6.123233995736766e-17+1j);(6.123233995736766e-17+1j) 
 H&E;H&E-MEMBRANOUS    GLOMERULUS  (3).jpg;66;11;-1;175843772.1964531;-1.0;-1.0;13260.609797307705;(6.123233995736766e-17+1j);(6.123233995736766e-17+1j) 
 H&E;H&E-MEMBRANOUS    GLOMERULUS  (3).TIF;50;21;-4;190313186.27326742;-1.0;-1.0;13795.404534600188;(6.123233995736766e-17+1j);(6.123233995736766e-17+1j) 
 H&E;H&E-MEMBRANOUS    GLOMERULUS  (30).jpg;61;12;-4;73308434.73776498;-1.0;-1.0;8562.034497580875;(6.123233995736766e-17+1j);(6.123233995736766e-17+1j) 
 H&E;H&E-MEMBRANOUS    GLOMERULUS  (31).jpg;74;16;5;157042941.34704334;-1.0;-1.0;12531.677515282754;(6.123233995736766e-17+1j);(6.123233995736766e-17+1j) 
 H&E;H&E-MEMBRANOUS    GLOMERULUS  (32).jpg;66;16;0;123115410.80865479;-1.0;-1.0;11095.738407544348;(6.123233995736766e-17+1j);(6.123233995736766e-17+1j) 
 H&E;H&E-MEMBRANOUS    GLOMERULUS  (4).jpg;60;15;-4;110625664.23991139;-1.0;-1.0;10517.873560749405;(6.123233995736766e-17+1j);(6.123233995736766e-17+1j) 
 H&E;H&E-MEMBRANOUS    GLOMERULUS  (4).TIF;46;24;-3;194738599.48429808;-1.0;-1.0;13954.877265110506;(6.123233995736766e-17+1j);(6.123233995736766e-17+1j) 
 H&E;H&E-MEMBRANOUS    GLOMERULUS  (5).jpg;64;12;-3;154563206.7916069;-1.0;-1.0;12432.345184702961;(6.123233995736766e-17+1j);(6.123233995736766e-17+1j) 
 H&E;H&E-MEMBRANOUS    GLOMERULUS  (5).TIF;47;25;-2;200002492.74950758;-1.0;-1.0;14142.223755460369;(6.123233995736766e-17+1j);(6.123233995736766e-17+1j) 
 H&E;H&E-MEMBRANOUS    GLOMERULUS  (6).jpg;65;15;-6;155867400.02861404;-1.0;-1.0;12484.686621161703;(6.123233995736766e-17+1j);(6.123233995736766e-17+1j) 
 H&E;H&E-MEMBRANOUS    GLOMERULUS  (6).TIF;46;25;-2;235400951.07765865;-1.0;-1.0;15342.781725543078;(6.123233995736766e-17+1j);(6.123233995736766e-17+1j) 
 H&E;H&E-MEMBRANOUS    GLOMERULUS  (7).jpg;62;17;-6;148734392.89797848;-1.0;-1.0;12195.671072063993;(6.123233995736766e-17+1j);(6.123233995736766e-17+1j) 
 H&E;H&E-MEMBRANOUS    GLOMERULUS  (7).TIF;45;27;0;220426231.55555058;-1.0;-1.0;14846.75828440507;(6.123233995736766e-17+1j);(6.123233995736766e-17+1j) 
 H&E;H&E-MEMBRANOUS    GLOMERULUS  (8).jpg;55;15;-3;121506462.70177078;-1.0;-1.0;11022.99699273164;(6.123233995736766e-17+1j);(6.123233995736766e-17+1j) 
 H&E;H&E-MEMBRANOUS    GLOMERULUS  (8).TIF;45;28;0;247688890.60777697;-1.0;-1.0;15738.134915159959;(6.123233995736766e-17+1j);(6.123233995736766e-17+1j) 
 H&E;H&E-MEMBRANOUS    GLOMERULUS  (9).jpg;69;15;-1;156482766.42040378;-1.0;-1.0;12509.307191863336;(6.123233995736766e-17+1j);(6.123233995736766e-17+1j) 
 H&E;H&E-MEMBRANOUS    GLOMERULUS  (9).TIF;56;29;-2;322107875.57265604;-1.0;-1.0;17947.364028532324;(6.123233995736766e-17+1j);(6.123233995736766e-17+1j) 
 H&E;H&E-NORMAL  GLOMERULUS    (100).jpg;66;17;1;92156707.18202972;-1.0;-1.0;9599.828497532117;(6.123233995736766e-17+1j);(6.123233995736766e-17+1j) 
 H&E;H&E-NORMAL  GLOMERULUS    (101).jpg;68;14;2;120806814.67917252;-1.0;-1.0;10991.21534131565;(6.123233995736766e-17+1j);(6.123233995736766e-17+1j) 
 H&E;H&E-NORMAL  GLOMERULUS    (102).jpg;70;12;3;118984754.55639648;-1.0;-1.0;10908.013318491892;(6.123233995736766e-17+1j);(6.123233995736766e-17+1j) 
 H&E;H&E-NORMAL  GLOMERULUS    (103).jpg;68;15;1;75471548.16431427;-1.0;-1.0;8687.436225050189;(6.123233995736766e-17+1j);(6.123233995736766e-17+1j) 
 H&E;H&E-NORMAL  GLOMERULUS    (104).jpg;71;11;2;104249768.71886444;-1.0;-1.0;10210.277602438851;(6.123233995736766e-17+1j);(6.123233995736766e-17+1j) 
 H&E;H&E-NORMAL  GLOMERULUS    (105).jpg;68;14;2;73622837.36639276;-1.0;-1.0;8580.375129701077;(6.123233995736766e-17+1j);(6.123233995736766e-17+1j) 
 H&E;H&E-NORMAL  GLOMERULUS    (106).jpg;58;20;0;96183052.13299815;-1.0;-1.0;9807.295862417843;(6.123233995736766e-17+1j);(6.123233995736766e-17+1j) 
 H&E;H&E-NORMAL  GLOMERULUS    (107).jpg;61;19;1;91563714.49006018;-1.0;-1.0;9568.89306503423;(6.123233995736766e-17+1j);(6.123233995736766e-17+1j) 
 H&E;H&E-NORMAL  GLOMERULUS    (108).jpg;62;18;0;112865995.74087524;-1.0;-1.0;10623.840912818454;(6.123233995736766e-17+1j);(6.123233995736766e-17+1j) 
 H&E;H&E-NORMAL  GLOMERULUS    (109).jpg;67;15;1;121157898.81509909;-1.0;-1.0;11007.17487891871;(6.123233995736766e-17+1j);(6.123233995736766e-17+1j) 
 H&E;H&E-NORMAL  GLOMERULUS    (110).jpg;71;13;0;149110262.4005763;-1.0;-1.0;12211.071304376872;(6.123233995736766e-17+1j);(6.123233995736766e-17+1j) 
 H&E;H&E-NORMAL  GLOMERULUS    (111).jpg;58;17;-4;83255484.38482794;-1.0;-1.0;9124.444332934907;(6.123233995736766e-17+1j);(6.123233995736766e-17+1j) 
 H&E;H&E-NORMAL  GLOMERULUS    (112).jpg;58;17;-5;59668985.17609533;-1.0;-1.0;7724.570225979911;(6.123233995736766e-17+1j);(6.123233995736766e-17+1j) 
 H&E;H&E-NORMAL  GLOMERULUS    (113).jpg;62;14;-4;67723810.84030788;-1.0;-1.0;8229.447784651646;(6.123233995736766e-17+1j);(6.123233995736766e-17+1j) 
 H&E;H&E-NORMAL  GLOMERULUS    (114).jpg;63;13;-5;60880283.15702566;-1.0;-1.0;7802.581826358866;(6.123233995736766e-17+1j);(6.123233995736766e-17+1j) 
 H&E;H&E-NORMAL  GLOMERULUS    (115).jpg;65;13;-4;67685025.55456033;-1.0;-1.0;8227.090953341913;(6.123233995736766e-17+1j);(6.123233995736766e-17+1j) 
 H&E;H&E-NORMAL  GLOMERULUS    (116).jpg;62;14;-5;60695726.808385216;-1.0;-1.0;7790.746229237942;(6.123233995736766e-17+1j);(6.123233995736766e-17+1j) 
 H&E;H&E-NORMAL  GLOMERULUS    (117).jpg;60;16;-5;62732587.78555553;-1.0;-1.0;7920.390633394008;(6.123233995736766e-17+1j);(6.123233995736766e-17+1j) 
 H&E;H&E-NORMAL  GLOMERULUS    (118).jpg;62;13;-4;76980869.47191238;-1.0;-1.0;8773.874256673182;(6.123233995736766e-17+1j);(6.123233995736766e-17+1j) 
 H&E;H&E-NORMAL  GLOMERULUS    (234).jpg;67;25;-1;79165411.99094519;-1.0;-1.0;8897.494703058;(6.123233995736766e-17+1j);(6.123233995736766e-17+1j) 
 H&E;H&E-NORMAL  GLOMERULUS    (235).jpg;68;24;-1;96476596.43495941;-1.0;-1.0;9822.250069864818;(6.123233995736766e-17+1j);(6.123233995736766e-17+1j) 
 H&E;H&E-NORMAL  GLOMERULUS    (236).jpg;67;32;1;88865804.5469462;-1.0;-1.0;9426.866104222876;(6.123233995736766e-17+1j);(6.123233995736766e-17+1j) 
 H&E;H&E-NORMAL  GLOMERULUS    (237).jpg;59;22;-3;93388784.33352661;-1.0;-1.0;9663.787266570318;(6.123233995736766e-17+1j);(6.123233995736766e-17+1j) 
 H&E;H&E-NORMAL  GLOMERULUS    (238).jpg;68;26;-1;102039111.43975575;-1.0;-1.0;10101.441057579645;(6.123233995736766e-17+1j);(6.123233995736766e-17+1j) 
 H&E;H&E-NORMAL  GLOMERULUS    (239).jpg;67;28;0;120225443.6888148;-1.0;-1.0;10964.736371149778;(6.123233995736766e-17+1j);(6.123233995736766e-17+1j) 
 H&E;H&E-NORMAL  GLOMERULUS    (240).jpg;64;27;0;81374330.11212668;-1.0;-1.0;9020.772146115136;(6.123233995736766e-17+1j);(6.123233995736766e-17+1j) 
 H&E;H&E-NORMAL  GLOMERULUS    (241).jpg;63;28;1;91003842.18192291;-1.0;-1.0;9539.593397096278;(6.123233995736766e-17+1j);(6.123233995736766e-17+1j) 
 H&E;H&E-NORMAL  GLOMERULUS    (242).jpg;65;24;0;83676697.70613353;-1.0;-1.0;9147.496800006738;(6.123233995736766e-17+1j);(6.123233995736766e-17+1j) 
 H&E;H&E-NORMAL  GLOMERULUS    (243).jpg;69;21;0;117279176.92068355;-1.0;-1.0;10829.55109506777;(6.123233995736766e-17+1j);(6.123233995736766e-17+1j) 
 H&E;H&E-NORMAL  GLOMERULUS    (244).jpg;69;25;0;97716759.99732335;-1.0;-1.0;9885.17880451959;(6.123233995736766e-17+1j);(6.123233995736766e-17+1j) 
 H&E;H&E-NORMAL  GLOMERULUS    (245).jpg;67;33;1;144734602.95031613;-1.0;-1.0;12030.569518951135;(6.123233995736766e-17+1j);(6.123233995736766e-17+1j) 
 H&E;H&E-NORMAL  GLOMERULUS    (246).jpg;67;27;0;85197306.73678589;-1.0;-1.0;9230.238715048808;(6.123233995736766e-17+1j);(6.123233995736766e-17+1j) 
 H&E;H&E-NORMAL  GLOMERULUS    (247).jpg;68;24;0;97455046.57165019;-1.0;-1.0;9871.932261297694;(6.123233995736766e-17+1j);(6.123233995736766e-17+1j) 
 H&E;H&E-NORMAL  GLOMERULUS    (248).jpg;61;17;-3;93695119.14132054;-1.0;-1.0;9679.6239152831;(6.123233995736766e-17+1j);(6.123233995736766e-17+1j) 
 H&E;H&E-NORMAL  GLOMERULUS    (249).jpg;66;27;-2;122550603.51999536;-1.0;-1.0;11070.257608565185;(6.123233995736766e-17+1j);(6.123233995736766e-17+1j) 
 H&E;H&E-NORMAL  GLOMERULUS    (250).jpg;69;22;-3;157068628.91984302;-1.0;-1.0;12532.702378970109;(6.123233995736766e-17+1j);(6.123233995736766e-17+1j) 
 H&E;H&E-NORMAL  GLOMERULUS    (251).jpg;61;19;-4;78151951.9885915;-1.0;-1.0;8840.359268072283;(6.123233995736766e-17+1j);(6.123233995736766e-17+1j) 
 H&E;H&E-NORMAL  GLOMERULUS    (252).jpg;63;22;-10;226834695.95659637;-1.0;-1.0;15061.032366892927;(6.123233995736766e-17+1j);(6.123233995736766e-17+1j) 
 H&E;H&E-NORMAL  GLOMERULUS    (253).jpg;59;39;5;240090084.04703015;-1.0;-1.0;15494.840562168756;(6.123233995736766e-17+1j);(6.123233995736766e-17+1j) 
 H&E;H&E-NORMAL  GLOMERULUS    (254).jpg;57;26;-1;156772596.13655344;-1.0;-1.0;12520.886395800955;(6.123233995736766e-17+1j);(6.123233995736766e-17+1j) 
 H&E;H&E-NORMAL  GLOMERULUS    (255).jpg;47;30;-2;104051236.43695958;-1.0;-1.0;10200.550790862206;(6.123233995736766e-17+1j);(6.123233995736766e-17+1j) 
 H&E;H&E-NORMAL  GLOMERULUS    (256).jpg;55;29;-5;89943648.06058756;-1.0;-1.0;9483.8625074696;(6.123233995736766e-17+1j);(6.123233995736766e-17+1j) 
 H&E;H&E-NORMAL  GLOMERULUS    (257).jpg;68;21;-3;210681517.21899924;-1.0;-1.0;14514.872277047401;(6.123233995736766e-17+1j);(6.123233995736766e-17+1j) 
 H&E;H&E-NORMAL  GLOMERULUS    (258).jpg;56;27;-4;123970126.91452408;-1.0;-1.0;11134.18730372918;(6.123233995736766e-17+1j);(6.123233995736766e-17+1j) 
 H&E;H&E-NORMAL  GLOMERULUS    (259).jpg;59;31;3;114229487.46590677;-1.0;-1.0;10687.819584270066;(6.123233995736766e-17+1j);(6.123233995736766e-17+1j) 
 H&E;H&E-NORMAL  GLOMERULUS    (260).jpg;48;27;4;89073418.0234108;-1.0;-1.0;9437.871477372999;(6.123233995736766e-17+1j);(6.123233995736766e-17+1j) 
 H&E;H&E-NORMAL  GLOMERULUS    (261).jpg;52;25;1;88662677.56155777;-1.0;-1.0;9416.08610631603;(6.123233995736766e-17+1j);(6.123233995736766e-17+1j) 
 H&E;H&E-NORMAL  GLOMERULUS    (262).jpg;67;24;-7;144812634.73289365;-1.0;-1.0;12033.812144656973;(6.123233995736766e-17+1j);(6.123233995736766e-17+1j) 
 H&E;H&E-NORMAL  GLOMERULUS    (263).jpg;48;29;0;51367506.063203976;-1.0;-1.0;7167.112812228085;(6.123233995736766e-17+1j);(6.123233995736766e-17+1j) 
 H&E;H&E-NORMAL  GLOMERULUS    (264).jpg;57;24;-6;56636607.0217932;-1.0;-1.0;7525.729667068384;(6.123233995736766e-17+1j);(6.123233995736766e-17+1j) 
 H&E;H&E-NORMAL  GLOMERULUS    (265).jpg;54;24;-1;44149131.47188774;-1.0;-1.0;6644.481279369198;(6.123233995736766e-17+1j);(6.123233995736766e-17+1j) 
 H&E;H&E-NORMAL  GLOMERULUS    (266).jpg;62;24;-3;49535872.76711677;-1.0;-1.0;7038.172544568424;(6.123233995736766e-17+1j);(6.123233995736766e-17+1j) 
 H&E;H&E-NORMAL  GLOMERULUS    (267).jpg;61;35;-1;105092394.16115823;-1.0;-1.0;10251.458148046951;(6.123233995736766e-17+1j);(6.123233995736766e-17+1j) 
 H&E;H&E-NORMAL  GLOMERULUS    (268).jpg;54;39;-4;64058871.892327964;-1.0;-1.0;8003.678647492537;(6.123233995736766e-17+1j);(6.123233995736766e-17+1j) 
 H&E;H&E-NORMAL  GLOMERULUS    (269).jpg;47;34;5;40487854.21615869;-1.0;-1.0;6363.006696221424;(6.123233995736766e-17+1j);(6.123233995736766e-17+1j) 
 H&E;H&E-NORMAL  GLOMERULUS    (270).jpg;53;32;4;49391495.43852915;-1.0;-1.0;7027.908325990682;(6.123233995736766e-17+1j);(6.123233995736766e-17+1j) 
 H&E;H&E-NORMAL  GLOMERULUS    (271).jpg;47;26;-4;42724570.35634118;-1.0;-1.0;6536.403472578875;(6.123233995736766e-17+1j);(6.123233995736766e-17+1j) 
 H&E;H&E-NORMAL  GLOMERULUS    (272).jpg;44;28;4;50058978.673554495;-1.0;-1.0;7075.237004762066;(6.123233995736766e-17+1j);(6.123233995736766e-17+1j) 
 H&E;H&E-NORMAL  GLOMERULUS    (273).jpg;60;48;9;171668296.95261544;-1.0;-1.0;13102.224885591586;(6.123233995736766e-17+1j);(6.123233995736766e-17+1j) 
 H&E;H&E-NORMAL  GLOMERULUS    (274).jpg;61;46;9;203451546.05845568;-1.0;-1.0;14263.644206809691;(6.123233995736766e-17+1j);(6.123233995736766e-17+1j) 
 H&E;H&E-NORMAL  GLOMERULUS    (275).jpg;43;20;0;30876458.232739083;-1.0;-1.0;5556.65890915927;(6.123233995736766e-17+1j);(6.123233995736766e-17+1j) 
 H&E;H&E-NORMAL  GLOMERULUS    (276).jpg;48;17;-1;35108554.157859094;-1.0;-1.0;5925.2471811612295;(6.123233995736766e-17+1j);(6.123233995736766e-17+1j) 
 H&E;H&E-NORMAL  GLOMERULUS    (277).jpg;49;15;-3;34878848.33316684;-1.0;-1.0;5905.831722388206;(6.123233995736766e-17+1j);(6.123233995736766e-17+1j) 
 H&E;H&E-NORMAL  GLOMERULUS    (278).jpg;58;17;0;140781495.89051363;-1.0;-1.0;11865.137836979124;(6.123233995736766e-17+1j);(6.123233995736766e-17+1j) 
 H&E;H&E-NORMAL  GLOMERULUS    (279).jpg;41;39;-1;62232807.99883789;-1.0;-1.0;7888.77734499066;(6.123233995736766e-17+1j);(6.123233995736766e-17+1j) 
 H&E;H&E-NORMAL  GLOMERULUS    (280).jpg;42;38;-2;70154536.72188802;-1.0;-1.0;8375.830509381623;(6.123233995736766e-17+1j);(6.123233995736766e-17+1j) 
 H&E;H&E-NORMAL  GLOMERULUS    (69).jpg;63;25;1;56869801.656147;-1.0;-1.0;7541.206909782213;(6.123233995736766e-17+1j);(6.123233995736766e-17+1j) 
 H&E;H&E-NORMAL  GLOMERULUS    (70).jpg;65;23;0;62567615.01330693;-1.0;-1.0;7909.969343386037;(6.123233995736766e-17+1j);(6.123233995736766e-17+1j) 
 H&E;H&E-NORMAL  GLOMERULUS    (71).jpg;58;23;1;30879462.723697662;-1.0;-1.0;5556.929253076528;(6.123233995736766e-17+1j);(6.123233995736766e-17+1j) 
 H&E;H&E-NORMAL  GLOMERULUS    (72).jpg;56;24;1;31223698.971084595;-1.0;-1.0;5587.8170130279495;(6.123233995736766e-17+1j);(6.123233995736766e-17+1j) 
 H&E;H&E-NORMAL  GLOMERULUS    (73).jpg;58;23;1;35819204.66942978;-1.0;-1.0;5984.914758743836;(6.123233995736766e-17+1j);(6.123233995736766e-17+1j) 
 H&E;H&E-NORMAL  GLOMERULUS    (74).jpg;57;24;2;36330127.172821045;-1.0;-1.0;6027.447815852166;(6.123233995736766e-17+1j);(6.123233995736766e-17+1j) 
 H&E;H&E-NORMAL  GLOMERULUS    (75).jpg;56;25;2;36521630.24509557;-1.0;-1.0;6043.312853484881;(6.123233995736766e-17+1j);(6.123233995736766e-17+1j) 
 H&E;H&E-NORMAL  GLOMERULUS    (76).jpg;59;21;1;43945769.77459208;-1.0;-1.0;6629.160563343754;(6.123233995736766e-17+1j);(6.123233995736766e-17+1j) 
 H&E;H&E-NORMAL  GLOMERULUS    (77).jpg;59;21;1;33172494.63029353;-1.0;-1.0;5759.556808496078;(6.123233995736766e-17+1j);(6.123233995736766e-17+1j) 
 H&E;H&E-NORMAL  GLOMERULUS    (78).jpg;59;25;2;42367833.10284424;-1.0;-1.0;6509.057773813675;(6.123233995736766e-17+1j);(6.123233995736766e-17+1j) 
 H&E;H&E-NORMAL  GLOMERULUS    (79).jpg;58;26;2;44012047.149814606;-1.0;-1.0;6634.15760664567;(6.123233995736766e-17+1j);(6.123233995736766e-17+1j) 
 H&E;H&E-NORMAL  GLOMERULUS    (80).jpg;62;21;0;58448897.06669108;-1.0;-1.0;7645.187837240565;(6.123233995736766e-17+1j);(6.123233995736766e-17+1j) 
 H&E;H&E-NORMAL  GLOMERULUS    (81).jpg;62;21;0;47190077.65844854;-1.0;-1.0;6869.503450646818;(6.123233995736766e-17+1j);(6.123233995736766e-17+1j) 
 H&E;H&E-NORMAL  GLOMERULUS    (82).jpg;61;22;0;52968851.39185842;-1.0;-1.0;7277.970279676774;(6.123233995736766e-17+1j);(6.123233995736766e-17+1j) 
 H&E;H&E-NORMAL  GLOMERULUS    (83).jpg;58;26;1;44965744.06564076;-1.0;-1.0;6705.650159801118;(6.123233995736766e-17+1j);(6.123233995736766e-17+1j) 
 H&E;H&E-NORMAL  GLOMERULUS    (84).jpg;60;25;1;42268530.72378667;-1.0;-1.0;6501.425284027086;(6.123233995736766e-17+1j);(6.123233995736766e-17+1j) 
 H&E;H&E-NORMAL  GLOMERULUS    (85).jpg;60;24;0;50359148.911167145;-1.0;-1.0;7096.418033851102;(6.123233995736766e-17+1j);(6.123233995736766e-17+1j) 
 H&E;H&E-NORMAL  GLOMERULUS    (86).jpg;60;24;0;45564247.462005615;-1.0;-1.0;6750.129440388948;(6.123233995736766e-17+1j);(6.123233995736766e-17+1j) 
 H&E;H&E-NORMAL  GLOMERULUS    (87).jpg;61;23;0;50715744.11341095;-1.0;-1.0;7121.49872663128;(6.123233995736766e-17+1j);(6.123233995736766e-17+1j) 
 H&E;H&E-NORMAL  GLOMERULUS    (88).jpg;59;25;0;33264421.234849293;-1.0;-1.0;5767.5316414259305;(6.123233995736766e-17+1j);(6.123233995736766e-17+1j) 
 H&E;H&E-NORMAL  GLOMERULUS    (89).jpg;59;25;0;39604363.02488327;-1.0;-1.0;6293.199744556284;(6.123233995736766e-17+1j);(6.123233995736766e-17+1j) 
 H&E;H&E-NORMAL  GLOMERULUS    (90).jpg;68;22;-2;48606887.87326813;-1.0;-1.0;6971.86401712398;(6.123233995736766e-17+1j);(6.123233995736766e-17+1j) 
 H&E;H&E-NORMAL  GLOMERULUS    (91).jpg;68;21;-2;62088222.68606949;-1.0;-1.0;7879.60802870736;(6.123233995736766e-17+1j);(6.123233995736766e-17+1j) 
 H&E;H&E-NORMAL  GLOMERULUS    (92).jpg;61;24;-1;41998593.22881953;-1.0;-1.0;6480.632162746126;(6.123233995736766e-17+1j);(6.123233995736766e-17+1j) 
 H&E;H&E-NORMAL  GLOMERULUS    (93).jpg;63;24;0;35640722.36187744;-1.0;-1.0;5969.985122416759;(6.123233995736766e-17+1j);(6.123233995736766e-17+1j) 
 H&E;H&E-NORMAL  GLOMERULUS    (94).jpg;63;23;-1;51472168.84289551;-1.0;-1.0;7174.410696558673;(6.123233995736766e-17+1j);(6.123233995736766e-17+1j) 
 H&E;H&E-NORMAL  GLOMERULUS    (95).jpg;63;23;-1;49727295.17827352;-1.0;-1.0;7051.7583040170575;(6.123233995736766e-17+1j);(6.123233995736766e-17+1j) 
 H&E;H&E-NORMAL  GLOMERULUS    (96).jpg;62;24;-1;40570961.26877721;-1.0;-1.0;6369.53383449505;(6.123233995736766e-17+1j);(6.123233995736766e-17+1j) 
 H&E;H&E-NORMAL  GLOMERULUS    (97).jpg;64;22;-1;49111053.10707601;-1.0;-1.0;7007.927875419096;(6.123233995736766e-17+1j);(6.123233995736766e-17+1j) 
 H&E;H&E-NORMAL  GLOMERULUS    (98).jpg;62;24;-1;38974947.15118662;-1.0;-1.0;6242.991842953715;(6.123233995736766e-17+1j);(6.123233995736766e-17+1j) 
 H&E;H&E-NORMAL  GLOMERULUS    (99).jpg;62;24;-1;31311631.469373066;-1.0;-1.0;5595.6797146882045;(6.123233995736766e-17+1j);(6.123233995736766e-17+1j) 
 H&E;NORMAL  GLOMERULUS  -  AZAN  (1).jpg;56;20;-10;124711495.35327148;-1.0;-1.0;11167.430114098386;(6.123233995736766e-17+1j);(6.123233995736766e-17+1j) 
 H&E;NORMAL  GLOMERULUS  -  AZAN  (2).jpg;53;22;-9;110126138.85477702;-1.0;-1.0;10494.100192716716;(6.123233995736766e-17+1j);(6.123233995736766e-17+1j) 
 H&E;NORMAL  GLOMERULUS  -  AZAN  (3).jpg;56;21;-9;106422777.66246286;-1.0;-1.0;10316.141607328918;(6.123233995736766e-17+1j);(6.123233995736766e-17+1j) 
 PAMS;PAMS-GLOMERULAR  SCLEROSIS  GLOMERULUS  (1).jpg;71;5;10;98987597.05177054;-1.0;-1.0;9949.251079944186;(6.123233995736766e-17+1j);(6.123233995736766e-17+1j) 
 PAMS;PAMS-GLOMERULAR  SCLEROSIS  GLOMERULUS  (10).jpg;47;1;-6;34821425.90969975;-1.0;-1.0;5900.9682179876;(6.123233995736766e-17+1j);(6.123233995736766e-17+1j) 
 PAMS;PAMS-GLOMERULAR  SCLEROSIS  GLOMERULUS  (11).jpg;48;1;-6;28174163.232105255;-1.0;-1.0;5307.933989049341;(6.123233995736766e-17+1j);(6.123233995736766e-17+1j) 
 PAMS;PAMS-GLOMERULAR  SCLEROSIS  GLOMERULUS  (12).jpg;63;1;-6;39411031.639873505;-1.0;-1.0;6277.820612272503;(6.123233995736766e-17+1j);(6.123233995736766e-17+1j) 
 PAMS;PAMS-GLOMERULAR  SCLEROSIS  GLOMERULUS  (13).jpg;54;5;-8;55794855.323755905;-1.0;-1.0;7469.5953922388535;(6.123233995736766e-17+1j);(6.123233995736766e-17+1j) 
 PAMS;PAMS-GLOMERULAR  SCLEROSIS  GLOMERULUS  (14).jpg;57;3;-7;53722162.278944656;-1.0;-1.0;7329.540386609836;(6.123233995736766e-17+1j);(6.123233995736766e-17+1j) 
 PAMS;PAMS-GLOMERULAR  SCLEROSIS  GLOMERULUS  (15).jpg;51;2;-7;47418361.469841;-1.0;-1.0;6886.099147546527;(6.123233995736766e-17+1j);(6.123233995736766e-17+1j) 
 PAMS;PAMS-GLOMERULAR  SCLEROSIS  GLOMERULUS  (16).jpg;64;0;-4;39289700.76562373;-1.0;-1.0;6268.149708296997;(6.123233995736766e-17+1j);(6.123233995736766e-17+1j) 
 PAMS;PAMS-GLOMERULAR  SCLEROSIS  GLOMERULUS  (17).jpg;59;0;-4;35026268.77063115;-1.0;-1.0;5918.299483012933;(6.123233995736766e-17+1j);(6.123233995736766e-17+1j) 
 PAMS;PAMS-GLOMERULAR  SCLEROSIS  GLOMERULUS  (18).jpg;63;-1;1;68632874.7957662;-1.0;-1.0;8284.496049595666;(6.123233995736766e-17+1j);(6.123233995736766e-17+1j) 
 PAMS;PAMS-GLOMERULAR  SCLEROSIS  GLOMERULUS  (19).jpg;48;0;-2;25868692.65537771;-1.0;-1.0;5086.127471404714;(6.123233995736766e-17+1j);(6.123233995736766e-17+1j) 
 PAMS;PAMS-GLOMERULAR  SCLEROSIS  GLOMERULUS  (2).jpg;77;6;10;45142891.57844162;-1.0;-1.0;6718.8460005005045;(6.123233995736766e-17+1j);(6.123233995736766e-17+1j) 
 PAMS;PAMS-GLOMERULAR  SCLEROSIS  GLOMERULUS  (20).jpg;50;0;-2;35767566.723405205;-1.0;-1.0;5980.59919434543;(6.123233995736766e-17+1j);(6.123233995736766e-17+1j) 
 PAMS;PAMS-GLOMERULAR  SCLEROSIS  GLOMERULUS  (21).jpg;63;1;-5;35420131.960333504;-1.0;-1.0;5951.481492900192;(6.123233995736766e-17+1j);(6.123233995736766e-17+1j) 
 PAMS;PAMS-GLOMERULAR  SCLEROSIS  GLOMERULUS  (22).jpg;60;0;-3;48857174.2777125;-1.0;-1.0;6989.790717733436;(6.123233995736766e-17+1j);(6.123233995736766e-17+1j) 
 PAMS;PAMS-GLOMERULAR  SCLEROSIS  GLOMERULUS  (23).jpg;61;0;-3;28650243.93489456;-1.0;-1.0;5352.59226309034;(6.123233995736766e-17+1j);(6.123233995736766e-17+1j) 
 PAMS;PAMS-GLOMERULAR  SCLEROSIS  GLOMERULUS  (24).jpg;44;1;-2;34363076.89819082;-1.0;-1.0;5862.002806054499;(6.123233995736766e-17+1j);(6.123233995736766e-17+1j) 
 PAMS;PAMS-GLOMERULAR  SCLEROSIS  GLOMERULUS  (25).jpg;61;0;-3;29449441.808094025;-1.0;-1.0;5426.733990909636;(6.123233995736766e-17+1j);(6.123233995736766e-17+1j) 
 PAMS;PAMS-GLOMERULAR  SCLEROSIS  GLOMERULUS  (26).jpg;58;0;5;79278643.20004272;-1.0;-1.0;8903.855524436744;(6.123233995736766e-17+1j);(6.123233995736766e-17+1j) 
 PAMS;PAMS-GLOMERULAR  SCLEROSIS  GLOMERULUS  (27).jpg;69;2;-3;61812330.45453644;-1.0;-1.0;7862.081814286623;(6.123233995736766e-17+1j);(6.123233995736766e-17+1j) 
 PAMS;PAMS-GLOMERULAR  SCLEROSIS  GLOMERULUS  (28).jpg;65;2;-3;80585771.90715027;-1.0;-1.0;8976.957831423197;(6.123233995736766e-17+1j);(6.123233995736766e-17+1j) 
 PAMS;PAMS-GLOMERULAR  SCLEROSIS  GLOMERULUS  (29).jpg;65;2;-3;119802855.97673035;-1.0;-1.0;10945.44909890546;(6.123233995736766e-17+1j);(6.123233995736766e-17+1j) 
 PAMS;PAMS-GLOMERULAR  SCLEROSIS  GLOMERULUS  (3).jpg;67;5;8;66642236.288049065;-1.0;-1.0;8163.469623147321;(6.123233995736766e-17+1j);(6.123233995736766e-17+1j) 
 PAMS;PAMS-GLOMERULAR  SCLEROSIS  GLOMERULUS  (30).jpg;65;2;-3;216839491.9724884;-1.0;-1.0;14725.470857411943;(6.123233995736766e-17+1j);(6.123233995736766e-17+1j) 
 PAMS;PAMS-GLOMERULAR  SCLEROSIS  GLOMERULUS  (31).jpg;55;2;-2;68785788.61896896;-1.0;-1.0;8293.719830026148;(6.123233995736766e-17+1j);(6.123233995736766e-17+1j) 
 PAMS;PAMS-GLOMERULAR  SCLEROSIS  GLOMERULUS  (32).jpg;52;2;-2;55859723.952884674;-1.0;-1.0;7473.93630912685;(6.123233995736766e-17+1j);(6.123233995736766e-17+1j) 
 PAMS;PAMS-GLOMERULAR  SCLEROSIS  GLOMERULUS  (33).jpg;51;2;1;51915646.069319405;-1.0;-1.0;7205.251284259239;(6.123233995736766e-17+1j);(6.123233995736766e-17+1j) 
 PAMS;PAMS-GLOMERULAR  SCLEROSIS  GLOMERULUS  (34).jpg;46;2;1;50094801.01119614;-1.0;-1.0;7077.768081195945;(6.123233995736766e-17+1j);(6.123233995736766e-17+1j) 
 PAMS;PAMS-GLOMERULAR  SCLEROSIS  GLOMERULUS  (35).jpg;48;2;1;68281900.91666412;-1.0;-1.0;8263.286326678031;(6.123233995736766e-17+1j);(6.123233995736766e-17+1j) 
 PAMS;PAMS-GLOMERULAR  SCLEROSIS  GLOMERULUS  (36).jpg;55;2;-2;78140724.22070694;-1.0;-1.0;8839.724216326375;(6.123233995736766e-17+1j);(6.123233995736766e-17+1j) 
 PAMS;PAMS-GLOMERULAR  SCLEROSIS  GLOMERULUS  (37).jpg;64;1;0;75391261.40617624;-1.0;-1.0;8682.81414094395;(6.123233995736766e-17+1j);(6.123233995736766e-17+1j) 
 PAMS;PAMS-GLOMERULAR  SCLEROSIS  GLOMERULUS  (38).jpg;57;1;-2;47240574.89737065;-1.0;-1.0;6873.177932904884;(6.123233995736766e-17+1j);(6.123233995736766e-17+1j) 
 PAMS;PAMS-GLOMERULAR  SCLEROSIS  GLOMERULUS  (39).jpg;50;3;-1;46416476.98931503;-1.0;-1.0;6812.963891678499;(6.123233995736766e-17+1j);(6.123233995736766e-17+1j) 
 PAMS;PAMS-GLOMERULAR  SCLEROSIS  GLOMERULUS  (4).jpg;66;5;8;107053947.79470316;-1.0;-1.0;10346.687769267184;(6.123233995736766e-17+1j);(6.123233995736766e-17+1j) 
 PAMS;PAMS-GLOMERULAR  SCLEROSIS  GLOMERULUS  (40).jpg;67;2;-2;77433163.36869304;-1.0;-1.0;8799.611546465732;(6.123233995736766e-17+1j);(6.123233995736766e-17+1j) 
 PAMS;PAMS-GLOMERULAR  SCLEROSIS  GLOMERULUS  (41).jpg;73;1;-2;72714035.45431265;-1.0;-1.0;8527.252514984686;(6.123233995736766e-17+1j);(6.123233995736766e-17+1j) 
 PAMS;PAMS-GLOMERULAR  SCLEROSIS  GLOMERULUS  (42).jpg;59;1;0;60119305.70518112;-1.0;-1.0;7753.664018074366;(6.123233995736766e-17+1j);(6.123233995736766e-17+1j) 
 PAMS;PAMS-GLOMERULAR  SCLEROSIS  GLOMERULUS  (43).jpg;63;1;0;87787313.48459753;-1.0;-1.0;9369.488432385064;(6.123233995736766e-17+1j);(6.123233995736766e-17+1j) 
 PAMS;PAMS-GLOMERULAR  SCLEROSIS  GLOMERULUS  (44).jpg;57;4;-2;122973728.89559174;-1.0;-1.0;11089.35205030446;(6.123233995736766e-17+1j);(6.123233995736766e-17+1j) 
 PAMS;PAMS-GLOMERULAR  SCLEROSIS  GLOMERULUS  (45).jpg;66;4;1;185066368.33815384;-1.0;-1.0;13603.910038593825;(6.123233995736766e-17+1j);(6.123233995736766e-17+1j) 
 PAMS;PAMS-GLOMERULAR  SCLEROSIS  GLOMERULUS  (46).jpg;71;2;-1;110570446.1949819;-1.0;-1.0;10515.248270724847;(6.123233995736766e-17+1j);(6.123233995736766e-17+1j) 
 PAMS;PAMS-GLOMERULAR  SCLEROSIS  GLOMERULUS  (47).jpg;64;1;1;86338606.3020668;-1.0;-1.0;9291.856988894458;(6.123233995736766e-17+1j);(6.123233995736766e-17+1j) 
 PAMS;PAMS-GLOMERULAR  SCLEROSIS  GLOMERULUS  (48).jpg;63;1;1;70597332.12724432;-1.0;-1.0;8402.221856583194;(6.123233995736766e-17+1j);(6.123233995736766e-17+1j) 
 PAMS;PAMS-GLOMERULAR  SCLEROSIS  GLOMERULUS  (49).jpg;65;1;1;78471451.08940253;-1.0;-1.0;8858.411318594464;(6.123233995736766e-17+1j);(6.123233995736766e-17+1j) 
 PAMS;PAMS-GLOMERULAR  SCLEROSIS  GLOMERULUS  (5).jpg;64;5;8;114313097.29093423;-1.0;-1.0;10691.730322587371;(6.123233995736766e-17+1j);(6.123233995736766e-17+1j) 
 PAMS;PAMS-GLOMERULAR  SCLEROSIS  GLOMERULUS  (50).jpg;77;2;0;105383175.37243018;-1.0;-1.0;10265.630782978227;(6.123233995736766e-17+1j);(6.123233995736766e-17+1j) 
 PAMS;PAMS-GLOMERULAR  SCLEROSIS  GLOMERULUS  (51).jpg;73;4;0;98765972.26543555;-1.0;-1.0;9938.107076573262;(6.123233995736766e-17+1j);(6.123233995736766e-17+1j) 
 PAMS;PAMS-GLOMERULAR  SCLEROSIS  GLOMERULUS  (52).jpg;71;3;1;85817087.26691565;-1.0;-1.0;9263.751252430931;(6.123233995736766e-17+1j);(6.123233995736766e-17+1j) 
 PAMS;PAMS-GLOMERULAR  SCLEROSIS  GLOMERULUS  (53).jpg;72;3;1;137101718.4775022;-1.0;-1.0;11709.044302482684;(6.123233995736766e-17+1j);(6.123233995736766e-17+1j) 
 PAMS;PAMS-GLOMERULAR  SCLEROSIS  GLOMERULUS  (54).jpg;72;4;4;59670176.728583016;-1.0;-1.0;7724.64735302415;(6.123233995736766e-17+1j);(6.123233995736766e-17+1j) 
 PAMS;PAMS-GLOMERULAR  SCLEROSIS  GLOMERULUS  (55).jpg;68;4;3;102339738.41181692;-1.0;-1.0;10116.310513809713;(6.123233995736766e-17+1j);(6.123233995736766e-17+1j) 
 PAMS;PAMS-GLOMERULAR  SCLEROSIS  GLOMERULUS  (56).jpg;58;5;3;78165977.7025795;-1.0;-1.0;8841.152509858626;(6.123233995736766e-17+1j);(6.123233995736766e-17+1j) 
 PAMS;PAMS-GLOMERULAR  SCLEROSIS  GLOMERULUS  (57).jpg;61;5;3;90865782.33224742;-1.0;-1.0;9532.354500974427;(6.123233995736766e-17+1j);(6.123233995736766e-17+1j) 
 PAMS;PAMS-GLOMERULAR  SCLEROSIS  GLOMERULUS  (58).jpg;53;7;2;70935069.74572119;-1.0;-1.0;8422.29599015145;(6.123233995736766e-17+1j);(6.123233995736766e-17+1j) 
 PAMS;PAMS-GLOMERULAR  SCLEROSIS  GLOMERULUS  (59).jpg;60;6;2;51656043.329447426;-1.0;-1.0;7187.213878092639;(6.123233995736766e-17+1j);(6.123233995736766e-17+1j) 
 PAMS;PAMS-GLOMERULAR  SCLEROSIS  GLOMERULUS  (6).jpg;45;9;11;71615658.05936518;-1.0;-1.0;8462.603503613127;(6.123233995736766e-17+1j);(6.123233995736766e-17+1j) 
 PAMS;PAMS-GLOMERULAR  SCLEROSIS  GLOMERULUS  (60).jpg;51;7;1;75064939.78790155;-1.0;-1.0;8664.00252700226;(6.123233995736766e-17+1j);(6.123233995736766e-17+1j) 
 PAMS;PAMS-GLOMERULAR  SCLEROSIS  GLOMERULUS  (61).jpg;62;4;2;107643752.08608246;-1.0;-1.0;10375.150701849225;(6.123233995736766e-17+1j);(6.123233995736766e-17+1j) 
 PAMS;PAMS-GLOMERULAR  SCLEROSIS  GLOMERULUS  (62).jpg;76;5;3;107598570.50822195;-1.0;-1.0;10372.973079509171;(6.123233995736766e-17+1j);(6.123233995736766e-17+1j) 
 PAMS;PAMS-GLOMERULAR  SCLEROSIS  GLOMERULUS  (63).jpg;78;5;4;74516956.17521414;-1.0;-1.0;8632.320439789879;(6.123233995736766e-17+1j);(6.123233995736766e-17+1j) 
 PAMS;PAMS-GLOMERULAR  SCLEROSIS  GLOMERULUS  (64).jpg;61;4;4;68553845.0889066;-1.0;-1.0;8279.724940413576;(6.123233995736766e-17+1j);(6.123233995736766e-17+1j) 
 PAMS;PAMS-GLOMERULAR  SCLEROSIS  GLOMERULUS  (65).jpg;66;5;4;63482578.19761658;-1.0;-1.0;7967.595509161882;(6.123233995736766e-17+1j);(6.123233995736766e-17+1j) 
 PAMS;PAMS-GLOMERULAR  SCLEROSIS  GLOMERULUS  (66).jpg;59;6;3;90964145.80582428;-1.0;-1.0;9537.512558619479;(6.123233995736766e-17+1j);(6.123233995736766e-17+1j) 
 PAMS;PAMS-GLOMERULAR  SCLEROSIS  GLOMERULUS  (67).jpg;48;3;4;97798467.31015523;-1.0;-1.0;9889.310760116461;(6.123233995736766e-17+1j);(6.123233995736766e-17+1j) 
 PAMS;PAMS-GLOMERULAR  SCLEROSIS  GLOMERULUS  (68).jpg;52;3;4;78910047.82552338;-1.0;-1.0;8883.132770904833;(6.123233995736766e-17+1j);(6.123233995736766e-17+1j) 
 PAMS;PAMS-GLOMERULAR  SCLEROSIS  GLOMERULUS  (69).jpg;54;4;5;83602548.52348456;-1.0;-1.0;9143.442925041123;(6.123233995736766e-17+1j);(6.123233995736766e-17+1j) 
 PAMS;PAMS-GLOMERULAR  SCLEROSIS  GLOMERULUS  (7).jpg;62;5;5;21566922.96333941;-1.0;-1.0;4644.020129514881;(6.123233995736766e-17+1j);(6.123233995736766e-17+1j) 
 PAMS;PAMS-GLOMERULAR  SCLEROSIS  GLOMERULUS  (70).jpg;51;3;4;74332977.47015381;-1.0;-1.0;8621.657466528915;(6.123233995736766e-17+1j);(6.123233995736766e-17+1j) 
 PAMS;PAMS-GLOMERULAR  SCLEROSIS  GLOMERULUS  (71).jpg;52;4;4;86614020.89296341;-1.0;-1.0;9306.66540136495;(6.123233995736766e-17+1j);(6.123233995736766e-17+1j) 
 PAMS;PAMS-GLOMERULAR  SCLEROSIS  GLOMERULUS  (72).jpg;56;7;4;78794444.51558813;-1.0;-1.0;8876.623486190463;(6.123233995736766e-17+1j);(6.123233995736766e-17+1j) 
 PAMS;PAMS-GLOMERULAR  SCLEROSIS  GLOMERULUS  (73).jpg;55;7;4;75191418.906456;-1.0;-1.0;8671.29857094403;(6.123233995736766e-17+1j);(6.123233995736766e-17+1j) 
 PAMS;PAMS-GLOMERULAR  SCLEROSIS  GLOMERULUS  (74).jpg;50;7;3;73425434.60629782;-1.0;-1.0;8568.864254164482;(6.123233995736766e-17+1j);(6.123233995736766e-17+1j) 
 PAMS;PAMS-GLOMERULAR  SCLEROSIS  GLOMERULUS  (75).jpg;49;6;3;81826019.60553613;-1.0;-1.0;9045.773576954938;(6.123233995736766e-17+1j);(6.123233995736766e-17+1j) 
 PAMS;PAMS-GLOMERULAR  SCLEROSIS  GLOMERULUS  (76).jpg;67;8;7;60661207.44889958;-1.0;-1.0;7788.5305063856285;(6.123233995736766e-17+1j);(6.123233995736766e-17+1j) 
 PAMS;PAMS-GLOMERULAR  SCLEROSIS  GLOMERULUS  (77).jpg;70;8;8;76540200.15282312;-1.0;-1.0;8748.725630217416;(6.123233995736766e-17+1j);(6.123233995736766e-17+1j) 
 PAMS;PAMS-GLOMERULAR  SCLEROSIS  GLOMERULUS  (78).jpg;58;4;5;93428714.74008815;-1.0;-1.0;9665.853027027058;(6.123233995736766e-17+1j);(6.123233995736766e-17+1j) 
 PAMS;PAMS-GLOMERULAR  SCLEROSIS  GLOMERULUS  (79).jpg;65;7;5;74708685.25296783;-1.0;-1.0;8643.41860914811;(6.123233995736766e-17+1j);(6.123233995736766e-17+1j) 
 PAMS;PAMS-GLOMERULAR  SCLEROSIS  GLOMERULUS  (8).jpg;59;2;-6;22505155.991170082;-1.0;-1.0;4743.95994831007;(6.123233995736766e-17+1j);(6.123233995736766e-17+1j) 
 PAMS;PAMS-GLOMERULAR  SCLEROSIS  GLOMERULUS  (80).jpg;49;6;2;90738956.84948349;-1.0;-1.0;9525.699808910813;(6.123233995736766e-17+1j);(6.123233995736766e-17+1j) 
 PAMS;PAMS-GLOMERULAR  SCLEROSIS  GLOMERULUS  (81).jpg;64;6;6;67557215.418012;-1.0;-1.0;8219.319644472527;(6.123233995736766e-17+1j);(6.123233995736766e-17+1j) 
 PAMS;PAMS-GLOMERULAR  SCLEROSIS  GLOMERULUS  (82).jpg;67;6;4;94283511.6466395;-1.0;-1.0;9709.969703693183;(6.123233995736766e-17+1j);(6.123233995736766e-17+1j) 
 PAMS;PAMS-GLOMERULAR  SCLEROSIS  GLOMERULUS  (83).jpg;59;6;3;106473609.74705887;-1.0;-1.0;10318.605029123795;(6.123233995736766e-17+1j);(6.123233995736766e-17+1j) 
 PAMS;PAMS-GLOMERULAR  SCLEROSIS  GLOMERULUS  (84).jpg;54;5;6;145007720.73825836;-1.0;-1.0;12041.915160731633;(6.123233995736766e-17+1j);(6.123233995736766e-17+1j) 
 PAMS;PAMS-GLOMERULAR  SCLEROSIS  GLOMERULUS  (85).jpg;56;6;5;83687173.61913934;-1.0;-1.0;9148.06939299978;(6.123233995736766e-17+1j);(6.123233995736766e-17+1j) 
 PAMS;PAMS-GLOMERULAR  SCLEROSIS  GLOMERULUS  (86).jpg;51;4;6;101446115.47562282;-1.0;-1.0;10072.046240740896;(6.123233995736766e-17+1j);(6.123233995736766e-17+1j) 
 PAMS;PAMS-GLOMERULAR  SCLEROSIS  GLOMERULUS  (87).jpg;57;5;5;83444785.35051218;-1.0;-1.0;9134.811730436057;(6.123233995736766e-17+1j);(6.123233995736766e-17+1j) 
 PAMS;PAMS-GLOMERULAR  SCLEROSIS  GLOMERULUS  (88).jpg;67;6;7;70621623.79346594;-1.0;-1.0;8403.667282411052;(6.123233995736766e-17+1j);(6.123233995736766e-17+1j) 
 PAMS;PAMS-GLOMERULAR  SCLEROSIS  GLOMERULUS  (89).jpg;64;6;7;84162889.97067133;-1.0;-1.0;9174.033462478286;(6.123233995736766e-17+1j);(6.123233995736766e-17+1j) 
 PAMS;PAMS-GLOMERULAR  SCLEROSIS  GLOMERULUS  (9).jpg;55;5;1;15829871.608828578;-1.0;-1.0;3978.6771179411603;(6.123233995736766e-17+1j);(6.123233995736766e-17+1j) 
 PAMS;PAMS-GLOMERULAR  SCLEROSIS  GLOMERULUS  (90).jpg;52;5;4;82445597.2382698;-1.0;-1.0;9079.955794951306;(6.123233995736766e-17+1j);(6.123233995736766e-17+1j) 
 PAMS;PAMS-GLOMERULAR  SCLEROSIS  GLOMERULUS  (91).jpg;32;3;3;79368378.31502661;-1.0;-1.0;8908.893214930045;(6.123233995736766e-17+1j);(6.123233995736766e-17+1j) 
 PAMS;PAMS-GLOMERULAR  SCLEROSIS  GLOMERULUS  (92).jpg;35;3;3;78939431.6318334;-1.0;-1.0;8884.786527082877;(6.123233995736766e-17+1j);(6.123233995736766e-17+1j) 
 PAMS;PAMS-GLOMERULAR  SCLEROSIS  GLOMERULUS  (93).jpg;72;4;8;75217506.67319617;-1.0;-1.0;8672.802700003971;(6.123233995736766e-17+1j);(6.123233995736766e-17+1j) 
 PAMS;PAMS-MEMBRANOUS  (1).jpg;57;1;-2;32182622.92358271;-1.0;-1.0;5672.973023343467;(6.123233995736766e-17+1j);(6.123233995736766e-17+1j) 
 PAMS;PAMS-MEMBRANOUS  (2).jpg;70;0;3;33584243.61049652;-1.0;-1.0;5795.1914213851915;(6.123233995736766e-17+1j);(6.123233995736766e-17+1j) 
 PAMS;PAMS-MEMBRANOUS  (23).jpg;59;-2;-4;111019898.01770146;-1.0;-1.0;10536.598028666627;(6.123233995736766e-17+1j);(6.123233995736766e-17+1j) 
 PAMS;PAMS-MEMBRANOUS  (24).jpg;56;-2;-4;167263188.58490497;-1.0;-1.0;12933.027046476976;(6.123233995736766e-17+1j);(6.123233995736766e-17+1j) 
 PAMS;PAMS-MEMBRANOUS  (25).jpg;59;0;-3;94808780.28706488;-1.0;-1.0;9736.98003936872;(6.123233995736766e-17+1j);(6.123233995736766e-17+1j) 
 PAMS;PAMS-MEMBRANOUS  (26).jpg;61;-1;-3;74997891.47039923;-1.0;-1.0;8660.132300975501;(6.123233995736766e-17+1j);(6.123233995736766e-17+1j) 
 PAMS;PAMS-MEMBRANOUS  (27).jpg;65;-1;-3;73096760.24333954;-1.0;-1.0;8549.664335126821;(6.123233995736766e-17+1j);(6.123233995736766e-17+1j) 
 PAMS;PAMS-MEMBRANOUS  (28).jpg;50;1;-4;51171015.6616478;-1.0;-1.0;7153.391899067728;(6.123233995736766e-17+1j);(6.123233995736766e-17+1j) 
 PAMS;PAMS-MEMBRANOUS  (29).jpg;54;1;-3;58014307.63861084;-1.0;-1.0;7616.712390435314;(6.123233995736766e-17+1j);(6.123233995736766e-17+1j) 
 PAMS;PAMS-MEMBRANOUS  (3).jpg;62;0;-1;26658487.58991877;-1.0;-1.0;5163.185798508394;(6.123233995736766e-17+1j);(6.123233995736766e-17+1j) 
 PAMS;PAMS-MEMBRANOUS  (30).jpg;53;0;-3;54998592.47874069;-1.0;-1.0;7416.1035914245895;(6.123233995736766e-17+1j);(6.123233995736766e-17+1j) 
 PAMS;PAMS-MEMBRANOUS  (31).jpg;69;-2;3;108714884.7583847;-1.0;-1.0;10426.64302440554;(6.123233995736766e-17+1j);(6.123233995736766e-17+1j) 
 PAMS;PAMS-MEMBRANOUS  (32).jpg;62;1;3;62905757.794565834;-1.0;-1.0;7931.315010423293;(6.123233995736766e-17+1j);(6.123233995736766e-17+1j) 
 PAMS;PAMS-MEMBRANOUS  (33).jpg;57;-1;0;104940694.0460345;-1.0;-1.0;10244.05652298124;(6.123233995736766e-17+1j);(6.123233995736766e-17+1j) 
 PAMS;PAMS-MEMBRANOUS  (34).jpg;55;-1;0;83589377.23523712;-1.0;-1.0;9142.722637991219;(6.123233995736766e-17+1j);(6.123233995736766e-17+1j) 
 PAMS;PAMS-MEMBRANOUS  (35).jpg;61;0;2;84640283.05330911;-1.0;-1.0;9200.015383319156;(6.123233995736766e-17+1j);(6.123233995736766e-17+1j) 
 PAMS;PAMS-MEMBRANOUS  (36).jpg;58;0;1;89815480.98511758;-1.0;-1.0;9477.102984832316;(6.123233995736766e-17+1j);(6.123233995736766e-17+1j) 
 PAMS;PAMS-MEMBRANOUS  (4).jpg;62;-1;-2;105041779.97472382;-1.0;-1.0;10248.98921722156;(6.123233995736766e-17+1j);(6.123233995736766e-17+1j) 
 PAMS;PAMS-MEMBRANOUS  (5).jpg;74;-3;4;116666141.54093933;-1.0;-1.0;10801.210188721416;(6.123233995736766e-17+1j);(6.123233995736766e-17+1j) 
 PAMS;PAMS-MEMBRANOUS  (6).jpg;60;-1;-2;70156950.2183164;-1.0;-1.0;8375.97458319427;(6.123233995736766e-17+1j);(6.123233995736766e-17+1j) 
 PAMS;PAMS-MEMBRANOUS  (7).jpg;61;0;1;104880945.28236899;-1.0;-1.0;10241.139842926128;(6.123233995736766e-17+1j);(6.123233995736766e-17+1j) 
 PAMS;PAMS-NORMAL  GLOMERULUS  (1).jpg;68;4;0;15174037.057317369;-1.0;-1.0;3895.386637718696;(6.123233995736766e-17+1j);(6.123233995736766e-17+1j) 
 PAMS;PAMS-NORMAL  GLOMERULUS  (1).TIF;70;5;0;93020155.70160165;-1.0;-1.0;9644.695728824297;(6.123233995736766e-17+1j);(6.123233995736766e-17+1j) 
 PAMS;PAMS-NORMAL  GLOMERULUS  (10).jpg;68;4;4;28174244.612556458;-1.0;-1.0;5307.941654969133;(6.123233995736766e-17+1j);(6.123233995736766e-17+1j) 
 PAMS;PAMS-NORMAL  GLOMERULUS  (11).jpg;73;0;4;56728162.780966446;-1.0;-1.0;7531.810060069654;(6.123233995736766e-17+1j);(6.123233995736766e-17+1j) 
 PAMS;PAMS-NORMAL  GLOMERULUS  (12).jpg;72;0;4;48380403.75009537;-1.0;-1.0;6955.602328346221;(6.123233995736766e-17+1j);(6.123233995736766e-17+1j) 
 PAMS;PAMS-NORMAL  GLOMERULUS  (13).jpg;72;0;4;51009682.22357051;-1.0;-1.0;7142.106287613656;(6.123233995736766e-17+1j);(6.123233995736766e-17+1j) 
 PAMS;PAMS-NORMAL  GLOMERULUS  (14).jpg;71;6;8;71279707.62119293;-1.0;-1.0;8442.731052283552;(6.123233995736766e-17+1j);(6.123233995736766e-17+1j) 
 PAMS;PAMS-NORMAL  GLOMERULUS  (15).jpg;57;5;6;129933773.68556467;-1.0;-1.0;11398.849665012898;(6.123233995736766e-17+1j);(6.123233995736766e-17+1j) 
 PAMS;PAMS-NORMAL  GLOMERULUS  (16).jpg;71;6;9;68869537.78598022;-1.0;-1.0;8298.767244957544;(6.123233995736766e-17+1j);(6.123233995736766e-17+1j) 
 PAMS;PAMS-NORMAL  GLOMERULUS  (17).jpg;66;6;8;82316780.73737845;-1.0;-1.0;9072.859567819754;(6.123233995736766e-17+1j);(6.123233995736766e-17+1j) 
 PAMS;PAMS-NORMAL  GLOMERULUS  (18).jpg;59;4;7;80725788.97703299;-1.0;-1.0;8984.753139459814;(6.123233995736766e-17+1j);(6.123233995736766e-17+1j) 
 PAMS;PAMS-NORMAL  GLOMERULUS  (19).jpg;71;5;7;62218858.64196905;-1.0;-1.0;7887.893168772574;(6.123233995736766e-17+1j);(6.123233995736766e-17+1j) 
 PAMS;PAMS-NORMAL  GLOMERULUS  (2).jpg;63;5;3;17539107.868371326;-1.0;-1.0;4187.971808449924;(6.123233995736766e-17+1j);(6.123233995736766e-17+1j) 
 PAMS;PAMS-NORMAL  GLOMERULUS  (20).jpg;57;3;2;104241423.65818915;-1.0;-1.0;10209.86893442757;(6.123233995736766e-17+1j);(6.123233995736766e-17+1j) 
 PAMS;PAMS-NORMAL  GLOMERULUS  (21).jpg;73;5;7;62247424.20241038;-1.0;-1.0;7889.703682801425;(6.123233995736766e-17+1j);(6.123233995736766e-17+1j) 
 PAMS;PAMS-NORMAL  GLOMERULUS  (22).jpg;67;6;4;99592479.32084402;-1.0;-1.0;9979.603164497275;(6.123233995736766e-17+1j);(6.123233995736766e-17+1j) 
 PAMS;PAMS-NORMAL  GLOMERULUS  (23).jpg;76;7;7;34458128.36841838;-1.0;-1.0;5870.104630108256;(6.123233995736766e-17+1j);(6.123233995736766e-17+1j) 
 PAMS;PAMS-NORMAL  GLOMERULUS  (24).jpg;61;4;6;107163676.48124568;-1.0;-1.0;10351.989010873498;(6.123233995736766e-17+1j);(6.123233995736766e-17+1j) 
 PAMS;PAMS-NORMAL  GLOMERULUS  (25).jpg;67;6;3;50548640.24669902;-1.0;-1.0;7109.7566939171;(6.123233995736766e-17+1j);(6.123233995736766e-17+1j) 
 PAMS;PAMS-NORMAL  GLOMERULUS  (26).jpg;58;5;4;76517201.60805511;-1.0;-1.0;8747.41113747691;(6.123233995736766e-17+1j);(6.123233995736766e-17+1j) 
 PAMS;PAMS-NORMAL  GLOMERULUS  (27).jpg;49;6;1;71045759.82555261;-1.0;-1.0;8428.864681886442;(6.123233995736766e-17+1j);(6.123233995736766e-17+1j) 
 PAMS;PAMS-NORMAL  GLOMERULUS  (28).jpg;51;5;1;60853680.609568276;-1.0;-1.0;7800.876912858469;(6.123233995736766e-17+1j);(6.123233995736766e-17+1j) 
 PAMS;PAMS-NORMAL  GLOMERULUS  (29).jpg;71;5;0;110987410.79001364;-1.0;-1.0;10535.056278445485;(6.123233995736766e-17+1j);(6.123233995736766e-17+1j) 
 PAMS;PAMS-NORMAL  GLOMERULUS  (3).jpg;64;5;4;26972935.422157288;-1.0;-1.0;5193.547479532394;(6.123233995736766e-17+1j);(6.123233995736766e-17+1j) 
 PAMS;PAMS-NORMAL  GLOMERULUS  (30).jpg;70;6;4;79358895.90879314;-1.0;-1.0;8908.361011364163;(6.123233995736766e-17+1j);(6.123233995736766e-17+1j) 
 PAMS;PAMS-NORMAL  GLOMERULUS  (31).jpg;70;4;3;105076766.63726553;-1.0;-1.0;10250.695909901217;(6.123233995736766e-17+1j);(6.123233995736766e-17+1j) 
 PAMS;PAMS-NORMAL  GLOMERULUS  (32).jpg;72;5;4;112881129.46109772;-1.0;-1.0;10624.553141713666;(6.123233995736766e-17+1j);(6.123233995736766e-17+1j) 
 PAMS;PAMS-NORMAL  GLOMERULUS  (33).jpg;59;4;2;89225916.79231009;-1.0;-1.0;9445.947109332663;(6.123233995736766e-17+1j);(6.123233995736766e-17+1j) 
 PAMS;PAMS-NORMAL  GLOMERULUS  (34).jpg;68;-3;0;82279455.77806982;-1.0;-1.0;9070.80237785334;(6.123233995736766e-17+1j);(6.123233995736766e-17+1j) 
 PAMS;PAMS-NORMAL  GLOMERULUS  (35).jpg;67;0;-5;68574510.1768341;-1.0;-1.0;8280.972779621614;(6.123233995736766e-17+1j);(6.123233995736766e-17+1j) 
 PAMS;PAMS-NORMAL  GLOMERULUS  (4).jpg;63;5;4;17011562.72333272;-1.0;-1.0;4124.507573436218;(6.123233995736766e-17+1j);(6.123233995736766e-17+1j) 
 PAMS;PAMS-NORMAL  GLOMERULUS  (5).jpg;63;5;3;20390973.337889355;-1.0;-1.0;4515.6365373986155;(6.123233995736766e-17+1j);(6.123233995736766e-17+1j) 
 PAMS;PAMS-NORMAL  GLOMERULUS  (6).jpg;62;5;3;17105785.847302753;-1.0;-1.0;4135.914148927992;(6.123233995736766e-17+1j);(6.123233995736766e-17+1j) 
 PAMS;PAMS-NORMAL  GLOMERULUS  (7).jpg;63;6;5;24779893.8628362;-1.0;-1.0;4977.940725122809;(6.123233995736766e-17+1j);(6.123233995736766e-17+1j) 
 PAMS;PAMS-NORMAL  GLOMERULUS  (8).jpg;70;4;4;25857394.858680725;-1.0;-1.0;5085.016701907745;(6.123233995736766e-17+1j);(6.123233995736766e-17+1j) 
 PAMS;PAMS-NORMAL  GLOMERULUS  (9).jpg;69;4;4;22751030.01279577;-1.0;-1.0;4769.803980542153;(6.123233995736766e-17+1j);(6.123233995736766e-17+1j) 
 PAS;PAS-GLOMERULAR  SCLEROSIS  GLOMERULUS  (1).jpg;63;24;8;113946716.04391044;-1.0;-1.0;10674.582710528335;(6.123233995736766e-17+1j);(6.123233995736766e-17+1j) 
 PAS;PAS-GLOMERULAR  SCLEROSIS  GLOMERULUS  (10).jpg;45;17;-9;21929523.476255767;-1.0;-1.0;4682.896910701299;(6.123233995736766e-17+1j);(6.123233995736766e-17+1j) 
 PAS;PAS-GLOMERULAR  SCLEROSIS  GLOMERULUS  (11).jpg;46;16;-9;19539732.074947033;-1.0;-1.0;4420.376915484361;(6.123233995736766e-17+1j);(6.123233995736766e-17+1j) 
 PAS;PAS-GLOMERULAR  SCLEROSIS  GLOMERULUS  (12).jpg;46;17;-9;26301593.184513114;-1.0;-1.0;5128.507890655245;(6.123233995736766e-17+1j);(6.123233995736766e-17+1j) 
 PAS;PAS-GLOMERULAR  SCLEROSIS  GLOMERULUS  (13).jpg;47;15;-8;22846639.13657879;-1.0;-1.0;4779.815805716658;(6.123233995736766e-17+1j);(6.123233995736766e-17+1j) 
 PAS;PAS-GLOMERULAR  SCLEROSIS  GLOMERULUS  (14).jpg;49;15;-8;22284874.46578658;-1.0;-1.0;4720.685804603668;(6.123233995736766e-17+1j);(6.123233995736766e-17+1j) 
 PAS;PAS-GLOMERULAR  SCLEROSIS  GLOMERULUS  (141).jpg;50;17;-5;71611187.90554556;-1.0;-1.0;8462.339387282074;(6.123233995736766e-17+1j);(6.123233995736766e-17+1j) 
 PAS;PAS-GLOMERULAR  SCLEROSIS  GLOMERULUS  (142).jpg;57;18;-8;105920061.30239105;-1.0;-1.0;10291.747242445816;(6.123233995736766e-17+1j);(6.123233995736766e-17+1j) 
 PAS;PAS-GLOMERULAR  SCLEROSIS  GLOMERULUS  (143).jpg;55;14;-4;79951797.85920969;-1.0;-1.0;8941.57692240075;(6.123233995736766e-17+1j);(6.123233995736766e-17+1j) 
 PAS;PAS-GLOMERULAR  SCLEROSIS  GLOMERULUS  (144).jpg;61;18;-8;102818770.0076561;-1.0;-1.0;10139.95907327323;(6.123233995736766e-17+1j);(6.123233995736766e-17+1j) 
 PAS;PAS-GLOMERULAR  SCLEROSIS  GLOMERULUS  (145).jpg;60;17;-9;120569002.9080925;-1.0;-1.0;10980.39174656772;(6.123233995736766e-17+1j);(6.123233995736766e-17+1j) 
 PAS;PAS-GLOMERULAR  SCLEROSIS  GLOMERULUS  (146).jpg;67;12;-9;49223024.00294876;-1.0;-1.0;7015.912200344925;(6.123233995736766e-17+1j);(6.123233995736766e-17+1j) 
 PAS;PAS-GLOMERULAR  SCLEROSIS  GLOMERULUS  (147).jpg;65;12;-6;46058899.04848735;-1.0;-1.0;6786.670689556651;(6.123233995736766e-17+1j);(6.123233995736766e-17+1j) 
 PAS;PAS-GLOMERULAR  SCLEROSIS  GLOMERULUS  (148).jpg;62;18;2;67685247.86033121;-1.0;-1.0;8227.10446392479;(6.123233995736766e-17+1j);(6.123233995736766e-17+1j) 
 PAS;PAS-GLOMERULAR  SCLEROSIS  GLOMERULUS  (149).jpg;65;17;3;65019739.92589315;-1.0;-1.0;8063.4818736010775;(6.123233995736766e-17+1j);(6.123233995736766e-17+1j) 
 PAS;PAS-GLOMERULAR  SCLEROSIS  GLOMERULUS  (15).jpg;48;15;-6;36300178.30952987;-1.0;-1.0;6024.9629301374025;(6.123233995736766e-17+1j);(6.123233995736766e-17+1j) 
 PAS;PAS-GLOMERULAR  SCLEROSIS  GLOMERULUS  (150).jpg;63;18;2;75214494.80544789;-1.0;-1.0;8672.6290596017;(6.123233995736766e-17+1j);(6.123233995736766e-17+1j) 
 PAS;PAS-GLOMERULAR  SCLEROSIS  GLOMERULUS  (151).jpg;64;17;3;68616818.5989558;-1.0;-1.0;8283.526942006998;(6.123233995736766e-17+1j);(6.123233995736766e-17+1j) 
 PAS;PAS-GLOMERULAR  SCLEROSIS  GLOMERULUS  (152).jpg;63;19;3;85049546.10462952;-1.0;-1.0;9222.231080634963;(6.123233995736766e-17+1j);(6.123233995736766e-17+1j) 
 PAS;PAS-GLOMERULAR  SCLEROSIS  GLOMERULUS  (153).jpg;63;19;3;83698996.40838115;-1.0;-1.0;9148.715560579045;(6.123233995736766e-17+1j);(6.123233995736766e-17+1j) 
 PAS;PAS-GLOMERULAR  SCLEROSIS  GLOMERULUS  (154).jpg;71;18;3;92994923.1867625;-1.0;-1.0;9643.387536896073;(6.123233995736766e-17+1j);(6.123233995736766e-17+1j) 
 PAS;PAS-GLOMERULAR  SCLEROSIS  GLOMERULUS  (155).jpg;68;19;-1;101189217.26574326;-1.0;-1.0;10059.28512697315;(6.123233995736766e-17+1j);(6.123233995736766e-17+1j) 
 PAS;PAS-GLOMERULAR  SCLEROSIS  GLOMERULUS  (156).jpg;50;23;-4;101578784.84279633;-1.0;-1.0;10078.630107449937;(6.123233995736766e-17+1j);(6.123233995736766e-17+1j) 
 PAS;PAS-GLOMERULAR  SCLEROSIS  GLOMERULUS  (157).jpg;52;21;-2;109210971.90382893;-1.0;-1.0;10450.405346388672;(6.123233995736766e-17+1j);(6.123233995736766e-17+1j) 
 PAS;PAS-GLOMERULAR  SCLEROSIS  GLOMERULUS  (158).jpg;68;18;3;60216236.52119955;-1.0;-1.0;7759.912146487198;(6.123233995736766e-17+1j);(6.123233995736766e-17+1j) 
 PAS;PAS-GLOMERULAR  SCLEROSIS  GLOMERULUS  (159).jpg;69;17;4;69532625.46583176;-1.0;-1.0;8338.62251608932;(6.123233995736766e-17+1j);(6.123233995736766e-17+1j) 
 PAS;PAS-GLOMERULAR  SCLEROSIS  GLOMERULUS  (16).jpg;65;16;-6;41541774.24285963;-1.0;-1.0;6445.290857894594;(6.123233995736766e-17+1j);(6.123233995736766e-17+1j) 
 PAS;PAS-GLOMERULAR  SCLEROSIS  GLOMERULUS  (160).jpg;69;18;3;65514970.79425304;-1.0;-1.0;8094.131874033993;(6.123233995736766e-17+1j);(6.123233995736766e-17+1j) 
 PAS;PAS-GLOMERULAR  SCLEROSIS  GLOMERULUS  (161).jpg;66;19;0;63381362.17220434;-1.0;-1.0;7961.241245698081;(6.123233995736766e-17+1j);(6.123233995736766e-17+1j) 
 PAS;PAS-GLOMERULAR  SCLEROSIS  GLOMERULUS  (162).jpg;66;19;0;79749305.03189595;-1.0;-1.0;8930.246638917424;(6.123233995736766e-17+1j);(6.123233995736766e-17+1j) 
 PAS;PAS-GLOMERULAR  SCLEROSIS  GLOMERULUS  (163).jpg;66;14;-2;65416099.71984482;-1.0;-1.0;8088.021990563874;(6.123233995736766e-17+1j);(6.123233995736766e-17+1j) 
 PAS;PAS-GLOMERULAR  SCLEROSIS  GLOMERULUS  (164).jpg;77;14;3;72023843.61374411;-1.0;-1.0;8486.686256351422;(6.123233995736766e-17+1j);(6.123233995736766e-17+1j) 
 PAS;PAS-GLOMERULAR  SCLEROSIS  GLOMERULUS  (165).jpg;69;16;3;54041301.218336746;-1.0;-1.0;7351.278883183302;(6.123233995736766e-17+1j);(6.123233995736766e-17+1j) 
 PAS;PAS-GLOMERULAR  SCLEROSIS  GLOMERULUS  (166).jpg;70;14;4;62780785.87227503;-1.0;-1.0;7923.432707625845;(6.123233995736766e-17+1j);(6.123233995736766e-17+1j) 
 PAS;PAS-GLOMERULAR  SCLEROSIS  GLOMERULUS  (167).jpg;72;15;3;91766572.40174356;-1.0;-1.0;9579.48706360333;(6.123233995736766e-17+1j);(6.123233995736766e-17+1j) 
 PAS;PAS-GLOMERULAR  SCLEROSIS  GLOMERULUS  (168).jpg;57;16;-5;95503899.00652695;-1.0;-1.0;9772.609631338342;(6.123233995736766e-17+1j);(6.123233995736766e-17+1j) 
 PAS;PAS-GLOMERULAR  SCLEROSIS  GLOMERULUS  (169).jpg;54;18;-6;104918805.00451405;-1.0;-1.0;10242.98808964035;(6.123233995736766e-17+1j);(6.123233995736766e-17+1j) 
 PAS;PAS-GLOMERULAR  SCLEROSIS  GLOMERULUS  (17).jpg;57;22;-11;54603023.73651711;-1.0;-1.0;7389.385883584448;(6.123233995736766e-17+1j);(6.123233995736766e-17+1j) 
 PAS;PAS-GLOMERULAR  SCLEROSIS  GLOMERULUS  (170).jpg;55;18;-6;90738527.18281937;-1.0;-1.0;9525.67725586057;(6.123233995736766e-17+1j);(6.123233995736766e-17+1j) 
 PAS;PAS-GLOMERULAR  SCLEROSIS  GLOMERULUS  (171).jpg;58;16;-5;89872748.27168529;-1.0;-1.0;9480.12385318279;(6.123233995736766e-17+1j);(6.123233995736766e-17+1j) 
 PAS;PAS-GLOMERULAR  SCLEROSIS  GLOMERULUS  (172).jpg;54;18;-6;101799958.24018478;-1.0;-1.0;10089.59653505455;(6.123233995736766e-17+1j);(6.123233995736766e-17+1j) 
 PAS;PAS-GLOMERULAR  SCLEROSIS  GLOMERULUS  (173).jpg;59;15;-4;142477848.29078165;-1.0;-1.0;11936.408517254327;(6.123233995736766e-17+1j);(6.123233995736766e-17+1j) 
 PAS;PAS-GLOMERULAR  SCLEROSIS  GLOMERULUS  (174).jpg;51;17;-6;94424496.48504385;-1.0;-1.0;9717.22678983278;(6.123233995736766e-17+1j);(6.123233995736766e-17+1j) 
 PAS;PAS-GLOMERULAR  SCLEROSIS  GLOMERULUS  (175).jpg;52;17;-6;84698575.72439194;-1.0;-1.0;9203.182912687977;(6.123233995736766e-17+1j);(6.123233995736766e-17+1j) 
 PAS;PAS-GLOMERULAR  SCLEROSIS  GLOMERULUS  (176).jpg;50;20;-6;74124294.84153874;-1.0;-1.0;8609.54672683404;(6.123233995736766e-17+1j);(6.123233995736766e-17+1j) 
 PAS;PAS-GLOMERULAR  SCLEROSIS  GLOMERULUS  (177).jpg;52;19;-6;82129386.6366806;-1.0;-1.0;9062.526504053967;(6.123233995736766e-17+1j);(6.123233995736766e-17+1j) 
 PAS;PAS-GLOMERULAR  SCLEROSIS  GLOMERULUS  (178).jpg;65;15;-8;55543241.92871094;-1.0;-1.0;7452.7338560229655;(6.123233995736766e-17+1j);(6.123233995736766e-17+1j) 
 PAS;PAS-GLOMERULAR  SCLEROSIS  GLOMERULUS  (179).jpg;64;16;-8;58761228.23860804;-1.0;-1.0;7665.5872729105395;(6.123233995736766e-17+1j);(6.123233995736766e-17+1j) 
 PAS;PAS-GLOMERULAR  SCLEROSIS  GLOMERULUS  (18).jpg;51;18;-3;43587384.01387176;-1.0;-1.0;6602.0742205667275;(6.123233995736766e-17+1j);(6.123233995736766e-17+1j) 
 PAS;PAS-GLOMERULAR  SCLEROSIS  GLOMERULUS  (19).jpg;66;17;-7;41862752.502323136;-1.0;-1.0;6470.1431593376;(6.123233995736766e-17+1j);(6.123233995736766e-17+1j) 
 PAS;PAS-GLOMERULAR  SCLEROSIS  GLOMERULUS  (2).jpg;61;9;-7;137926656.3068308;-1.0;-1.0;11744.217994691293;(6.123233995736766e-17+1j);(6.123233995736766e-17+1j) 
 PAS;PAS-GLOMERULAR  SCLEROSIS  GLOMERULUS  (20).jpg;59;17;-7;31872196.814843245;-1.0;-1.0;5645.546635609633;(6.123233995736766e-17+1j);(6.123233995736766e-17+1j) 
 PAS;PAS-GLOMERULAR  SCLEROSIS  GLOMERULUS  (21).jpg;49;15;-3;30082974.24145838;-1.0;-1.0;5484.794822184179;(6.123233995736766e-17+1j);(6.123233995736766e-17+1j) 
 PAS;PAS-GLOMERULAR  SCLEROSIS  GLOMERULUS  (22).jpg;63;23;-12;174250461.66684085;-1.0;-1.0;13200.39626931104;(6.123233995736766e-17+1j);(6.123233995736766e-17+1j) 
 PAS;PAS-GLOMERULAR  SCLEROSIS  GLOMERULUS  (23).jpg;68;21;-14;166431452.25455603;-1.0;-1.0;12900.83145593942;(6.123233995736766e-17+1j);(6.123233995736766e-17+1j) 
 PAS;PAS-GLOMERULAR  SCLEROSIS  GLOMERULUS  (24).jpg;60;18;-12;110443832.11528015;-1.0;-1.0;10509.226047396647;(6.123233995736766e-17+1j);(6.123233995736766e-17+1j) 
 PAS;PAS-GLOMERULAR  SCLEROSIS  GLOMERULUS  (25).jpg;74;13;-9;175140899.14766693;-1.0;-1.0;13234.08097102579;(6.123233995736766e-17+1j);(6.123233995736766e-17+1j) 
 PAS;PAS-GLOMERULAR  SCLEROSIS  GLOMERULUS  (26).jpg;61;12;-11;117512444.01173148;-1.0;-1.0;10840.315678601406;(6.123233995736766e-17+1j);(6.123233995736766e-17+1j) 
 PAS;PAS-GLOMERULAR  SCLEROSIS  GLOMERULUS  (27).jpg;67;15;-13;97581864.6734937;-1.0;-1.0;9878.353338157818;(6.123233995736766e-17+1j);(6.123233995736766e-17+1j) 
 PAS;PAS-GLOMERULAR  SCLEROSIS  GLOMERULUS  (28).jpg;69;14;-12;99646443.20564651;-1.0;-1.0;9982.306507298126;(6.123233995736766e-17+1j);(6.123233995736766e-17+1j) 
 PAS;PAS-GLOMERULAR  SCLEROSIS  GLOMERULUS  (29).jpg;69;14;-12;87319274.8682073;-1.0;-1.0;9344.478309044722;(6.123233995736766e-17+1j);(6.123233995736766e-17+1j) 
 PAS;PAS-GLOMERULAR  SCLEROSIS  GLOMERULUS  (3).jpg;62;30;4;104424451.80382733;-1.0;-1.0;10218.828298969864;(6.123233995736766e-17+1j);(6.123233995736766e-17+1j) 
 PAS;PAS-GLOMERULAR  SCLEROSIS  GLOMERULUS  (30).jpg;66;16;-14;139346781.97554523;-1.0;-1.0;11804.523792832357;(6.123233995736766e-17+1j);(6.123233995736766e-17+1j) 
 PAS;PAS-GLOMERULAR  SCLEROSIS  GLOMERULUS  (31).jpg;70;14;-12;120015667.6739184;-1.0;-1.0;10955.16625496475;(6.123233995736766e-17+1j);(6.123233995736766e-17+1j) 
 PAS;PAS-GLOMERULAR  SCLEROSIS  GLOMERULUS  (32).jpg;64;17;-13;163654109.03078842;-1.0;-1.0;12792.73657318044;(6.123233995736766e-17+1j);(6.123233995736766e-17+1j) 
 PAS;PAS-GLOMERULAR  SCLEROSIS  GLOMERULUS  (33).jpg;66;12;-13;112246489.48640952;-1.0;-1.0;10594.644377533845;(6.123233995736766e-17+1j);(6.123233995736766e-17+1j) 
 PAS;PAS-GLOMERULAR  SCLEROSIS  GLOMERULUS  (34).jpg;60;12;-11;89599492.04028448;-1.0;-1.0;9465.700821401682;(6.123233995736766e-17+1j);(6.123233995736766e-17+1j) 
 PAS;PAS-GLOMERULAR  SCLEROSIS  GLOMERULUS  (35).jpg;52;17;-13;92664815.68599446;-1.0;-1.0;9626.256576987467;(6.123233995736766e-17+1j);(6.123233995736766e-17+1j) 
 PAS;PAS-GLOMERULAR  SCLEROSIS  GLOMERULUS  (36).jpg;52;17;-14;86308752.74443564;-1.0;-1.0;9290.25041344073;(6.123233995736766e-17+1j);(6.123233995736766e-17+1j) 
 PAS;PAS-GLOMERULAR  SCLEROSIS  GLOMERULUS  (37).jpg;65;16;-17;125143946.66081238;-1.0;-1.0;11186.775525629017;(6.123233995736766e-17+1j);(6.123233995736766e-17+1j) 
 PAS;PAS-GLOMERULAR  SCLEROSIS  GLOMERULUS  (38).jpg;66;18;-19;158833542.9099083;-1.0;-1.0;12602.918031547626;(6.123233995736766e-17+1j);(6.123233995736766e-17+1j) 
 PAS;PAS-GLOMERULAR  SCLEROSIS  GLOMERULUS  (39).jpg;56;15;-11;96668808.32533138;-1.0;-1.0;9832.029715441842;(6.123233995736766e-17+1j);(6.123233995736766e-17+1j) 
 PAS;PAS-GLOMERULAR  SCLEROSIS  GLOMERULUS  (4).jpg;64;13;-8;19705375.580377735;-1.0;-1.0;4439.073730000183;(6.123233995736766e-17+1j);(6.123233995736766e-17+1j) 
 PAS;PAS-GLOMERULAR  SCLEROSIS  GLOMERULUS  (40).jpg;55;15;-11;95741064.30434673;-1.0;-1.0;9784.736292018642;(6.123233995736766e-17+1j);(6.123233995736766e-17+1j) 
 PAS;PAS-GLOMERULAR  SCLEROSIS  GLOMERULUS  (41).jpg;73;7;-5;82620145.2248281;-1.0;-1.0;9089.562433078288;(6.123233995736766e-17+1j);(6.123233995736766e-17+1j) 
 PAS;PAS-GLOMERULAR  SCLEROSIS  GLOMERULUS  (42).jpg;76;14;-11;138354474.74788666;-1.0;-1.0;11762.417895479086;(6.123233995736766e-17+1j);(6.123233995736766e-17+1j) 
 PAS;PAS-GLOMERULAR  SCLEROSIS  GLOMERULUS  (43).jpg;64;14;-9;122144543.98480606;-1.0;-1.0;11051.902279010888;(6.123233995736766e-17+1j);(6.123233995736766e-17+1j) 
 PAS;PAS-GLOMERULAR  SCLEROSIS  GLOMERULUS  (44).jpg;61;15;-10;97572759.9890302;-1.0;-1.0;9877.892487217614;(6.123233995736766e-17+1j);(6.123233995736766e-17+1j) 
 PAS;PAS-GLOMERULAR  SCLEROSIS  GLOMERULUS  (45).jpg;72;14;-7;90131366.10784657;-1.0;-1.0;9493.754057686905;(6.123233995736766e-17+1j);(6.123233995736766e-17+1j) 
 PAS;PAS-GLOMERULAR  SCLEROSIS  GLOMERULUS  (46).jpg;74;12;-7;81365391.70447287;-1.0;-1.0;9020.276697777783;(6.123233995736766e-17+1j);(6.123233995736766e-17+1j) 
 PAS;PAS-GLOMERULAR  SCLEROSIS  GLOMERULUS  (47).jpg;77;12;-5;63288556.35897827;-1.0;-1.0;7955.410508514207;(6.123233995736766e-17+1j);(6.123233995736766e-17+1j) 
 PAS;PAS-GLOMERULAR  SCLEROSIS  GLOMERULUS  (48).jpg;84;13;-10;99878470.90631612;-1.0;-1.0;9993.921698028063;(6.123233995736766e-17+1j);(6.123233995736766e-17+1j) 
 PAS;PAS-GLOMERULAR  SCLEROSIS  GLOMERULUS  (49).jpg;73;13;-7;57544920.897782646;-1.0;-1.0;7585.836862059627;(6.123233995736766e-17+1j);(6.123233995736766e-17+1j) 
 PAS;PAS-GLOMERULAR  SCLEROSIS  GLOMERULUS  (5).jpg;49;12;-10;25498169.123112664;-1.0;-1.0;5049.571182101769;(6.123233995736766e-17+1j);(6.123233995736766e-17+1j) 
 PAS;PAS-GLOMERULAR  SCLEROSIS  GLOMERULUS  (50).jpg;73;14;-7;55157376.364618935;-1.0;-1.0;7426.801220217149;(6.123233995736766e-17+1j);(6.123233995736766e-17+1j) 
 PAS;PAS-GLOMERULAR  SCLEROSIS  GLOMERULUS  (6).jpg;80;17;-15;49732702.09892258;-1.0;-1.0;7052.141667530693;(6.123233995736766e-17+1j);(6.123233995736766e-17+1j) 
 PAS;PAS-GLOMERULAR  SCLEROSIS  GLOMERULUS  (7).jpg;62;19;-20;34588677.72793191;-1.0;-1.0;5881.213967195201;(6.123233995736766e-17+1j);(6.123233995736766e-17+1j) 
 PAS;PAS-GLOMERULAR  SCLEROSIS  GLOMERULUS  (8).jpg;38;16;-5;23793102.35283134;-1.0;-1.0;4877.817375920437;(6.123233995736766e-17+1j);(6.123233995736766e-17+1j) 
 PAS;PAS-GLOMERULAR  SCLEROSIS  GLOMERULUS  (9).jpg;43;12;-3;35637843.48159931;-1.0;-1.0;5969.744004695621;(6.123233995736766e-17+1j);(6.123233995736766e-17+1j) 
 PAS;PAS-NORMAL  GLOMERULUS  (1).jpg;44;14;2;39431471.327708334;-1.0;-1.0;6279.4483298860205;(6.123233995736766e-17+1j);(6.123233995736766e-17+1j) 
 PAS;PAS-NORMAL  GLOMERULUS  (1).TIF;63;16;-8;368495262.03736246;-1.0;-1.0;19196.230412176305;(6.123233995736766e-17+1j);(6.123233995736766e-17+1j) 
 PAS;PAS-NORMAL  GLOMERULUS  (100).jpg;68;10;-6;136864727.3052063;-1.0;-1.0;11698.919920454464;(6.123233995736766e-17+1j);(6.123233995736766e-17+1j) 
 PAS;PAS-NORMAL  GLOMERULUS  (101).jpg;74;7;-10;125006072.46289954;-1.0;-1.0;11180.61145299753;(6.123233995736766e-17+1j);(6.123233995736766e-17+1j) 
 PAS;PAS-NORMAL  GLOMERULUS  (102).jpg;76;7;-8;92248551.07814789;-1.0;-1.0;9604.61092799432;(6.123233995736766e-17+1j);(6.123233995736766e-17+1j) 
 PAS;PAS-NORMAL  GLOMERULUS  (103).jpg;59;8;-6;45084806.87058767;-1.0;-1.0;6714.5220880258985;(6.123233995736766e-17+1j);(6.123233995736766e-17+1j) 
 PAS;PAS-NORMAL  GLOMERULUS  (104).jpg;63;9;-6;69299359.11418025;-1.0;-1.0;8324.623662015014;(6.123233995736766e-17+1j);(6.123233995736766e-17+1j) 
 PAS;PAS-NORMAL  GLOMERULUS  (105).jpg;67;21;-13;52340160.90781216;-1.0;-1.0;7234.65001971845;(6.123233995736766e-17+1j);(6.123233995736766e-17+1j) 
 PAS;PAS-NORMAL  GLOMERULUS  (106).jpg;63;19;-10;24857889.96737221;-1.0;-1.0;4985.768743872123;(6.123233995736766e-17+1j);(6.123233995736766e-17+1j) 
 PAS;PAS-NORMAL  GLOMERULUS  (107).jpg;54;16;-5;18395581.691231094;-1.0;-1.0;4289.007075213457;(6.123233995736766e-17+1j);(6.123233995736766e-17+1j) 
 PAS;PAS-NORMAL  GLOMERULUS  (108).jpg;53;17;-6;19027326.995497882;-1.0;-1.0;4362.032438611373;(6.123233995736766e-17+1j);(6.123233995736766e-17+1j) 
 PAS;PAS-NORMAL  GLOMERULUS  (109).jpg;78;15;-15;77442189.42184483;-1.0;-1.0;8800.124398089201;(6.123233995736766e-17+1j);(6.123233995736766e-17+1j) 
 PAS;PAS-NORMAL  GLOMERULUS  (110).jpg;64;26;5;78146815.54334949;-1.0;-1.0;8840.068752184538;(6.123233995736766e-17+1j);(6.123233995736766e-17+1j) 
 PAS;PAS-NORMAL  GLOMERULUS  (111).jpg;66;8;6;36580899.65723892;-1.0;-1.0;6048.214584258641;(6.123233995736766e-17+1j);(6.123233995736766e-17+1j) 
 PAS;PAS-NORMAL  GLOMERULUS  (2).jpg;65;13;-3;130816778.1442833;-1.0;-1.0;11437.516257662031;(6.123233995736766e-17+1j);(6.123233995736766e-17+1j) 
 PAS;PAS-NORMAL  GLOMERULUS  (2).TIF;69;16;-8;371757202.901818;-1.0;-1.0;19281.006273061008;(6.123233995736766e-17+1j);(6.123233995736766e-17+1j) 
 PAS;PAS-NORMAL  GLOMERULUS  (3).jpg;63;14;-4;119912313.09525554;-1.0;-1.0;10950.448077373616;(6.123233995736766e-17+1j);(6.123233995736766e-17+1j) 
 PAS;PAS-NORMAL  GLOMERULUS  (3).TIF;67;17;-9;292989056.79038143;-1.0;-1.0;17116.923111072898;(6.123233995736766e-17+1j);(6.123233995736766e-17+1j) 
 PAS;PAS-NORMAL  GLOMERULUS  (4).jpg;68;11;-2;58018501.68689728;-1.0;-1.0;7616.987704263233;(6.123233995736766e-17+1j);(6.123233995736766e-17+1j) 
 PAS;PAS-NORMAL  GLOMERULUS  (4).TIF;72;14;-7;416103789.5155455;-1.0;-1.0;20398.62224552299;(6.123233995736766e-17+1j);(6.123233995736766e-17+1j) 
 PAS;PAS-NORMAL  GLOMERULUS  (5).jpg;69;11;-2;62742935.77581024;-1.0;-1.0;7921.043856450376;(6.123233995736766e-17+1j);(6.123233995736766e-17+1j) 
 PAS;PAS-NORMAL  GLOMERULUS  (5).TIF;66;17;-8;422746637.3984105;-1.0;-1.0;20560.80342297962;(6.123233995736766e-17+1j);(6.123233995736766e-17+1j) 
 PAS;PAS-NORMAL  GLOMERULUS  (6).jpg;64;14;-4;102930963.33863577;-1.0;-1.0;10145.48980279591;(6.123233995736766e-17+1j);(6.123233995736766e-17+1j) 
 PAS;PAS-NORMAL  GLOMERULUS  (62).jpg;70;14;-1;65800666.81182734;-1.0;-1.0;8111.761017918818;(6.123233995736766e-17+1j);(6.123233995736766e-17+1j) 
 PAS;PAS-NORMAL  GLOMERULUS  (63).jpg;66;16;-6;114952138.58625412;-1.0;-1.0;10721.573512607845;(6.123233995736766e-17+1j);(6.123233995736766e-17+1j) 
 PAS;PAS-NORMAL  GLOMERULUS  (64).jpg;68;15;-4;100859147.91192117;-1.0;-1.0;10042.865522943199;(6.123233995736766e-17+1j);(6.123233995736766e-17+1j) 
 PAS;PAS-NORMAL  GLOMERULUS  (65).jpg;71;16;-2;94813146.44190216;-1.0;-1.0;9737.204241562471;(6.123233995736766e-17+1j);(6.123233995736766e-17+1j) 
 PAS;PAS-NORMAL  GLOMERULUS  (66).jpg;62;20;-3;76743043.14776993;-1.0;-1.0;8760.310676441215;(6.123233995736766e-17+1j);(6.123233995736766e-17+1j) 
 PAS;PAS-NORMAL  GLOMERULUS  (67).jpg;62;20;-3;91459919.90363567;-1.0;-1.0;9563.46798518381;(6.123233995736766e-17+1j);(6.123233995736766e-17+1j) 
 PAS;PAS-NORMAL  GLOMERULUS  (68).jpg;65;20;-2;83703652.70522435;-1.0;-1.0;9148.970035212944;(6.123233995736766e-17+1j);(6.123233995736766e-17+1j) 
 PAS;PAS-NORMAL  GLOMERULUS  (69).jpg;64;22;-3;98464672.30231857;-1.0;-1.0;9922.936677330888;(6.123233995736766e-17+1j);(6.123233995736766e-17+1j) 
 PAS;PAS-NORMAL  GLOMERULUS  (70).jpg;76;14;1;102994137.03328831;-1.0;-1.0;10148.60271334376;(6.123233995736766e-17+1j);(6.123233995736766e-17+1j) 
 PAS;PAS-NORMAL  GLOMERULUS  (71).jpg;67;20;-2;87671340.07730992;-1.0;-1.0;9363.297500203116;(6.123233995736766e-17+1j);(6.123233995736766e-17+1j) 
 PAS;PAS-NORMAL  GLOMERULUS  (72).jpg;63;19;-7;137211528.2618103;-1.0;-1.0;11713.73246500919;(6.123233995736766e-17+1j);(6.123233995736766e-17+1j) 
 PAS;PAS-NORMAL  GLOMERULUS  (73).jpg;66;18;-5;155113965.77013144;-1.0;-1.0;12454.47573244781;(6.123233995736766e-17+1j);(6.123233995736766e-17+1j) 
 PAS;PAS-NORMAL  GLOMERULUS  (74).jpg;68;18;-4;161952953.5421524;-1.0;-1.0;12726.073767747554;(6.123233995736766e-17+1j);(6.123233995736766e-17+1j) 
 PAS;PAS-NORMAL  GLOMERULUS  (75).jpg;68;17;-4;149943285.7699369;-1.0;-1.0;12245.133146272314;(6.123233995736766e-17+1j);(6.123233995736766e-17+1j) 
 PAS;PAS-NORMAL  GLOMERULUS  (76).jpg;62;20;-2;136129808.46470517;-1.0;-1.0;11667.46795430376;(6.123233995736766e-17+1j);(6.123233995736766e-17+1j) 
 PAS;PAS-NORMAL  GLOMERULUS  (77).jpg;72;20;-3;122664614.77382152;-1.0;-1.0;11075.405851426915;(6.123233995736766e-17+1j);(6.123233995736766e-17+1j) 
 PAS;PAS-NORMAL  GLOMERULUS  (78).jpg;67;15;-4;67945261.73343532;-1.0;-1.0;8242.89158811611;(6.123233995736766e-17+1j);(6.123233995736766e-17+1j) 
 PAS;PAS-NORMAL  GLOMERULUS  (79).jpg;70;16;-2;49899662.93557994;-1.0;-1.0;7063.969347015879;(6.123233995736766e-17+1j);(6.123233995736766e-17+1j) 
 PAS;PAS-NORMAL  GLOMERULUS  (80).jpg;74;18;-4;67676233.09163539;-1.0;-1.0;8226.556575605337;(6.123233995736766e-17+1j);(6.123233995736766e-17+1j) 
 PAS;PAS-NORMAL  GLOMERULUS  (81).jpg;69;16;-4;81948698.22946295;-1.0;-1.0;9052.55202854217;(6.123233995736766e-17+1j);(6.123233995736766e-17+1j) 
 PAS;PAS-NORMAL  GLOMERULUS  (82).jpg;70;16;-3;63149173.48246638;-1.0;-1.0;7946.645423225223;(6.123233995736766e-17+1j);(6.123233995736766e-17+1j) 
 PAS;PAS-NORMAL  GLOMERULUS  (83).jpg;75;17;-5;68832730.91730244;-1.0;-1.0;8296.549337965902;(6.123233995736766e-17+1j);(6.123233995736766e-17+1j) 
 PAS;PAS-NORMAL  GLOMERULUS  (84).jpg;70;17;-3;125389974.47412872;-1.0;-1.0;11197.766494892128;(6.123233995736766e-17+1j);(6.123233995736766e-17+1j) 
 PAS;PAS-NORMAL  GLOMERULUS  (85).jpg;72;15;-3;118081377.46569698;-1.0;-1.0;10866.52554709632;(6.123233995736766e-17+1j);(6.123233995736766e-17+1j) 
 PAS;PAS-NORMAL  GLOMERULUS  (86).jpg;72;17;-3;83947492.98607509;-1.0;-1.0;9162.286449684658;(6.123233995736766e-17+1j);(6.123233995736766e-17+1j) 
 PAS;PAS-NORMAL  GLOMERULUS  (87).jpg;73;18;-6;80855462.25185266;-1.0;-1.0;8991.96653974272;(6.123233995736766e-17+1j);(6.123233995736766e-17+1j) 
 PAS;PAS-NORMAL  GLOMERULUS  (88).jpg;70;18;-6;77946959.61701965;-1.0;-1.0;8828.757535294513;(6.123233995736766e-17+1j);(6.123233995736766e-17+1j) 
 PAS;PAS-NORMAL  GLOMERULUS  (89).jpg;72;17;-5;68109268.15997568;-1.0;-1.0;8252.83394719509;(6.123233995736766e-17+1j);(6.123233995736766e-17+1j) 
 PAS;PAS-NORMAL  GLOMERULUS  (90).jpg;73;16;-4;86461585.00844319;-1.0;-1.0;9298.472186786557;(6.123233995736766e-17+1j);(6.123233995736766e-17+1j) 
 PAS;PAS-NORMAL  GLOMERULUS  (91).jpg;72;17;-5;104767948.70662816;-1.0;-1.0;10235.621559369423;(6.123233995736766e-17+1j);(6.123233995736766e-17+1j) 
 PAS;PAS-NORMAL  GLOMERULUS  (92).jpg;71;15;-5;113494178.52817154;-1.0;-1.0;10653.364657617401;(6.123233995736766e-17+1j);(6.123233995736766e-17+1j) 
 PAS;PAS-NORMAL  GLOMERULUS  (93).jpg;77;14;-3;67694587.54083252;-1.0;-1.0;8227.672060846404;(6.123233995736766e-17+1j);(6.123233995736766e-17+1j) 
 PAS;PAS-NORMAL  GLOMERULUS  (94).jpg;67;14;-5;73326659.78864796;-1.0;-1.0;8563.098725849653;(6.123233995736766e-17+1j);(6.123233995736766e-17+1j) 
 PAS;PAS-NORMAL  GLOMERULUS  (95).jpg;74;10;-6;53501135.420619965;-1.0;-1.0;7314.447034507801;(6.123233995736766e-17+1j);(6.123233995736766e-17+1j) 
 PAS;PAS-NORMAL  GLOMERULUS  (96).jpg;72;10;-10;106981459.17373657;-1.0;-1.0;10343.184189297635;(6.123233995736766e-17+1j);(6.123233995736766e-17+1j) 
 PAS;PAS-NORMAL  GLOMERULUS  (97).jpg;74;15;-8;76057210.03047815;-1.0;-1.0;8721.078490099613;(6.123233995736766e-17+1j);(6.123233995736766e-17+1j) 
 PAS;PAS-NORMAL  GLOMERULUS  (98).jpg;63;13;-10;89345345.76819992;-1.0;-1.0;9452.266700014337;(6.123233995736766e-17+1j);(6.123233995736766e-17+1j) 
 PAS;PAS-NORMAL  GLOMERULUS  (99).jpg;80;13;-8;119752583.79591623;-1.0;-1.0;10943.152370131571;(6.123233995736766e-17+1j);(6.123233995736766e-17+1j) 
